,Product Name,Sale & Actual Price,Raview & Rattings,Offer,Camera,Memory,Battery,Display,Ratting Number
0,"realme P4x 5G (Lake Green, 128 GB)","₹16,499₹17,9998% off","7,161 Ratings & 549 Reviews",8% off,50MP + 2MP | 8MP Front Camera,6 GB RAM | 128 GB ROM,7000 mAh Battery,17.07 cm (6.72 inch) Full HD+ Display,4.4
1,"Coolpad CP12 Neo (Gold, 64 GB)","₹7,299₹9,99927% off",,27% off,13MP Rear Camera | 5MP Front Camera,8 GB RAM | 64 GB ROM | Expandable Upto 512 GB,5000 mAh Battery,16.66 cm (6.56 inch) Display,
2,"MOTOROLA g06 power (Pantone tapestry, 64 GB)","₹7,999₹9,99920% off","6,394 Ratings & 382 Reviews",20% off,50MP Rear Camera | 8MP Front Camera,4 GB RAM | 64 GB ROM | Expandable Upto 1 TB,7000 mAh Battery,17.48 cm (6.88 inch) HD+ Display,4.3
3,"MOTOROLA g06 power (Pantone Laurel Oak, 64 GB)","₹7,999₹9,99920% off","6,394 Ratings & 382 Reviews",20% off,50MP Rear Camera | 8MP Front Camera,4 GB RAM | 64 GB ROM | Expandable Upto 1 TB,7000 mAh Battery,17.48 cm (6.88 inch) HD+ Display,4.3
4,"MOTOROLA g06 power (Pantone Tendril, 64 GB)","₹7,999₹9,99920% off","6,394 Ratings & 382 Reviews",20% off,50MP Rear Camera | 8MP Front Camera,4 GB RAM | 64 GB ROM | Expandable Upto 1 TB,7000 mAh Battery,17.48 cm (6.88 inch) HD+ Display,4.3
5,"MOTOROLA g57 power 5G (Pantone Fluidity, 128 GB)","₹13,999₹17,99922% off","16,678 Ratings & 906 Reviews",22% off,50MP + 8MP | 8MP Front Camera,8 GB RAM | 128 GB ROM,7000 mAh Battery,17.07 cm (6.72 inch) Full HD+ Display,4.4
6,"Samsung Galaxy F06 5G (Bahama Blue, 64 GB)","₹8,999₹12,49928% off","40,373 Ratings & 2,384 Reviews",28% off,50MP + 2MP | 8MP Front Camera,4 GB RAM | 64 GB ROM | Expandable Upto 1500 GB,5000 mAh Battery,17.02 cm (6.7 inch) HD+ Display,4.2
7,"POCO C75 5G (Silver Stardust, 64 GB)","₹8,499₹10,99922% off","1,53,570 Ratings & 6,712 Reviews",22% off,50MP Rear Camera | 5MP Front Camera,4 GB RAM | 64 GB ROM | Expandable Upto 1 TB,5160 mAh Battery,17.48 cm (6.88 inch) HD+ Display,4.2
8,"Ai+ Pulse (Black, 128 GB)","₹7,499₹9,99925% off","6,922 Ratings & 406 Reviews",25% off,50MP Rear Camera | 5MP Front Camera,6 GB RAM | 128 GB ROM | Expandable Upto 1 TB,5000 mAh Battery,17.13 cm (6.745 inch) HD+ Display,4.1
9,"POCO C75 5G (Aqua Bliss, 128 GB)","₹9,499₹11,49917% off","1,53,570 Ratings & 6,712 Reviews",17% off,50MP Rear Camera | 5MP Front Camera,4 GB RAM | 128 GB ROM | Expandable Upto 1 TB,5160 mAh Battery,17.48 cm (6.88 inch) HD+ Display,4.2
10,"POCO C71 (Power Black, 64 GB)","₹7,799₹8,99913% off","57,971 Ratings & 2,557 Reviews",13% off,32MP Rear Camera | 8MP Front Camera,4 GB RAM | 64 GB ROM | Expandable Upto 2 TB,5200 mAh Battery,17.48 cm (6.88 inch) HD+ Display,3.9
11,"Ai+ Pulse (Sparkle Red, 64 GB)","₹6,999₹7,99912% off","44,538 Ratings & 2,650 Reviews",12% off,50MP Rear Camera | 5MP Front Camera,4 GB RAM | 64 GB ROM | Expandable Upto 1 TB,5000 mAh Battery,17.13 cm (6.745 inch) HD+ Display,4.3
12,Samsung Guru Music 2 B310ED,"₹943₹1,99852% off","31,559 Ratings & 2,117 Reviews",52% off,0MP | 0MP Front Camera,32 MB RAM | 32 MB ROM | Expandable Upto 100 MB,800 mAh Battery,4.57 cm (1.8 inch) VGA Display,3.1
13,"Samsung Galaxy F06 5G (Lit Violet, 64 GB)","₹8,999₹12,49928% off","40,373 Ratings & 2,384 Reviews",28% off,50MP + 2MP | 8MP Front Camera,4 GB RAM | 64 GB ROM | Expandable Upto 1500 GB,5000 mAh Battery,17.02 cm (6.7 inch) HD+ Display,4.2
14,"POCO C75 5G (Enchanted Green, 64 GB)","₹8,499₹10,99922% off","1,53,570 Ratings & 6,712 Reviews",22% off,50MP Rear Camera | 5MP Front Camera,4 GB RAM | 64 GB ROM | Expandable Upto 1 TB,5160 mAh Battery,17.48 cm (6.88 inch) HD+ Display,4.2
15,"POCO C71 (Power Black, 128 GB)","₹8,799₹9,99912% off","33,722 Ratings & 1,570 Reviews",12% off,32MP Rear Camera | 8MP Front Camera,6 GB RAM | 128 GB ROM | Expandable Upto 2 TB,5200 mAh Battery,17.48 cm (6.88 inch) HD+ Display,4.1
16,"vivo T4 Lite 5G Charger in the Box (Prism Blue, 128 GB)","₹12,999₹14,99913% off","60,553 Ratings & 1,861 Reviews",13% off,50MP + 2MP | 5MP Front Camera,6 GB RAM | 128 GB ROM | Expandable Upto 2 TB,6000 mAh Battery,17.12 cm (6.74 inch) HD+ Display,4.4
17,"vivo T4 Lite 5G Charger in the Box (Prism Blue, 64 GB)","₹10,999₹12,99915% off","44,918 Ratings & 1,300 Reviews",15% off,50MP + 2MP | 5MP Front Camera,4 GB RAM | 64 GB ROM | Expandable Upto 2 TB,6000 mAh Battery,17.12 cm (6.74 inch) HD+ Display,4.4
18,"POCO C71 (Cool Blue, 128 GB)","₹8,799₹9,99912% off","33,722 Ratings & 1,570 Reviews",12% off,32MP Rear Camera | 8MP Front Camera,6 GB RAM | 128 GB ROM | Expandable Upto 2 TB,5200 mAh Battery,17.48 cm (6.88 inch) HD+ Display,4.1
19,"Ai+ Pulse (Black, 64 GB)","₹6,999₹7,99912% off","44,538 Ratings & 2,650 Reviews",12% off,50MP Rear Camera | 5MP Front Camera,4 GB RAM | 64 GB ROM | Expandable Upto 1 TB,5000 mAh Battery,17.13 cm (6.745 inch) HD+ Display,4.3
20,Samsung Guru Music 2 B310ED,"₹775₹1,79856% off","31,559 Ratings & 2,117 Reviews",56% off,0MP | 0MP Front Camera,32 MB RAM | 32 MB ROM | Expandable Upto 100 MB,800 mAh Battery,4.57 cm (1.8 inch) VGA Display,3.1
21,"vivo T4 Lite 5G Charger in the Box (Prism Blue, 256 GB)","₹14,999₹16,99911% off","22,914 Ratings & 988 Reviews",11% off,50MP + 2MP | 5MP Front Camera,8 GB RAM | 256 GB ROM | Expandable Upto 2 TB,6000 mAh Battery,17.12 cm (6.74 inch) HD+ Display,4.3
22,"REDMI A4 (Starry Black, 128 GB)","₹10,569₹11,99911% off","14,848 Ratings & 618 Reviews",11% off,50MP Rear Camera,4 GB RAM | 128 GB ROM,5160 mAh Battery,17.48 cm (6.88 inch) Display,4.3
23,"Ai+ Nova 5G (Pink, 128 GB)","₹8,999₹10,99918% off","25,287 Ratings & 1,590 Reviews",18% off,50MP Rear Camera | 5MP Front Camera,6 GB RAM | 128 GB ROM | Expandable Upto 1 TB,5000 mAh Battery,17.13 cm (6.745 inch) HD+ Display,4.2
24,"Samsung Galaxy F07 (Green, 64 GB)","₹7,499₹9,99925% off","3,899 Ratings & 194 Reviews",25% off,50MP + 2MP | 8MP Front Camera,4 GB RAM | 64 GB ROM | Expandable Upto 2 TB,5000 mAh Battery,17.02 cm (6.7 inch) HD+ Display,4.3
25,"vivo T4x 5G (Marine Blue, 256 GB)","₹18,499₹20,99911% off","1,58,575 Ratings & 7,418 Reviews",11% off,50MP + 2MP | 8MP Front Camera,8 GB RAM | 256 GB ROM,6500 mAh Battery,17.07 cm (6.72 inch) Display,4.4
26,"realme P4x 5G (Lake Green, 128 GB)","₹16,499₹17,9998% off","7,161 Ratings & 549 Reviews",8% off,50MP + 2MP | 8MP Front Camera,6 GB RAM | 128 GB ROM,7000 mAh Battery,17.07 cm (6.72 inch) Full HD+ Display,4.4
27,"Coolpad CP12 Neo (Gold, 64 GB)","₹7,299₹9,99927% off",,27% off,13MP Rear Camera | 5MP Front Camera,8 GB RAM | 64 GB ROM | Expandable Upto 512 GB,5000 mAh Battery,16.66 cm (6.56 inch) Display,
28,"vivo T4x 5G (Pronto Purple, 128 GB)","₹16,499₹19,49915% off","1,58,575 Ratings & 7,418 Reviews",15% off,50MP + 2MP | 8MP Front Camera,8 GB RAM | 128 GB ROM,6500 mAh Battery,17.07 cm (6.72 inch) Display,4.4
29,"realme C71 (Sea Blue, 128 GB)","₹9,699₹10,99911% off","9,030 Ratings & 336 Reviews",11% off,13MP Rear Camera | 5MP Front Camera,6 GB RAM | 128 GB ROM | Expandable Upto 2 TB,6300 mAh Battery,17.14 cm (6.75 inch) HD+ Display,4.2
30,"realme P3x 5G (Lunar Silver, 128 GB)","₹12,999₹16,99923% off","73,678 Ratings & 2,827 Reviews",23% off,50MP Rear Camera | 8MP Front Camera,6 GB RAM | 128 GB ROM,6000 mAh Battery,17.07 cm (6.72 inch) Full HD Display,4.4
31,"realme Narzo 80 Lite 4G (Beach Gold, 128 GB)","₹9,499₹10,99913% off","1,683 Ratings & 84 Reviews",13% off,32MP Rear Camera,6 GB RAM | 128 GB ROM,6300 mAh Battery,17.12 cm (6.74 inch) HD+ Display,4.3
32,Samsung SM-B310 EZBAPKS,"₹898₹1,89952% off","1,176 Ratings & 71 Reviews",52% off,0MP | 0MP Front Camera,100 MB RAM | 100 MB ROM | Expandable Upto 100 MB,800 mAh Battery,4.57 cm (1.8 inch) VGA Display,3.1
33,"Ai+ Pulse (Blue, 64 GB)","₹6,999₹7,99912% off","44,538 Ratings & 2,650 Reviews",12% off,50MP Rear Camera | 5MP Front Camera,4 GB RAM | 64 GB ROM | Expandable Upto 1 TB,5000 mAh Battery,17.13 cm (6.745 inch) HD+ Display,4.3
34,"REDMI Note 14 SE 5G (Crimson Art, 128 GB)","₹13,999₹19,99930% off","27,089 Ratings & 1,188 Reviews",30% off,50MP + 8MP + 2MP | 20MP Front Camera,6 GB RAM | 128 GB ROM,5110 mAh Battery,16.94 cm (6.67 inch) Full HD+ Display,4.3
35,"POCO C75 5G (Aqua Bliss, 64 GB)","₹8,499₹10,99922% off","1,53,570 Ratings & 6,712 Reviews",22% off,50MP Rear Camera | 5MP Front Camera,4 GB RAM | 64 GB ROM | Expandable Upto 1 TB,5160 mAh Battery,17.48 cm (6.88 inch) HD+ Display,4.2
36,"MOTOROLA g05 (Forest Green, 64 GB)","₹7,299₹9,99927% off","79,805 Ratings & 4,779 Reviews",27% off,50MP Rear Camera | 8MP Front Camera,4 GB RAM | 64 GB ROM | Expandable Upto 1 TB,5100 mAh Battery,16.94 cm (6.67 inch) HD+ Display,4.2
37,LAVA A2 Smart,"₹1,198₹1,54922% off",570 Ratings & 34 Reviews,22% off,1.3MP + 0MP | 0MP Front Camera,4 MB RAM | 24 MB ROM | Expandable Upto 32 GB,1200 mAh Battery,6.1 cm (2.4 inch) HVGA Display,4
38,"realme C61 (Marble Black, 64 GB)","₹7,249₹8,99919% off","44,186 Ratings & 1,448 Reviews",19% off,32MP Rear Camera | 5MP Front Camera,4 GB RAM | 64 GB ROM | Expandable Upto 2 TB,5000 mAh Battery,17.13 cm (6.745 inch) HD+ Display,4.3
39,"realme Narzo 80 Lite 5G (Onyx Black, 128 GB)","₹11,442₹13,99918% off",797 Ratings & 43 Reviews,18% off,32MP Rear Camera,4 GB RAM | 128 GB ROM,6000 mAh Battery,16.94 cm (6.67 inch) Display,4.3
40,"POCO M7 5G (Mint Green, 128 GB)","₹10,799₹12,99916% off","75,020 Ratings & 3,468 Reviews",16% off,50MP Rear Camera | 8MP Front Camera,6 GB RAM | 128 GB ROM | Expandable Upto 1 TB,5160 mAh Battery,17.48 cm (6.88 inch) HD+ Display,4.1
41,"POCO M7 5G (Satin Black, 128 GB)","₹10,799₹12,99916% off","75,020 Ratings & 3,468 Reviews",16% off,50MP Rear Camera | 8MP Front Camera,6 GB RAM | 128 GB ROM | Expandable Upto 1 TB,5160 mAh Battery,17.48 cm (6.88 inch) HD+ Display,4.1
42,"Ai+ Pulse (Green, 128 GB)","₹7,499₹9,99925% off","6,922 Ratings & 406 Reviews",25% off,50MP Rear Camera | 5MP Front Camera,6 GB RAM | 128 GB ROM | Expandable Upto 1 TB,5000 mAh Battery,17.13 cm (6.745 inch) HD+ Display,4.1
43,"vivo T4x 5G (Pronto Purple, 128 GB)","₹15,499₹17,99913% off","2,10,240 Ratings & 9,148 Reviews",13% off,50MP + 2MP | 8MP Front Camera,6 GB RAM | 128 GB ROM,6500 mAh Battery,17.07 cm (6.72 inch) Display,4.5
44,"REDMI A4 (Sparkle Purple, 128 GB)","₹10,376₹11,99913% off","14,848 Ratings & 618 Reviews",13% off,50MP Rear Camera,4 GB RAM | 128 GB ROM,5160 mAh Battery,17.48 cm (6.88 inch) Display,4.3
45,"MOTOROLA g67 power 5G (Pantone Parachute, 128 GB)","₹15,999₹18,99915% off","8,022 Ratings & 446 Reviews",15% off,50MP + 8MP | 32MP Front Camera,8 GB RAM | 128 GB ROM,7000 mAh Battery,17.02 cm (6.7 inch) Full HD+ Display,4.4
46,"MOTOROLA G96 5G (Pantone Dresden Blue, 256 GB)","₹18,999₹22,99917% off","87,695 Ratings & 4,418 Reviews",17% off,50MP + 8MP | 32MP Front Camera,8 GB RAM | 256 GB ROM,5500 mAh Battery,16.94 cm (6.67 inch) Full HD+ Display,4.4
47,"MOTOROLA g57 power 5G (Pantone Regatta, 128 GB)","₹13,999₹17,99922% off","16,678 Ratings & 906 Reviews",22% off,50MP + 8MP | 8MP Front Camera,8 GB RAM | 128 GB ROM,7000 mAh Battery,17.07 cm (6.72 inch) Full HD+ Display,4.4
48,"vivo T4x 5G (Glacial Teal, 128 GB)","₹15,499₹17,99913% off","2,10,240 Ratings & 9,148 Reviews",13% off,50MP + 2MP | 8MP Front Camera,6 GB RAM | 128 GB ROM,6500 mAh Battery,17.07 cm (6.72 inch) Display,4.5
49,"Ai+ Pulse (Sparkle Red, 128 GB)","₹7,499₹9,99925% off","6,922 Ratings & 406 Reviews",25% off,50MP Rear Camera | 5MP Front Camera,6 GB RAM | 128 GB ROM | Expandable Upto 1 TB,5000 mAh Battery,17.13 cm (6.745 inch) HD+ Display,4.1
50,"Coolpad CP12 Neo (Blue, 64 GB)","₹7,299₹9,99927% off",,27% off,13MP Rear Camera | 5MP Front Camera,8 GB RAM | 64 GB ROM | Expandable Upto 512 GB,5000 mAh Battery,16.66 cm (6.56 inch) Display,
51,"IQOO Z10 Lite 5G (Cyber Green, 128 GB)","₹13,055₹14,99912% off","3,309 Ratings & 136 Reviews",12% off,50MP Rear Camera,6 GB RAM | 128 GB ROM,6000 mAh Battery,17.12 cm (6.74 inch) Display,4.3
52,"Samsung Galaxy F06 5G (Lit Violet, 128 GB)","₹9,999₹13,99928% off","40,373 Ratings & 2,384 Reviews",28% off,50MP + 2MP | 8MP Front Camera,4 GB RAM | 128 GB ROM | Expandable Upto 1500 GB,5000 mAh Battery,17.02 cm (6.7 inch) HD+ Display,4.2
53,"POCO M7 5G (Ocean Blue, 128 GB)","₹10,799₹12,99916% off","75,020 Ratings & 3,468 Reviews",16% off,50MP Rear Camera | 8MP Front Camera,6 GB RAM | 128 GB ROM | Expandable Upto 1 TB,5160 mAh Battery,17.48 cm (6.88 inch) HD+ Display,4.1
54,"POCO M7 Pro 5G (Lavender Frost, 128 GB)","₹13,499₹18,99928% off","37,585 Ratings & 2,682 Reviews",28% off,50MP + 2MP | 20MP Front Camera,6 GB RAM | 128 GB ROM,5110 mAh Battery,16.94 cm (6.67 inch) Full HD+ Display,4.3
55,"IQOO Z10 Lite 5G (Titanium Blue, 128 GB)","₹12,137₹13,99913% off","2,387 Ratings & 94 Reviews",13% off,50MP Rear Camera,4 GB RAM | 128 GB ROM,6000 mAh Battery,17.12 cm (6.74 inch) Display,4.2
56,"vivo T4x 5G (Marine Blue, 128 GB)","₹15,499₹17,99913% off","2,10,240 Ratings & 9,148 Reviews",13% off,50MP + 2MP | 8MP Front Camera,6 GB RAM | 128 GB ROM,6500 mAh Battery,17.07 cm (6.72 inch) Display,4.5
57,"Ai+ Pulse (Purple, 64 GB)","₹6,999₹7,99912% off","44,538 Ratings & 2,650 Reviews",12% off,50MP Rear Camera | 5MP Front Camera,4 GB RAM | 64 GB ROM | Expandable Upto 1 TB,5000 mAh Battery,17.13 cm (6.745 inch) HD+ Display,4.3
58,"Nothing Phone (3a) Pro (Grey, 256 GB)","₹31,999₹34,9998% off","13,583 Ratings & 1,018 Reviews",8% off,50MP (Main) + 50MP (3X Periscope)+ 8MP (Ultra-Wide) | 50MP Front Camera,8 GB RAM | 256 GB ROM,5000 mAh Battery,43.66 cm (17.19 cm) Full HD+ Display,4.5
59,"Samsung Galaxy F06 5G (Bahama Blue, 128 GB)","₹10,999₹15,49929% off","21,133 Ratings & 1,335 Reviews",29% off,50MP + 2MP | 8MP Front Camera,6 GB RAM | 128 GB ROM | Expandable Upto 1500 GB,5000 mAh Battery,17.02 cm (6.7 inch) HD+ Display,4.2
60,"CMF by Nothing Phone 2 Pro (Light Green, 128 GB)","₹17,999₹22,99921% off","73,700 Ratings & 5,058 Reviews",21% off,50MP + 50MP + 8MP | 16MP Front Camera,8 GB RAM | 128 GB ROM | Expandable Upto 2 TB,5000 mAh Battery,17.2 cm (6.77 inch) Display,4.4
61,"vivo T4x 5G (Glacial Teal, 128 GB)","₹16,499₹19,49915% off","1,58,575 Ratings & 7,418 Reviews",15% off,50MP + 2MP | 8MP Front Camera,8 GB RAM | 128 GB ROM,6500 mAh Battery,17.07 cm (6.72 inch) Display,4.4
62,"Samsung Galaxy F06 5G (Lit Violet, 128 GB)","₹10,999₹15,49929% off","21,133 Ratings & 1,335 Reviews",29% off,50MP + 2MP | 8MP Front Camera,6 GB RAM | 128 GB ROM | Expandable Upto 1500 GB,5000 mAh Battery,17.02 cm (6.7 inch) HD+ Display,4.2
63,FONEME FM-2 F316,₹499₹99950% off,345 Ratings & 14 Reviews,50% off,0.3MP Rear Camera,8 MB RAM | 16 MB ROM,1000 mAh Battery,4.57 cm (1.8 inch) Display,3.6
64,"MOTOROLA G96 5G (Pantone Greener Pastures, 256 GB)","₹18,999₹22,99917% off","87,695 Ratings & 4,418 Reviews",17% off,50MP + 8MP | 32MP Front Camera,8 GB RAM | 256 GB ROM,5500 mAh Battery,16.94 cm (6.67 inch) Full HD+ Display,4.4
65,"Tecno Spark Go 1 (Magic Skin Green, 64 GB)","₹7,299₹8,99918% off","6,605 Ratings & 314 Reviews",18% off,13MP Rear Camera | 8MP Front Camera,4 GB RAM | 64 GB ROM | Expandable Upto 1 TB,5000 mAh Battery,16.94 cm (6.67 inch) Display,4.3
66,"vivo T4 Lite 5G Charger in the Box (Titanium Gold, 128 GB)","₹11,999₹13,99914% off","44,918 Ratings & 1,300 Reviews",14% off,50MP + 2MP | 5MP Front Camera,4 GB RAM | 128 GB ROM | Expandable Upto 2 TB,6000 mAh Battery,17.12 cm (6.74 inch) HD+ Display,4.4
67,"realme Narzo 80 Lite 4G (Obsidian Black, 64 GB)","₹8,497₹8,9995% off","2,181 Ratings & 84 Reviews",5% off,32MP Rear Camera,4 GB RAM | 64 GB ROM,6300 mAh Battery,17.12 cm (6.74 inch) HD+ Display,4.3
68,LAVA A1 Josh,"₹999₹1,39928% off","22,836 Ratings & 2,136 Reviews",28% off,0MP | 0MP Front Camera,4 MB RAM | 2 MB ROM | Expandable Upto 32 GB,1000 mAh Battery,5.08 cm (2 inch) HVGA Display,4.2
69,"Tecno Spark Go 2 (Titanium Grey, 64 GB)","₹7,499₹8,99916% off","2,501 Ratings & 150 Reviews",16% off,13MP Rear Camera,4 GB RAM | 64 GB ROM | Expandable Upto 1 TB,5000 mAh Lithium Polymer Battery,16.94 cm (6.67 inch) Display,4.3
70,"REDMI A4 (Sparkle Purple, 128 GB)","₹11,990₹12,9997% off","2,231 Ratings & 78 Reviews",7% off,50MP + 50MP | 5MP Dual Front Camera,6 GB RAM | 128 GB ROM,5160 mAh Battery,17.48 cm (6.88 inch) Display,4.2
71,"REDMI 14C 5G (Stardust Purple, 128 GB)","₹10,499₹13,99925% off","9,171 Ratings & 453 Reviews",25% off,50MP Rear Camera | 8MP Front Camera,4 GB RAM | 128 GB ROM | Expandable Upto 1 TB,5160 mAh Battery,17.48 cm (6.88 inch) HD+ Display,4.2
72,"REDMI Note 14 SE 5G (Titan Black, 128 GB)","₹13,999₹19,99930% off","27,089 Ratings & 1,188 Reviews",30% off,50MP + 8MP + 2MP | 20MP Front Camera,6 GB RAM | 128 GB ROM,5110 mAh Battery,16.94 cm (6.67 inch) Full HD+ Display,4.3
73,"vivo T4 Lite 5G Charger in the Box (Titanium Gold, 256 GB)","₹14,999₹16,99911% off","22,914 Ratings & 988 Reviews",11% off,50MP + 2MP | 5MP Front Camera,8 GB RAM | 256 GB ROM | Expandable Upto 2 TB,6000 mAh Battery,17.12 cm (6.74 inch) HD+ Display,4.3
74,"REDMI A4 (Starry Black, 128 GB)","₹11,477₹12,99911% off","2,231 Ratings & 78 Reviews",11% off,50MP + 50MP | 5MP Dual Front Camera,6 GB RAM | 128 GB ROM,5160 mAh Battery,17.48 cm (6.88 inch) Display,4.2
75,"Acer Super ZX 5G (Carbon Black, 128 GB)","₹10,699₹21,99951% off",61 Ratings & 5 Reviews,51% off,64MP Rear Camera,8 GB RAM | 128 GB ROM,5000 mAh Battery,17.02 cm (6.7 inch) Display,3.9
76,"Coolpad CP12 Neo (Gold, 64 GB)","₹7,299₹9,99927% off",,27% off,13MP Rear Camera | 5MP Front Camera,8 GB RAM | 64 GB ROM | Expandable Upto 512 GB,5000 mAh Battery,16.66 cm (6.56 inch) Display,
77,"vivo T4 Lite 5G Charger in the Box (Titanium Gold, 64 GB)","₹10,999₹12,99915% off","44,918 Ratings & 1,300 Reviews",15% off,50MP + 2MP | 5MP Front Camera,4 GB RAM | 64 GB ROM | Expandable Upto 2 TB,6000 mAh Battery,17.12 cm (6.74 inch) HD+ Display,4.4
78,"MOTOROLA Edge 60 Fusion 5G (PANTONE Amazonite, 256 GB)","₹22,999₹25,99911% off","1,23,143 Ratings & 6,345 Reviews",11% off,50MP + 13MP | 32MP Front Camera,8 GB RAM | 256 GB ROM | Expandable Upto 1 TB,5500 mAh Battery,16.94 cm (6.67 inch) Display,4.4
79,"POCO M7 5G (Ocean Blue, 128 GB)","₹11,799₹13,99915% off","16,767 Ratings & 794 Reviews",15% off,50MP Rear Camera | 8MP Front Camera,8 GB RAM | 128 GB ROM | Expandable Upto 1 TB,5160 mAh Battery,17.48 cm (6.88 inch) HD+ Display,4.3
80,"MOTOROLA g35 5G (Leaf Green, 128 GB)","₹11,999₹12,4994% off","1,25,085 Ratings & 7,606 Reviews",4% off,50MP + 8MP | 16MP Front Camera,4 GB RAM | 128 GB ROM | Expandable Upto 1 TB,5000 mAh Battery,17.07 cm (6.72 inch) Full HD+ Display,4.2
81,"MOTOROLA g35 5G (Midnight Black, 128 GB)","₹11,999₹12,4994% off","1,25,085 Ratings & 7,606 Reviews",4% off,50MP + 8MP | 16MP Front Camera,4 GB RAM | 128 GB ROM | Expandable Upto 1 TB,5000 mAh Battery,17.07 cm (6.72 inch) Full HD+ Display,4.2
82,leysky hotline A26 mini Magic Voice Phone,"₹777₹1,29940% off",7 Ratings & 1 Reviews,40% off,800 mAh Battery,16 MB RAM | 16 MB ROM | Expandable Upto 16 GB,Mediatek Processor,1.68 cm (0.66 inch) NA Display,3.7
83,"MOTOROLA g35 5G (Midnight Black, 128 GB)","₹12,999₹15,49916% off","8,730 Ratings & 419 Reviews",16% off,50MP + 8MP | 16MP Front Camera,8 GB RAM | 128 GB ROM | Expandable Upto 1 TB,5000 mAh Battery,17.07 cm (6.72 inch) Full HD+ Display,4.2
84,"POCO M7 Plus 5G (Aqua Blue, 128 GB)","₹12,999₹15,99918% off","1,767 Ratings & 120 Reviews",18% off,50MP Rear Camera,4 GB RAM | 128 GB ROM | Expandable Upto 2 TB,7000 mAh Battery,17.53 cm (6.9 inch) Display,4.1
85,"POCO C71 (Desert Gold, 128 GB)","₹8,799₹9,99912% off","33,722 Ratings & 1,570 Reviews",12% off,32MP Rear Camera | 8MP Front Camera,6 GB RAM | 128 GB ROM | Expandable Upto 2 TB,5200 mAh Battery,17.48 cm (6.88 inch) HD+ Display,4.1
86,Nokia All-New 105 Single Sim Keypad Phone with Built-in UPI Payments,"₹1,259₹1,59921% off","1,06,497 Ratings & 6,795 Reviews",21% off,0MP | 0MP Front Camera,32 MB RAM | 32 MB ROM,1000 mAh Battery,4.5 cm (1.77 inch) Display,3.7
87,"realme C71 (Sea Blue, 64 GB)","₹8,990₹8,999","1,031 Ratings & 35 Reviews",No Offer,13MP Rear Camera | 5MP Front Camera,4 GB RAM | 64 GB ROM | Expandable Upto 2 TB,6300 mAh Battery,17.14 cm (6.75 inch) HD+ Display,4.3
88,"realme P4x 5G (Lake Green, 256 GB)","₹19,999₹20,9994% off","2,359 Ratings & 201 Reviews",4% off,50MP + 2MP | 8MP Front Camera,8 GB RAM | 256 GB ROM,7000 mAh Battery,17.07 cm (6.72 inch) Full HD+ Display,4.3
89,"POCO M7 Pro 5G (Lunar Dust, 128 GB)","₹13,499₹18,99928% off","37,585 Ratings & 2,682 Reviews",28% off,50MP + 2MP | 20MP Front Camera,6 GB RAM | 128 GB ROM,5110 mAh Battery,16.94 cm (6.67 inch) Full HD+ Display,4.3
90,"vivo T4x 5G (Pronto Purple, 256 GB)","₹18,499₹20,99911% off","1,58,575 Ratings & 7,418 Reviews",11% off,50MP + 2MP | 8MP Front Camera,8 GB RAM | 256 GB ROM,6500 mAh Battery,17.07 cm (6.72 inch) Display,4.4
91,"MOTOROLA Edge 60 Fusion 5G (PANTONE Mykonos Blue, 256 GB)","₹24,999₹27,99910% off","48,591 Ratings & 2,510 Reviews",10% off,50MP + 13MP | 32MP Front Camera,12 GB RAM | 256 GB ROM | Expandable Upto 1 TB,5500 mAh Battery,16.94 cm (6.67 inch) Display,4.4
92,"Ai+ Nova 5G (Black, 128 GB)","₹8,999₹10,99918% off","25,287 Ratings & 1,590 Reviews",18% off,50MP Rear Camera | 5MP Front Camera,6 GB RAM | 128 GB ROM | Expandable Upto 1 TB,5000 mAh Battery,17.13 cm (6.745 inch) HD+ Display,4.2
93,"POCO C71 (Desert Gold, 64 GB)","₹7,799₹8,99913% off","57,971 Ratings & 2,557 Reviews",13% off,32MP Rear Camera | 8MP Front Camera,4 GB RAM | 64 GB ROM | Expandable Upto 2 TB,5200 mAh Battery,17.48 cm (6.88 inch) HD+ Display,3.9
94,"POCO M7 Pro 5G (Olive Twilight, 128 GB)","₹13,499₹18,99928% off","37,585 Ratings & 2,682 Reviews",28% off,50MP + 2MP | 20MP Front Camera,6 GB RAM | 128 GB ROM,5110 mAh Battery,16.94 cm (6.67 inch) Full HD+ Display,4.3
95,Samsung Guru 1200,"₹722₹1,29944% off","12,287 Ratings & 842 Reviews",44% off,800 mAh Battery,4 MB RAM | 10 MB ROM,No Brand Warranty,3.86 cm (1.52 inch) Display,3
96,"realme P4x 5G (Lake Green, 128 GB)","₹16,499₹17,9998% off","7,161 Ratings & 549 Reviews",8% off,50MP + 2MP | 8MP Front Camera,6 GB RAM | 128 GB ROM,7000 mAh Battery,17.07 cm (6.72 inch) Full HD+ Display,4.4
97,"Coolpad CP12 Neo (Gold, 64 GB)","₹7,299₹9,99927% off",,27% off,13MP Rear Camera | 5MP Front Camera,8 GB RAM | 64 GB ROM | Expandable Upto 512 GB,5000 mAh Battery,16.66 cm (6.56 inch) Display,
98,"realme P3x 5G (Midnight Blue, 128 GB)","₹13,999₹17,99922% off","24,294 Ratings & 999 Reviews",22% off,50MP Rear Camera | 8MP Front Camera,8 GB RAM | 128 GB ROM,6000 mAh Battery,17.07 cm (6.72 inch) Full HD Display,4.4
99,"IQOO Z10 Lite 5G (Titanium Blue, 256 GB)","₹15,268₹16,99910% off","2,429 Ratings & 114 Reviews",10% off,50MP Rear Camera,8 GB RAM | 256 GB ROM,6000 mAh Battery,17.12 cm (6.74 inch) Display,4.3
100,"IQOO Z10 5G (Stellar Black / Black, 128 GB)","₹21,600₹25,99916% off","5,331 Ratings & 258 Reviews",16% off,50MP Rear Camera,8 GB RAM | 128 GB ROM,7300 mAh Battery,17.02 cm (6.7 inch) Display,4.4
101,"MOTOROLA g35 5G (Guava Red, 128 GB)","₹11,999₹12,4994% off","1,25,085 Ratings & 7,606 Reviews",4% off,50MP + 8MP | 16MP Front Camera,4 GB RAM | 128 GB ROM | Expandable Upto 1 TB,5000 mAh Battery,17.07 cm (6.72 inch) Full HD+ Display,4.2
102,"realme Narzo 80 Lite 5G (Onyx Black, 128 GB)","₹12,393₹14,99917% off","7,153 Ratings & 298 Reviews",17% off,32MP Rear Camera,6 GB RAM | 128 GB ROM,6000 mAh Battery,16.94 cm (6.67 inch) Display,4.3
103,"REDMI Note 14 SE 5G (Mystique White, 128 GB)","₹13,999₹19,99930% off","27,089 Ratings & 1,188 Reviews",30% off,50MP + 8MP + 2MP | 20MP Front Camera,6 GB RAM | 128 GB ROM,5110 mAh Battery,16.94 cm (6.67 inch) Full HD+ Display,4.3
104,"POCO M7 Plus 5G (Carbon Black, 128 GB)","₹14,999₹17,99916% off","3,988 Ratings & 230 Reviews",16% off,50MP AI Dual Camera,8 GB RAM | 128 GB ROM | Expandable Upto 2 TB,7000 mAh Battery,17.53 cm (6.9 inch) Display,4.3
105,"POCO M6 Plus 5G (Graphite Black, 128 GB)","₹12,447₹17,99930% off","18,911 Ratings & 1,086 Reviews",30% off,108MP + 2MP | 13MP Front Camera,8 GB RAM | 128 GB ROM | Expandable Upto 1 TB,5030 mAh Battery,17.25 cm (6.79 inch) Full HD+ Display,4.2
106,"MOTOROLA g35 5G (Guava Red, 128 GB)","₹12,999₹15,49916% off","8,730 Ratings & 419 Reviews",16% off,50MP + 8MP | 16MP Front Camera,8 GB RAM | 128 GB ROM | Expandable Upto 1 TB,5000 mAh Battery,17.07 cm (6.72 inch) Full HD+ Display,4.2
107,"IQOO Z10X 5G (Titanium, 128 GB)","₹14,988₹17,49914% off","9,230 Ratings & 463 Reviews",14% off,50MP Rear Camera,6 GB RAM | 128 GB ROM,6500 mAh Battery,17.02 cm (6.7 inch) Display,4.4
108,Samsung Guru 1200,"₹773₹1,89959% off","12,287 Ratings & 842 Reviews",59% off,800 mAh Battery,4 MB RAM | 10 MB ROM,NA,3.86 cm (1.52 inch) Display,3
109,"MOTOROLA Edge 60 Pro (Pantone Shadow, 512 GB)","₹37,999₹42,99911% off","2,611 Ratings & 193 Reviews",11% off,50MP + 50MP + 10MP | 50MP Front Camera,16 GB RAM | 512 GB ROM,6000 mAh Battery,17.02 cm (6.7 inch) Display,4.4
110,"Nokia 105 Classic Single Sim Keypad Phone, Without Charger","₹994₹1,24920% off","8,265 Ratings & 326 Reviews",20% off,0MP Front Camera,32 MB RAM | 32 MB ROM,800 mAh Battery,4.5 cm (1.77 inch) Display,3.9
111,"Ai+ Pulse (Purple, 128 GB)","₹7,499₹9,99925% off","6,922 Ratings & 406 Reviews",25% off,50MP Rear Camera | 5MP Front Camera,6 GB RAM | 128 GB ROM | Expandable Upto 1 TB,5000 mAh Battery,17.13 cm (6.745 inch) HD+ Display,4.1
112,"realme P4 Power 5G (TransBlue, 128 GB)","₹25,999₹32,99921% off","1,008 Ratings & 90 Reviews",21% off,50MP + 8MP | Yes,8 GB RAM | 128 GB ROM,10001 mAh Battery,17.27 cm (6.8 inch) Full HD+ AMOLED Display,4.6
113,"realme P4x 5G (Matte Silver, 128 GB)","₹16,499₹17,9998% off","7,161 Ratings & 549 Reviews",8% off,50MP + 2MP | 8MP Front Camera,6 GB RAM | 128 GB ROM,7000 mAh Battery,17.07 cm (6.72 inch) Full HD+ Display,4.4
114,"Samsung Galaxy S24 5G Snapdragon (Cobalt Violet, 128 GB)","₹42,999₹74,99942% off","54,305 Ratings & 3,030 Reviews",42% off,50MP + 12MP | 12MP Front Camera,8 GB RAM | 128 GB ROM,4000 mAh Battery,15.75 cm (6.2 inch) Full HD+ Display,4.6
115,"MOTOROLA Edge 60 Pro (Pantone Shadow, 256 GB)","₹29,999₹36,99918% off","46,783 Ratings & 3,440 Reviews",18% off,50MP + 50MP + 10MP | 50MP Front Camera,8 GB RAM | 256 GB ROM,6000 mAh Battery,17.02 cm (6.7 inch) Display,4.3
116,"MOTOROLA G96 5G (Pantone Ashleigh Blue, 128 GB)","₹17,999₹20,99914% off","87,695 Ratings & 4,418 Reviews",14% off,50MP + 8MP | 32MP Front Camera,8 GB RAM | 128 GB ROM,5500 mAh Battery,16.94 cm (6.67 inch) Full HD+ Display,4.4
117,"REDMI A4 (Sparkle Purple, 64 GB)","₹10,895₹10,999","14,848 Ratings & 618 Reviews",No Offer,50MP Rear Camera,4 GB RAM | 64 GB ROM,5160 mAh Battery,17.48 cm (6.88 inch) Display,4.3
118,"Nothing Phone (3a) Pro (Grey, 256 GB)","₹33,999₹36,9998% off","8,004 Ratings & 482 Reviews",8% off,50MP (Main) + 50MP (3X Periscope)+ 8MP (Ultra-Wide) | 50MP Front Camera,12 GB RAM | 256 GB ROM,5000 mAh Battery,43.66 cm (17.19 cm) Full HD+ Display,4.5
119,Samsung 1200,"₹797₹1,59950% off","5,852 Ratings & 389 Reviews",50% off,800 mAh Battery,32 MB RAM | 32 MB ROM,NO WARRANTY,3.81 cm (1.5 inch) Display,3.1
120,"Coolpad CP12 Neo (Blue, 64 GB)","₹7,299₹9,99927% off",,27% off,13MP Rear Camera | 5MP Front Camera,8 GB RAM | 64 GB ROM | Expandable Upto 512 GB,5000 mAh Battery,16.66 cm (6.56 inch) Display,
121,"vivo T4R 5G (Arctic White, 256 GB)","₹24,999₹26,9997% off","5,251 Ratings & 247 Reviews",7% off,50MP (OIS) + 2MP | 32MP Front Camera,12 GB RAM | 256 GB ROM,5700 mAh Battery,17.2 cm (6.77 inch) Display,4.4
122,"Nokia 105 Single SIM, Keypad Mobile Phone with Wireless FM Radio","₹1,399","80,148 Ratings & 4,887 Reviews",No Offer,0MP Front Camera,32 MB RAM | 32 MB ROM,800 mAh Lithium Ion Battery,4.5 cm (1.77 inch) QVGA Display,4
123,"OnePlus Nord CE5 5G (Marble Mist, 128 GB)","₹26,104₹26,9993% off","8,008 Ratings & 438 Reviews",3% off,50MP Rear Camera,8 GB RAM | 128 GB ROM,7100 mAh Battery,17.2 cm (6.77 inch) Display,4.5
124,"IQOO Z10X 5G (Titanium, 128 GB)","₹14,988₹17,49914% off","9,230 Ratings & 463 Reviews",14% off,50MP Rear Camera,6 GB RAM | 128 GB ROM,6500 mAh Battery,17.02 cm (6.7 inch) Display,4.4
125,Jio PRIMA2 4G,"₹3,149₹4,19925% off","1,997 Ratings & 107 Reviews",25% off,0.3MP Rear Camera,500 MB RAM | 4 GB ROM | Expandable Upto 128 GB,1800 mAh Battery,6.1 cm (2.4 inch) QVGA Display,3.9
126,"IQOO Z10X 5G (Titanium, 128 GB)","₹16,190₹18,99914% off","5,237 Ratings & 240 Reviews",14% off,50MP Rear Camera,8 GB RAM | 128 GB ROM,6500 mAh Battery,17.02 cm (6.7 inch) Display,4.4
127,"MOTOROLA G86 Power 5G (Pantone Cosmic Sky, 128 GB)","₹17,999₹19,99910% off","29,362 Ratings & 1,881 Reviews",10% off,50MP + 8MP | 32MP Front Camera,8 GB RAM | 128 GB ROM | Expandable Upto 1 TB,6720 mAh Battery,17.02 cm (6.7 inch) Super HD Display,4.3
128,"Ai+ Pulse (Blue, 64 GB)","₹6,999₹7,99912% off","44,538 Ratings & 2,650 Reviews",12% off,50MP Rear Camera | 5MP Front Camera,4 GB RAM | 64 GB ROM | Expandable Upto 1 TB,5000 mAh Battery,17.13 cm (6.745 inch) HD+ Display,4.3
129,"IQOO Z10X 5G (Titanium, 256 GB)","₹18,590₹20,4999% off","5,237 Ratings & 240 Reviews",9% off,50MP Rear Camera,8 GB RAM | 256 GB ROM,6500 mAh Battery,17.02 cm (6.7 inch) Display,4.4
130,"OnePlus Nord CE5 5G (Black Infinity, 256 GB)","₹27,923₹30,9999% off","8,008 Ratings & 438 Reviews",9% off,50MP Rear Camera,8 GB RAM | 256 GB ROM,7100 mAh Battery,17.2 cm (6.77 inch) Display,4.5
131,"realme Narzo 80 Lite 5G (Crystal Purple, 128 GB)","₹12,764₹14,99914% off","7,153 Ratings & 298 Reviews",14% off,32MP Rear Camera,6 GB RAM | 128 GB ROM,6000 mAh Battery,16.94 cm (6.67 inch) Display,4.3
132,"realme Narzo 90x 5G (Flash Blue, 128 GB)","₹13,745₹16,99919% off",870 Ratings & 53 Reviews,19% off,50MP Rear Camera,6 GB RAM | 128 GB ROM,7000 mAh Battery,17.27 cm (6.8 inch) Display,4.4
133,Samsung Guru Music 2 B310ED,"₹775₹1,79856% off","31,559 Ratings & 2,117 Reviews",56% off,0MP | 0MP Front Camera,32 MB RAM | 32 MB ROM | Expandable Upto 100 MB,800 mAh Battery,4.57 cm (1.8 inch) VGA Display,3.1
134,"IQOO Z10R 5G (Aquamarine, 128 GB)","₹20,358₹23,49913% off","3,776 Ratings & 217 Reviews",13% off,50MP Rear Camera,8 GB RAM | 128 GB ROM,5700 mAh Battery,17.2 cm (6.77 inch) Display,4.4
135,"Nothing Phone (3a) Pro (Black, 128 GB)","₹29,999₹32,9999% off","13,583 Ratings & 1,018 Reviews",9% off,50MP (Main) + 50MP (3X Periscope)+ 8MP (Ultra-Wide) | 50MP Front Camera,8 GB RAM | 128 GB ROM,5000 mAh Battery,43.66 cm (17.19 cm) Full HD+ Display,4.5
136,"realme P4 Power 5G (TransBlue, 128 GB)","₹25,999₹32,99921% off","1,008 Ratings & 90 Reviews",21% off,50MP + 8MP | Yes,8 GB RAM | 128 GB ROM,10001 mAh Battery,17.27 cm (6.8 inch) Full HD+ AMOLED Display,4.6
137,"realme P4 Power 5G (TransBlue, 256 GB)","₹27,999₹34,99920% off","1,008 Ratings & 90 Reviews",20% off,50MP + 8MP | Yes,8 GB RAM | 256 GB ROM,10001 mAh Battery,17.27 cm (6.8 inch) Full HD+ AMOLED Display,4.6
138,"realme P4 Power 5G (TransSilver, 128 GB)","₹25,999₹32,99921% off","1,008 Ratings & 90 Reviews",21% off,50MP + 8MP | Yes,8 GB RAM | 128 GB ROM,10001 mAh Battery,17.27 cm (6.8 inch) Full HD+ AMOLED Display,4.6
139,"Ai+ Pulse (Sparkle Red, 64 GB)","₹6,999₹7,99912% off","44,538 Ratings & 2,650 Reviews",12% off,50MP Rear Camera | 5MP Front Camera,4 GB RAM | 64 GB ROM | Expandable Upto 1 TB,5000 mAh Battery,17.13 cm (6.745 inch) HD+ Display,4.3
140,"Nothing Phone (3a) Pro (Grey, 256 GB)","₹33,999₹36,9998% off","8,004 Ratings & 482 Reviews",8% off,50MP (Main) + 50MP (3X Periscope)+ 8MP (Ultra-Wide) | 50MP Front Camera,12 GB RAM | 256 GB ROM,5000 mAh Battery,43.66 cm (17.19 cm) Full HD+ Display,4.5
141,"vivo T4R 5G (Twilight Blue, 256 GB)","₹24,999₹26,9997% off","5,251 Ratings & 247 Reviews",7% off,50MP (OIS) + 2MP | 32MP Front Camera,12 GB RAM | 256 GB ROM,5700 mAh Battery,17.2 cm (6.77 inch) Display,4.4
142,"REDMI Note 14 SE 5G (Mystique White, 128 GB)","₹13,999₹19,99930% off","27,089 Ratings & 1,188 Reviews",30% off,50MP + 8MP + 2MP | 20MP Front Camera,6 GB RAM | 128 GB ROM,5110 mAh Battery,16.94 cm (6.67 inch) Full HD+ Display,4.3
143,"OnePlus Nord CE5 5G (Black Infinity, 128 GB)","₹25,814₹28,99910% off","8,008 Ratings & 438 Reviews",10% off,50MP Rear Camera,8 GB RAM | 128 GB ROM,7100 mAh Battery,17.2 cm (6.77 inch) Display,4.5
144,"realme P4 Power 5G (TransSilver, 256 GB)","₹30,999₹37,99918% off",230 Ratings & 30 Reviews,18% off,50MP + 8MP | Yes,12 GB RAM | 256 GB ROM,10001 mAh Battery,17.27 cm (6.8 inch) Full HD+ AMOLED Display,4.6
145,"vivo T4 Lite 5G Charger in the Box (Prism Blue, 64 GB)","₹10,999₹12,99915% off","44,918 Ratings & 1,300 Reviews",15% off,50MP + 2MP | 5MP Front Camera,4 GB RAM | 64 GB ROM | Expandable Upto 2 TB,6000 mAh Battery,17.12 cm (6.74 inch) HD+ Display,4.4
146,"Coolpad CP12 Neo (Blue, 64 GB)","₹7,299₹9,99927% off",,27% off,13MP Rear Camera | 5MP Front Camera,8 GB RAM | 64 GB ROM | Expandable Upto 512 GB,5000 mAh Battery,16.66 cm (6.56 inch) Display,
147,"realme NARZO 80 Pro 5G (Nitro Orange, 256 GB)","₹19,690₹25,99924% off",909 Ratings & 46 Reviews,24% off,50MP Rear Camera,8 GB RAM | 256 GB ROM,6000 mAh Battery,17.02 cm (6.7 inch) Display,4.5
148,Kechaoda K112,"₹1,649₹1,99917% off","31,974 Ratings & 2,831 Reviews",17% off,0.3MP + 0MP | 0MP Front Camera,32 MB RAM | 64 MB ROM | Expandable Upto 32 GB,3600 mAh Battery,6.1 cm (2.4 inch) QVGA Display,4
149,LAVA A1 Josh BOL,"₹966₹1,39930% off","23,569 Ratings & 1,042 Reviews",30% off,1000 mAh Battery,4 MB RAM | 4 MB ROM | Expandable Upto 32 GB,1 Year Manufacturer Replacement Guarantee for Phone and 6 months Replacement for Accessories in the Box,4.5 cm (1.77 inch) Quarter QVGA Display,4.1
150,"Apple iPhone 16 (Ultramarine, 128 GB)","₹69,900","2,08,117 Ratings & 6,671 Reviews",No Offer,48MP + 12MP | 12MP Front Camera,128 GB ROM,"A18 Chip, 6 Core Processor Processor",15.49 cm (6.1 inch) Super Retina XDR Display,4.6
151,"realme Narzo 90x 5G (Nitro Blue, 128 GB)","₹15,305₹17,99914% off",251 Ratings & 10 Reviews,14% off,50MP Rear Camera,8 GB RAM | 128 GB ROM,7000 mAh Battery,17.27 cm (6.8 inch) Display,4.3
152,"MOTOROLA g35 5G (Leaf Green, 128 GB)","₹11,999₹12,4994% off","1,25,085 Ratings & 7,606 Reviews",4% off,50MP + 8MP | 16MP Front Camera,4 GB RAM | 128 GB ROM | Expandable Upto 1 TB,5000 mAh Battery,17.07 cm (6.72 inch) Full HD+ Display,4.2
153,"Samsung Galaxy A35 5G (Awesome Navy, 128 GB)","₹19,999₹33,99941% off","73,136 Ratings & 4,305 Reviews",41% off,50MP + 8MP + 5MP | 13MP Front Camera,8 GB RAM | 128 GB ROM | Expandable Upto 1 TB,5000 mAh Battery,16.76 cm (6.6 inch) Full HD+ Display,4.4
154,"Infinix Note 50s 5G+ (Titanium Grey, 128 GB)","₹17,999₹19,99910% off","10,385 Ratings & 651 Reviews",10% off,64MP + 2MP | 13MP Front Camera,6 GB RAM | 128 GB ROM,5500 mAh Battery,17.22 cm (6.78 inch) Full HD+ Display,4.4
155,"IQOO Z10R 5G (Moonstone, 256 GB)","₹22,975₹24,9998% off","3,776 Ratings & 217 Reviews",8% off,50MP Rear Camera,8 GB RAM | 256 GB ROM,5700 mAh Battery,17.2 cm (6.77 inch) Display,4.4
156,LAVA A1 Josh BOL,"₹968₹1,39930% off","23,569 Ratings & 1,042 Reviews",30% off,0MP | 0MP Front Camera,4 MB RAM | 4 MB ROM | Expandable Upto 32 GB,1000 mAh Battery,4.5 cm (1.77 inch) Quarter QVGA Display,4.1
157,Kechaoda K112,"₹1,649₹1,99917% off","31,974 Ratings & 2,831 Reviews",17% off,0.3MP + 0MP | 0MP Front Camera,32 MB RAM | 64 MB ROM | Expandable Upto 32 GB,3600 mAh Battery,6.1 cm (2.4 inch) QVGA Display,4
158,"OPPO K13x 5G 6000mAh and 45W SUPERVOOC Charger & AI (Breeze Blue, 128 GB)","₹16,999","85,191 Ratings & 6,211 Reviews",No Offer,50MP + 2MP | 8MP Front Camera,6 GB RAM | 128 GB ROM | Expandable Upto 2 TB,6000 mAh Battery,16.94 cm (6.67 inch) HD+ Display,4.5
159,"REDMI A4 (Sparkle Purple, 128 GB)","₹11,990₹12,9997% off","2,231 Ratings & 78 Reviews",7% off,50MP + 50MP | 5MP Dual Front Camera,6 GB RAM | 128 GB ROM,5160 mAh Battery,17.48 cm (6.88 inch) Display,4.2
160,"REDMI A4 (Starry Black, 128 GB)","₹11,477₹12,99911% off","2,231 Ratings & 78 Reviews",11% off,50MP + 50MP | 5MP Dual Front Camera,6 GB RAM | 128 GB ROM,5160 mAh Battery,17.48 cm (6.88 inch) Display,4.2
161,"MOTOROLA Edge 60 Fusion 5G (PANTONE Zephyr, 128 GB)","₹20,999₹24,99916% off","1,23,143 Ratings & 6,345 Reviews",16% off,50MP + 13MP | 32MP Front Camera,8 GB RAM | 128 GB ROM | Expandable Upto 1 TB,5500 mAh Battery,16.94 cm (6.67 inch) Display,4.4
162,"IQOO Z10R 5G (Aquamarine, 256 GB)","₹24,799₹26,9998% off",504 Ratings & 34 Reviews,8% off,50MP Rear Camera,12 GB RAM | 256 GB ROM,5700 mAh Battery,17.2 cm (6.77 inch) Display,4.3
163,"realme P3 Lite 5G Charger in the Box (Lily White, 128 GB)","₹10,749₹12,99917% off","9,486 Ratings & 381 Reviews",17% off,32MP Rear Camera | 8MP Front Camera,4 GB RAM | 128 GB ROM | Expandable Upto 2 TB,6000 mAh Battery,16.94 cm (6.67 inch) Display,4.4
164,"realme P3 Lite 5G Charger in the Box (Midnight Lily, 128 GB)","₹10,749₹12,99917% off","9,486 Ratings & 381 Reviews",17% off,32MP Rear Camera | 8MP Front Camera,4 GB RAM | 128 GB ROM | Expandable Upto 2 TB,6000 mAh Battery,16.94 cm (6.67 inch) Display,4.4
165,"MOTOROLA g35 5G (Guava Red, 128 GB)","₹11,999₹12,4994% off","1,25,085 Ratings & 7,606 Reviews",4% off,50MP + 8MP | 16MP Front Camera,4 GB RAM | 128 GB ROM | Expandable Upto 1 TB,5000 mAh Battery,17.07 cm (6.72 inch) Full HD+ Display,4.2
166,"realme Narzo 90x 5G (Nitro Blue, 128 GB)","₹14,309₹16,99915% off",870 Ratings & 53 Reviews,15% off,50MP Rear Camera,6 GB RAM | 128 GB ROM,7000 mAh Battery,17.27 cm (6.8 inch) Display,4.4
167,"POCO F7 5G (Frost White, 512 GB)","₹35,999₹37,9995% off","21,347 Ratings & 2,042 Reviews",5% off,50MP Rear Camera | 20MP Front Camera,12 GB RAM | 512 GB ROM,7550 mAh Li-Polymer + Silicon Carbon Battery,17.35 cm (6.83 inch) Display,4.4
168,"Samsung Galaxy F06 5G (Bahama Blue, 64 GB)","₹8,999₹12,49928% off","40,373 Ratings & 2,384 Reviews",28% off,50MP + 2MP | 8MP Front Camera,4 GB RAM | 64 GB ROM | Expandable Upto 1500 GB,5000 mAh Battery,17.02 cm (6.7 inch) HD+ Display,4.2
169,"REDMI A4 (Sparkle Purple, 128 GB)","₹11,990₹12,9997% off","2,231 Ratings & 78 Reviews",7% off,50MP + 50MP | 5MP Dual Front Camera,6 GB RAM | 128 GB ROM,5160 mAh Battery,17.48 cm (6.88 inch) Display,4.2
170,"realme P4x 5G (Lake Green, 128 GB)","₹16,499₹17,9998% off","7,161 Ratings & 549 Reviews",8% off,50MP + 2MP | 8MP Front Camera,6 GB RAM | 128 GB ROM,7000 mAh Battery,17.07 cm (6.72 inch) Full HD+ Display,4.4
171,"Coolpad CP12 Neo (Gold, 64 GB)","₹7,299₹9,99927% off",,27% off,13MP Rear Camera | 5MP Front Camera,8 GB RAM | 64 GB ROM | Expandable Upto 512 GB,5000 mAh Battery,16.66 cm (6.56 inch) Display,
172,"IQOO Z10R 5G (Aquamarine, 256 GB)","₹24,799₹26,9998% off",504 Ratings & 34 Reviews,8% off,50MP Rear Camera,12 GB RAM | 256 GB ROM,5700 mAh Battery,17.2 cm (6.77 inch) Display,4.3
173,"Ai+ Pulse (Green, 64 GB)","₹6,999₹7,99912% off","44,538 Ratings & 2,650 Reviews",12% off,50MP Rear Camera | 5MP Front Camera,4 GB RAM | 64 GB ROM | Expandable Upto 1 TB,5000 mAh Battery,17.13 cm (6.745 inch) HD+ Display,4.3
174,Kechaoda A27,"₹899₹1,49940% off","16,259 Ratings & 869 Reviews",40% off,800 mAh Battery,32 MB RAM | 32 MB ROM | Expandable Upto 16 GB,Processor clock: 400 MHz Processor,1.68 cm (0.66 inch) Display,4
175,LAVA A1 Josh BOL,"₹966₹1,39930% off","23,569 Ratings & 1,042 Reviews",30% off,1000 mAh Battery,4 MB RAM | 4 MB ROM | Expandable Upto 32 GB,1 Year Manufacturer Replacement Guarantee for Phone and 6 months Replacement for Accessories in the Box,4.5 cm (1.77 inch) Quarter QVGA Display,4.1
176,"MOTOROLA Edge 60 Fusion 5G (PANTONE Zephyr, 256 GB)","₹22,999₹25,99911% off","1,23,143 Ratings & 6,345 Reviews",11% off,50MP + 13MP | 32MP Front Camera,8 GB RAM | 256 GB ROM | Expandable Upto 1 TB,5500 mAh Battery,16.94 cm (6.67 inch) Display,4.4
177,"Google Pixel 9A (Obsidian, 256 GB)","₹39,999₹49,99920% off","7,149 Ratings & 476 Reviews",20% off,48MP + 12MP | 12MP Front Camera,8 GB RAM | 256 GB ROM,5100 mAh Battery,15.96 cm (6.285 inch) Full HD+ Display,4.5
178,"realme P4 Power 5G (TransOrange, 256 GB)","₹27,999₹34,99920% off","1,008 Ratings & 90 Reviews",20% off,50MP + 8MP | Yes,8 GB RAM | 256 GB ROM,10001 mAh Battery,17.27 cm (6.8 inch) Full HD+ AMOLED Display,4.6
179,"realme P4 Power 5G (TransSilver, 256 GB)","₹27,999₹34,99920% off","1,008 Ratings & 90 Reviews",20% off,50MP + 8MP | Yes,8 GB RAM | 256 GB ROM,10001 mAh Battery,17.27 cm (6.8 inch) Full HD+ AMOLED Display,4.6
180,"realme Narzo 80 Lite 5G (Onyx Black, 128 GB)","₹12,393₹14,99917% off","7,153 Ratings & 298 Reviews",17% off,32MP Rear Camera,6 GB RAM | 128 GB ROM,6000 mAh Battery,16.94 cm (6.67 inch) Display,4.3
181,"realme Narzo 80 Lite 5G (Crystal Purple, 128 GB)","₹11,386₹13,99918% off",797 Ratings & 43 Reviews,18% off,32MP Rear Camera,4 GB RAM | 128 GB ROM,6000 mAh Battery,16.94 cm (6.67 inch) Display,4.3
182,"Samsung Galaxy M07 (Black, 64 GB)","₹7,990₹9,99920% off",68 Ratings & 1 Reviews,20% off,50MP + 2MP | 8MP Front Camera,4 GB RAM | 64 GB ROM | Expandable Upto 2 TB,5000 mAh Battery,17.02 cm (6.7 inch) HD+ Display,4.3
183,"Ai+ Nova 5G (Purple, 128 GB)","₹8,999₹10,99918% off","25,287 Ratings & 1,590 Reviews",18% off,50MP Rear Camera | 5MP Front Camera,6 GB RAM | 128 GB ROM | Expandable Upto 1 TB,5000 mAh Battery,17.13 cm (6.745 inch) HD+ Display,4.2
184,"POCO C85 5G (Power Black, 128 GB)","₹11,999₹15,49922% off",250 Ratings & 12 Reviews,22% off,50MP Rear Camera | 8MP Front Camera,6 GB RAM | 128 GB ROM | Expandable Upto 1 TB,6000 mAh Lithium-Ion Polymer Battery,17.53 cm (6.9 inch) HD+ Display,4.3
185,"POCO C71 (Cool Blue, 128 GB)","₹8,799₹9,99912% off","33,722 Ratings & 1,570 Reviews",12% off,32MP Rear Camera | 8MP Front Camera,6 GB RAM | 128 GB ROM | Expandable Upto 2 TB,5200 mAh Battery,17.48 cm (6.88 inch) HD+ Display,4.1
186,"POCO M8 (Carbon Black, 256 GB)","₹20,999₹24,99916% off",731 Ratings & 61 Reviews,16% off,50MP Rear Camera | 20MP Front Camera,8 GB RAM | 256 GB ROM | Expandable Upto 1 TB,5520 mAh Battery,17.2 cm (6.77 inch) Full HD+ Display,4.6
187,"OPPO K13x 5G 6000mAh and 45W SUPERVOOC Charger & AI (Midnight Violet, 128 GB)","₹16,999","85,191 Ratings & 6,211 Reviews",No Offer,50MP + 2MP | 8MP Front Camera,6 GB RAM | 128 GB ROM | Expandable Upto 2 TB,6000 mAh Battery,16.94 cm (6.67 inch) HD+ Display,4.5
188,"OPPO K13x 5G 6000mAh and 45W SUPERVOOC Charger & AI (Midnight Violet, 128 GB)","₹18,999","15,207 Ratings & 863 Reviews",No Offer,50MP + 2MP | 8MP Front Camera,8 GB RAM | 128 GB ROM | Expandable Upto 2 TB,6000 mAh Battery,16.94 cm (6.67 inch) HD+ Display,4.5
189,"POCO M7 5G (Satin Black, 128 GB)","₹10,799₹12,99916% off","75,020 Ratings & 3,468 Reviews",16% off,50MP Rear Camera | 8MP Front Camera,6 GB RAM | 128 GB ROM | Expandable Upto 1 TB,5160 mAh Battery,17.48 cm (6.88 inch) HD+ Display,4.1
190,"realme Narzo 80 Lite 4G (Obsidian Black, 64 GB)","₹8,497₹8,9995% off","2,181 Ratings & 84 Reviews",5% off,32MP Rear Camera,4 GB RAM | 64 GB ROM,6300 mAh Battery,17.12 cm (6.74 inch) HD+ Display,4.3
191,Micromax X778,"₹1,386₹1,99930% off","4,952 Ratings & 389 Reviews",30% off,0.3MP Rear Camera,32 MB RAM | 32 MB ROM,2700 mAh Battery,6.1 cm (2.4 inch) Display,3.8
192,"IQOO Z10 Lite 5G (Titanium Blue, 256 GB)","₹15,268₹16,99910% off","2,429 Ratings & 114 Reviews",10% off,50MP Rear Camera,8 GB RAM | 256 GB ROM,6000 mAh Battery,17.12 cm (6.74 inch) Display,4.3
193,"OPPO Reno15c 5G (Afterglow Pink, 256 GB)","₹37,999₹46,99919% off",7 Ratings & 1 Reviews,19% off,50MP + 8MP + 2MP | Yes,12 GB RAM | 256 GB ROM,7000 mAh Battery,16.69 cm (6.57 inch) Full HD+ Display,4.1
194,Micromax X778,"₹1,430₹1,99928% off","4,952 Ratings & 389 Reviews",28% off,0.3MP Rear Camera,32 MB RAM | 32 MB ROM,2700 mAh Battery,6.1 cm (2.4 inch) Display,3.8
195,"POCO M7 Plus 5G (Chrome Silver, 128 GB)","₹14,999₹17,99916% off","3,988 Ratings & 230 Reviews",16% off,50MP AI Dual Camera,8 GB RAM | 128 GB ROM | Expandable Upto 2 TB,7000 mAh Battery,17.53 cm (6.9 inch) Display,4.3
196,"Coolpad CP12 Neo (Blue, 64 GB)","₹7,299₹9,99927% off",,27% off,13MP Rear Camera | 5MP Front Camera,8 GB RAM | 64 GB ROM | Expandable Upto 512 GB,5000 mAh Battery,16.66 cm (6.56 inch) Display,
197,Nokia All-New 105 Single Sim Keypad Phone with Built-in UPI Payments,"₹1,259₹1,59921% off","1,06,497 Ratings & 6,795 Reviews",21% off,0MP | 0MP Front Camera,32 MB RAM | 32 MB ROM,1000 mAh Battery,4.5 cm (1.77 inch) Display,3.7
198,"IQOO Z10R 5G (Moonstone, 128 GB)","₹20,148₹23,49914% off","3,776 Ratings & 217 Reviews",14% off,50MP Rear Camera,8 GB RAM | 128 GB ROM,5700 mAh Battery,17.2 cm (6.77 inch) Display,4.4
199,itel it5262,"₹1,379₹1,59913% off","2,462 Ratings & 135 Reviews",13% off,0.8MP Rear Camera,4 MB RAM | 4 MB ROM | Expandable Upto 32 GB,2000 mAh Battery,6.1 cm (2.4 inch) Display,4
200,"Samsung Galaxy M07 (Black, 64 GB)","₹7,990₹9,99920% off",68 Ratings & 1 Reviews,20% off,50MP + 2MP | 8MP Front Camera,4 GB RAM | 64 GB ROM | Expandable Upto 2 TB,5000 mAh Battery,17.02 cm (6.7 inch) HD+ Display,4.3
201,Samsung Guru Music 2 B310ED,"₹943₹1,99852% off","31,559 Ratings & 2,117 Reviews",52% off,0MP | 0MP Front Camera,32 MB RAM | 32 MB ROM | Expandable Upto 100 MB,800 mAh Battery,4.57 cm (1.8 inch) VGA Display,3.1
202,"POCO M7 Plus 5G (Carbon Black, 128 GB)","₹14,999₹17,99916% off","3,988 Ratings & 230 Reviews",16% off,50MP AI Dual Camera,8 GB RAM | 128 GB ROM | Expandable Upto 2 TB,7000 mAh Battery,17.53 cm (6.9 inch) Display,4.3
203,"POCO M6 Plus 5G (Graphite Black, 128 GB)","₹12,447₹17,99930% off","18,911 Ratings & 1,086 Reviews",30% off,108MP + 2MP | 13MP Front Camera,8 GB RAM | 128 GB ROM | Expandable Upto 1 TB,5030 mAh Battery,17.25 cm (6.79 inch) Full HD+ Display,4.2
204,Kechaoda A26_Pink,"₹899₹1,49940% off","2,371 Ratings & 65 Reviews",40% off,0MP | 0MP Front Camera,32 MB RAM | 16 GB ROM | Expandable Upto 32 MB,800 mAh Battery,1.68 cm (0.66 inch) NA Display,4
205,LAVA Gem 2025,"₹1,677₹2,09920% off","4,360 Ratings & 276 Reviews",20% off,0.3MP + 0MP | 0MP Front Camera,4 MB RAM | 32 GB ROM | Expandable Upto 32 GB,2575 mAh Battery,7.11 cm (2.8 inch) HVGA Display,4.1
206,"MOTOROLA G96 5G (Pantone Cattleya Orchid, 256 GB)","₹18,999₹22,99917% off","87,695 Ratings & 4,418 Reviews",17% off,50MP + 8MP | 32MP Front Camera,8 GB RAM | 256 GB ROM,5500 mAh Battery,16.94 cm (6.67 inch) Full HD+ Display,4.4
207,"POCO M7 Plus 5G (Aqua Blue, 128 GB)","₹13,999₹16,99917% off","6,520 Ratings & 340 Reviews",17% off,50MP AI Dual Camera,6 GB RAM | 128 GB ROM | Expandable Upto 2 TB,7000 mAh Battery,17.53 cm (6.9 inch) Display,4.3
208,"MOTOROLA Signature (PANTONE Martini Olive, 512 GB)","₹64,999₹79,99918% off",114 Ratings & 21 Reviews,18% off,50MP + 50MP + 50MP | 50MP Front Camera,16 GB RAM | 512 GB ROM,5200 mAh Battery,17.27 cm (6.8 inch) Super HD Display,4.5
209,"realme C61 (Marble Black, 64 GB)","₹7,249₹8,99919% off","44,186 Ratings & 1,448 Reviews",19% off,32MP Rear Camera | 5MP Front Camera,4 GB RAM | 64 GB ROM | Expandable Upto 2 TB,5000 mAh Battery,17.13 cm (6.745 inch) HD+ Display,4.3
210,KARBONN K9,"₹1,439₹1,89023% off",220 Ratings & 10 Reviews,23% off,2MP + 0MP | 0MP Front Camera,32 MB RAM | 32 MB ROM | Expandable Upto 32 GB,1800 mAh Battery,6.1 cm (2.4 inch) FWVGA Display,4.2
211,"OnePlus Nord CE5 5G (Nexus Blue, 128 GB)","₹25,911₹28,99910% off","8,008 Ratings & 438 Reviews",10% off,50MP Rear Camera,8 GB RAM | 128 GB ROM,7100 mAh Battery,17.2 cm (6.77 inch) Display,4.5
212,"OPPO K13x 5G 6000mAh and 45W SUPERVOOC Charger & AI (Sunset Peach, 128 GB)","₹16,999","85,191 Ratings & 6,211 Reviews",No Offer,50MP + 2MP | 8MP Front Camera,6 GB RAM | 128 GB ROM | Expandable Upto 2 TB,6000 mAh Battery,16.94 cm (6.67 inch) HD+ Display,4.5
213,"OnePlus 15R 5G (Charcoal Black, 256 GB)","₹47,921₹54,99912% off",368 Ratings & 19 Reviews,12% off,50MP Rear Camera,12 GB RAM | 256 GB ROM,7400 mAh Battery,17.35 cm (6.83 inch) Display,4.6
214,"OPPO K13x 5G 6000mAh and 45W SUPERVOOC Charger & AI (Midnight Violet, 128 GB)","₹15,999","22,897 Ratings & 1,726 Reviews",No Offer,50MP + 2MP | 8MP Front Camera,4 GB RAM | 128 GB ROM | Expandable Upto 2 TB,6000 mAh Battery,16.94 cm (6.67 inch) HD+ Display,4.4
215,"IQOO Z10 Lite 5G (Cyber Green, 128 GB)","₹12,030₹13,99914% off","2,387 Ratings & 94 Reviews",14% off,50MP Rear Camera,4 GB RAM | 128 GB ROM,6000 mAh Battery,17.12 cm (6.74 inch) Display,4.2
216,"realme P4x 5G (Lake Green, 128 GB)","₹16,499₹17,9998% off","7,161 Ratings & 549 Reviews",8% off,50MP + 2MP | 8MP Front Camera,6 GB RAM | 128 GB ROM,7000 mAh Battery,17.07 cm (6.72 inch) Full HD+ Display,4.4
217,"Coolpad CP12 Neo (Gold, 64 GB)","₹7,299₹9,99927% off",,27% off,13MP Rear Camera | 5MP Front Camera,8 GB RAM | 64 GB ROM | Expandable Upto 512 GB,5000 mAh Battery,16.66 cm (6.56 inch) Display,
218,Jmax Super 2,"₹599₹1,19950% off","2,031 Ratings & 159 Reviews",50% off,0.3MP Rear Camera,32 MB RAM | 32 MB ROM,1100 mAh Battery,4.57 cm (1.8 inch) Display,3.9
219,"MOTOROLA Edge 60 Pro (Pantone Shadow, 256 GB)","₹29,999₹36,99918% off","46,783 Ratings & 3,440 Reviews",18% off,50MP + 50MP + 10MP | 50MP Front Camera,8 GB RAM | 256 GB ROM,6000 mAh Battery,17.02 cm (6.7 inch) Display,4.3
220,Kechaoda A26_Pink,"₹899₹1,49940% off","2,371 Ratings & 65 Reviews",40% off,0MP | 0MP Front Camera,32 MB RAM | 16 GB ROM | Expandable Upto 32 MB,800 mAh Battery,1.68 cm (0.66 inch) NA Display,4
221,"POCO X7 5G (Glacier Green, 256 GB)","₹19,999₹27,99928% off","29,521 Ratings & 2,217 Reviews",28% off,50MP + 8MP + 2MP | 20MP Front Camera,8 GB RAM | 256 GB ROM,5500 mAh Battery,16.94 cm (6.67 inch) Display,4.3
222,Samsung Guru1200,"₹726₹1,69857% off",614 Ratings & 42 Reviews,57% off,800 mAh Battery,4 MB RAM | 10 MB ROM,No Warranty,3.86 cm (1.52 inch) Display,3
223,Nokia All-New 105 Single Sim Keypad Phone with Built-in UPI Payments,"₹1,259₹1,59921% off","1,06,497 Ratings & 6,795 Reviews",21% off,0MP | 0MP Front Camera,32 MB RAM | 32 MB ROM,1000 mAh Battery,4.5 cm (1.77 inch) Display,3.7
224,"OnePlus 15R 5G (Mint Breeze, 256 GB)","₹47,874₹54,99912% off",368 Ratings & 19 Reviews,12% off,50MP Rear Camera,12 GB RAM | 256 GB ROM,7400 mAh Battery,17.35 cm (6.83 inch) Display,4.6
225,"IQOO Z10 Lite 5G (Cyber Green, 128 GB)","₹13,055₹14,99912% off","3,309 Ratings & 136 Reviews",12% off,50MP Rear Camera,6 GB RAM | 128 GB ROM,6000 mAh Battery,17.12 cm (6.74 inch) Display,4.3
226,"POCO M7 Pro 5G (Olive Twilight, 128 GB)","₹13,499₹18,99928% off","37,585 Ratings & 2,682 Reviews",28% off,50MP + 2MP | 20MP Front Camera,6 GB RAM | 128 GB ROM,5110 mAh Battery,16.94 cm (6.67 inch) Full HD+ Display,4.3
227,"IQOO Z10 Lite 5G (Titanium Blue, 128 GB)","₹13,999₹14,9996% off","3,309 Ratings & 136 Reviews",6% off,50MP Rear Camera,6 GB RAM | 128 GB ROM,6000 mAh Battery,17.12 cm (6.74 inch) Display,4.3
228,"OPPO K13x 5G 6000mAh and 45W SUPERVOOC Charger & AI (Sunset Peach, 128 GB)","₹15,999","22,897 Ratings & 1,726 Reviews",No Offer,50MP + 2MP | 8MP Front Camera,4 GB RAM | 128 GB ROM | Expandable Upto 2 TB,6000 mAh Battery,16.94 cm (6.67 inch) HD+ Display,4.4
229,"MOTOROLA g67 power 5G (Pantone Curacao Blue, 128 GB)","₹15,999₹18,99915% off","8,022 Ratings & 446 Reviews",15% off,50MP + 8MP | 32MP Front Camera,8 GB RAM | 128 GB ROM,7000 mAh Battery,17.02 cm (6.7 inch) Full HD+ Display,4.4
230,Samsung Guru 1200,"₹807₹1,85456% off","12,287 Ratings & 842 Reviews",56% off,800 mAh Battery,4 MB RAM | 10 MB ROM,No Warranty,3.86 cm (1.52 inch) Display,3
231,"realme C61 (Safari Green, 128 GB)","₹8,199₹10,99925% off","21,979 Ratings & 793 Reviews",25% off,32MP Rear Camera | 5MP Front Camera,6 GB RAM | 128 GB ROM | Expandable Upto 2 TB,5000 mAh Battery,17.13 cm (6.745 inch) HD+ Display,4.3
232,"REDMI A4 (Sparkle Purple, 128 GB)","₹10,376₹11,99913% off","14,848 Ratings & 618 Reviews",13% off,50MP Rear Camera,4 GB RAM | 128 GB ROM,5160 mAh Battery,17.48 cm (6.88 inch) Display,4.3
233,"Apple iPhone 15 (Pink, 128 GB)","₹54,900₹59,9008% off","2,72,171 Ratings & 9,517 Reviews",8% off,48MP + 12MP | 12MP Front Camera,128 GB ROM,"A16 Bionic Chip, 6 Core Processor Processor",15.49 cm (6.1 inch) Super Retina XDR Display,4.6
234,"Ai+ Pulse (Pink, 128 GB)","₹7,499₹9,99925% off","6,922 Ratings & 406 Reviews",25% off,50MP Rear Camera | 5MP Front Camera,6 GB RAM | 128 GB ROM | Expandable Upto 1 TB,5000 mAh Battery,17.13 cm (6.745 inch) HD+ Display,4.1
235,itel it5027 Slim Keypad Mobile | 2.4 inch Display| Type C Charging,"₹1,119₹1,64932% off","1,464 Ratings & 94 Reviews",32% off,0.3MP Rear Camera,4 MB RAM | 4 MB ROM,1200 mAh Battery,6.1 cm (2.4 inch) Display,4.1
236,"OnePlus 15R 5G (Mint Breeze, 512 GB)","₹52,866₹59,99911% off",368 Ratings & 19 Reviews,11% off,50MP Rear Camera,12 GB RAM | 512 GB ROM,7400 mAh Battery,17.35 cm (6.83 inch) Display,4.6
237,"Samsung Galaxy S24 5G Snapdragon (Cobalt Violet, 256 GB)","₹47,999₹79,99940% off","54,305 Ratings & 3,030 Reviews",40% off,50MP + 12MP | 12MP Front Camera,8 GB RAM | 256 GB ROM,4000 mAh Battery,15.75 cm (6.2 inch) Full HD+ Display,4.6
238,"Nokia 106 Single Sim Keypad Phone with Built-in UPI App, MP3 Player","₹1,149₹1,69932% off","7,734 Ratings & 413 Reviews",32% off,1000 mAh Battery,32 MB RAM | 32 MB ROM,SC6531E Processor,17.02 cm (6.7 inch) Display,3.8
239,Samsung Guru FM Plus,"₹781₹1,69954% off","16,041 Ratings & 1,252 Reviews",54% off,800 mAh Battery,NA ROM,No Warranty,3.81 cm (1.5 inch) VGA Display,4.1
240,"realme P4x 5G (Lake Green, 128 GB)","₹16,499₹17,9998% off","7,161 Ratings & 549 Reviews",8% off,50MP + 2MP | 8MP Front Camera,6 GB RAM | 128 GB ROM,7000 mAh Battery,17.07 cm (6.72 inch) Full HD+ Display,4.4
241,"Coolpad CP12 Neo (Gold, 64 GB)","₹7,299₹9,99927% off",,27% off,13MP Rear Camera | 5MP Front Camera,8 GB RAM | 64 GB ROM | Expandable Upto 512 GB,5000 mAh Battery,16.66 cm (6.56 inch) Display,
242,"Nokia 106 Single Sim Keypad Phone with Built-in UPI App, MP3 Player","₹1,149₹1,69932% off","7,734 Ratings & 413 Reviews",32% off,1000 mAh Battery,32 MB RAM | 32 MB ROM,SC6531E Processor,17.02 cm (6.7 inch) Display,3.8
243,"Samsung Galaxy S24 5G Snapdragon (Marble Gray, 256 GB)","₹47,999₹79,99940% off","54,305 Ratings & 3,030 Reviews",40% off,50MP + 12MP | 12MP Front Camera,8 GB RAM | 256 GB ROM,4000 mAh Battery,15.75 cm (6.2 inch) Full HD+ Display,4.6
244,LAVA Gem 2025,"₹1,677₹2,09920% off","4,360 Ratings & 276 Reviews",20% off,0.3MP + 0MP | 0MP Front Camera,4 MB RAM | 32 GB ROM | Expandable Upto 32 GB,2575 mAh Battery,7.11 cm (2.8 inch) HVGA Display,4.1
245,"Tecno Spark Go 5G (Bikaner Red, 128 GB)","₹10,999₹11,9998% off","1,618 Ratings & 138 Reviews",8% off,50MP Rear Camera | 5MP Front Camera,4 GB RAM | 128 GB ROM | Expandable Upto 1 TB,6000 mAh Battery,17.12 cm (6.74 inch) Display,4.3
246,"Tecno Spark Go 5G (Sky Blue, 128 GB)","₹10,999₹11,9998% off","1,618 Ratings & 138 Reviews",8% off,50MP Rear Camera | 5MP Front Camera,4 GB RAM | 128 GB ROM | Expandable Upto 1 TB,6000 mAh Battery,17.12 cm (6.74 inch) Display,4.3
247,"Ai+ Pulse (Black, 64 GB)","₹6,999₹7,99912% off","44,538 Ratings & 2,650 Reviews",12% off,50MP Rear Camera | 5MP Front Camera,4 GB RAM | 64 GB ROM | Expandable Upto 1 TB,5000 mAh Battery,17.13 cm (6.745 inch) HD+ Display,4.3
248,Jio Bharat v4 black with upi,"₹709₹1,69958% off",14 Ratings & 0 Reviews,58% off,0.3MP Rear Camera | 0MP Front Camera,32 MB RAM | 32 MB ROM | Expandable Upto 128 MB,1000 mAh Battery,11.43 cm (4.5 inch) QVGA Display,4.1
249,"vivo T4 Pro 5G (Nitro Blue, 128 GB)","₹27,999₹32,99915% off","15,511 Ratings & 997 Reviews",15% off,50MP + 2MP + 50MP | 32MP Front Camera,8 GB RAM | 128 GB ROM,6500 mAh Battery,17.2 cm (6.77 inch) Display,4.5
250,"vivo T4 Pro 5G (Blaze Gold, 256 GB)","₹29,999₹34,99914% off","15,511 Ratings & 997 Reviews",14% off,50MP + 2MP + 50MP | 32MP Front Camera,8 GB RAM | 256 GB ROM,6500 mAh Battery,17.2 cm (6.77 inch) Display,4.5
251,"vivo T4 Pro 5G (Blaze Gold, 256 GB)","₹31,999₹36,99913% off","3,988 Ratings & 277 Reviews",13% off,50MP + 2MP + 50MP | 32MP Front Camera,12 GB RAM | 256 GB ROM,6500 mAh Battery,17.2 cm (6.77 inch) Display,4.5
252,"vivo T4 Pro 5G (Blaze Gold, 128 GB)","₹27,999₹32,99915% off","15,511 Ratings & 997 Reviews",15% off,50MP + 2MP + 50MP | 32MP Front Camera,8 GB RAM | 128 GB ROM,6500 mAh Battery,17.2 cm (6.77 inch) Display,4.5
253,"Ai+ Pulse (Black, 128 GB)","₹7,499₹9,99925% off","6,922 Ratings & 406 Reviews",25% off,50MP Rear Camera | 5MP Front Camera,6 GB RAM | 128 GB ROM | Expandable Upto 1 TB,5000 mAh Battery,17.13 cm (6.745 inch) HD+ Display,4.1
254,"OPPO Reno15c 5G (Afterglow Pink, 256 GB)","₹37,999₹46,99919% off",7 Ratings & 1 Reviews,19% off,50MP + 8MP + 2MP | Yes,12 GB RAM | 256 GB ROM,7000 mAh Battery,16.69 cm (6.57 inch) Full HD+ Display,4.1
255,"Samsung Galaxy A35 5G (Awesome Iceblue, 128 GB)","₹19,999₹33,99941% off","73,136 Ratings & 4,305 Reviews",41% off,50MP + 8MP + 5MP | 13MP Front Camera,8 GB RAM | 128 GB ROM | Expandable Upto 1 TB,5000 mAh Battery,16.76 cm (6.6 inch) Full HD+ Display,4.4
256,"Ai+ Nova 5G (Pink, 128 GB)","₹8,999₹10,99918% off","25,287 Ratings & 1,590 Reviews",18% off,50MP Rear Camera | 5MP Front Camera,6 GB RAM | 128 GB ROM | Expandable Upto 1 TB,5000 mAh Battery,17.13 cm (6.745 inch) HD+ Display,4.2
257,"OnePlus 15R 5G (Electric Violet, 256 GB)","₹50,999₹54,9997% off",368 Ratings & 19 Reviews,7% off,50MP Rear Camera,12 GB RAM | 256 GB ROM,7400 mAh Battery,17.35 cm (6.83 inch) Display,4.6
258,"MOTOROLA Edge 60 Fusion 5G (PANTONE Slipstream, 128 GB)","₹20,999₹24,99916% off","1,23,143 Ratings & 6,345 Reviews",16% off,50MP + 13MP | 32MP Front Camera,8 GB RAM | 128 GB ROM | Expandable Upto 1 TB,5500 mAh Battery,16.94 cm (6.67 inch) Display,4.4
259,"vivo T4 Pro 5G (Nitro Blue, 256 GB)","₹29,999₹34,99914% off","15,511 Ratings & 997 Reviews",14% off,50MP + 2MP + 50MP | 32MP Front Camera,8 GB RAM | 256 GB ROM,6500 mAh Battery,17.2 cm (6.77 inch) Display,4.5
260,KARBONN K9,"₹1,439₹1,89023% off",220 Ratings & 10 Reviews,23% off,2MP + 0MP | 0MP Front Camera,32 MB RAM | 32 MB ROM | Expandable Upto 32 GB,1800 mAh Battery,6.1 cm (2.4 inch) FWVGA Display,4.2
261,"REDMI A4 (Starry Black, 64 GB)","₹10,194₹10,9997% off","14,848 Ratings & 618 Reviews",7% off,50MP Rear Camera,4 GB RAM | 64 GB ROM,5160 mAh Battery,17.48 cm (6.88 inch) Display,4.3
262,"realme Narzo 90x 5G (Flash Blue, 128 GB)","₹15,298₹17,99915% off",251 Ratings & 10 Reviews,15% off,50MP Rear Camera,8 GB RAM | 128 GB ROM,7000 mAh Battery,17.27 cm (6.8 inch) Display,4.3
263,itel it5027 Slim Keypad Mobile | 2.4 inch Display| Type C Charging,"₹1,109₹1,64932% off","1,464 Ratings & 94 Reviews",32% off,0.3MP Rear Camera,4 MB RAM | 4 MB ROM,1200 mAh Battery,6.1 cm (2.4 inch) Display,4.1
264,"Ai+ Pulse (Purple, 128 GB)","₹7,499₹9,99925% off","6,922 Ratings & 406 Reviews",25% off,50MP Rear Camera | 5MP Front Camera,6 GB RAM | 128 GB ROM | Expandable Upto 1 TB,5000 mAh Battery,17.13 cm (6.745 inch) HD+ Display,4.1
265,"Samsung Galaxy F36 5G (Red, 128 GB)","₹17,999₹22,99921% off","9,496 Ratings & 562 Reviews",21% off,50MP + 8MP + 2MP | 13MP Front Camera,6 GB RAM | 128 GB ROM | Expandable Upto 2 TB,5000 mAh Battery,17.02 cm (6.7 inch) Full HD+ Display,4.3
266,"realme P4x 5G (Lake Green, 128 GB)","₹16,499₹17,9998% off","7,161 Ratings & 549 Reviews",8% off,50MP + 2MP | 8MP Front Camera,6 GB RAM | 128 GB ROM,7000 mAh Battery,17.07 cm (6.72 inch) Full HD+ Display,4.4
267,"Coolpad CP12 Neo (Gold, 64 GB)","₹7,299₹9,99927% off",,27% off,13MP Rear Camera | 5MP Front Camera,8 GB RAM | 64 GB ROM | Expandable Upto 512 GB,5000 mAh Battery,16.66 cm (6.56 inch) Display,
268,"OnePlus Nord 5 5G (Marble Sands, 256 GB)","₹33,998₹34,9992% off","2,360 Ratings & 153 Reviews",2% off,50MP + 50MP + 8MP | 50MP Front Camera,8 GB RAM | 256 GB ROM,6800 mAh Battery,17.35 cm (6.83 inch) Full HD+ AMOLED Display,4.5
269,"Apple iPhone 17 Pro (Cosmic Orange, 256 GB)","₹1,34,900",838 Ratings & 59 Reviews,No Offer,48MP + 48MP + 48MP | 18MP Front Camera,256 GB ROM,"A19 Chip, 6 Core Processor Processor",16.0 cm (6.3 inch) Super Retina XDR Display,4.7
270,"POCO C85 5G (Mystic Purple, 128 GB)","₹11,999₹15,49922% off",250 Ratings & 12 Reviews,22% off,50MP Rear Camera | 8MP Front Camera,6 GB RAM | 128 GB ROM | Expandable Upto 1 TB,6000 mAh Lithium-Ion Polymer Battery,17.53 cm (6.9 inch) HD+ Display,4.3
271,"vivo T4 Pro 5G (Nitro Blue, 256 GB)","₹31,999₹36,99913% off","3,988 Ratings & 277 Reviews",13% off,50MP + 2MP + 50MP | 32MP Front Camera,12 GB RAM | 256 GB ROM,6500 mAh Battery,17.2 cm (6.77 inch) Display,4.5
272,"IQOO Z10 5G (Glacier Silver / Silver, 256 GB)","₹27,769₹29,9997% off","1,192 Ratings & 67 Reviews",7% off,50MP Rear Camera,12 GB RAM | 256 GB ROM,7300 mAh Battery,17.02 cm (6.7 inch) Display,4.4
273,"OPPO K13x 5G 6000mAh and 45W SUPERVOOC Charger & AI (Midnight Violet, 128 GB)","₹15,999","22,897 Ratings & 1,726 Reviews",No Offer,50MP + 2MP | 8MP Front Camera,4 GB RAM | 128 GB ROM | Expandable Upto 2 TB,6000 mAh Battery,16.94 cm (6.67 inch) HD+ Display,4.4
274,MOTOROLA Moto A300,"₹1,329₹1,69921% off",769 Ratings & 37 Reviews,21% off,1.3MP + 0MP | 0MP Front Camera,4 MB RAM | 32 MB ROM | Expandable Upto 64 GB,1000 mAh Battery,5.08 cm (2 inch) HVGA Display,4.1
275,"POCO C71 (Desert Gold, 64 GB)","₹7,799₹8,99913% off","57,971 Ratings & 2,557 Reviews",13% off,32MP Rear Camera | 8MP Front Camera,4 GB RAM | 64 GB ROM | Expandable Upto 2 TB,5200 mAh Battery,17.48 cm (6.88 inch) HD+ Display,3.9
276,"OPPO Reno15c 5G (Twilight Blue, 256 GB)","₹37,999₹46,99919% off",7 Ratings & 1 Reviews,19% off,50MP + 8MP + 2MP | Yes,12 GB RAM | 256 GB ROM,7000 mAh Battery,16.69 cm (6.57 inch) Full HD+ Display,4.1
277,"OPPO Reno15c 5G (Twilight Blue, 256 GB)","₹34,999₹42,99918% off",39 Ratings & 0 Reviews,18% off,50MP + 8MP + 2MP | Yes,8 GB RAM | 256 GB ROM,7000 mAh Battery,16.69 cm (6.57 inch) Full HD+ Display,4.4
278,"OnePlus 15R 5G (Charcoal Black, 512 GB)","₹52,693₹59,99912% off",368 Ratings & 19 Reviews,12% off,50MP Rear Camera,12 GB RAM | 512 GB ROM,7400 mAh Battery,17.35 cm (6.83 inch) Display,4.6
279,"MOTOROLA Edge 60 Fusion 5G (PANTONE Slipstream, 256 GB)","₹22,999₹25,99911% off","1,23,143 Ratings & 6,345 Reviews",11% off,50MP + 13MP | 32MP Front Camera,8 GB RAM | 256 GB ROM | Expandable Upto 1 TB,5500 mAh Battery,16.94 cm (6.67 inch) Display,4.4
280,"LAVA Storm Play 5G (Frosty Blue, 128 GB)","₹11,999₹13,49911% off",257 Ratings & 23 Reviews,11% off,50MP Rear Camera,6 GB RAM | 128 GB ROM,5000 mAh Battery,17.02 cm (6.7 inch) Display,4.2
281,Samsung Guru Music 2 (SM-B310E),"₹857₹1,29934% off",,34% off,800 mAh Battery,4 MB RAM | 10 GB ROM,0,4.83 cm (1.9 inch) Display,
282,"Ai+ Pulse (Green, 128 GB)","₹7,499₹9,99925% off","6,922 Ratings & 406 Reviews",25% off,50MP Rear Camera | 5MP Front Camera,6 GB RAM | 128 GB ROM | Expandable Upto 1 TB,5000 mAh Battery,17.13 cm (6.745 inch) HD+ Display,4.1
283,"MOTOROLA G86 Power 5G (Pantone Golden Cypress, 128 GB)","₹17,999₹19,99910% off","29,362 Ratings & 1,881 Reviews",10% off,50MP + 8MP | 32MP Front Camera,8 GB RAM | 128 GB ROM | Expandable Upto 1 TB,6720 mAh Battery,17.02 cm (6.7 inch) Super HD Display,4.3
284,"OnePlus Nord 5 5G (Dry Ice, 256 GB)","₹33,999₹34,9992% off","2,360 Ratings & 153 Reviews",2% off,50MP Rear Camera,8 GB RAM | 256 GB ROM,6800 mAh Battery,17.35 cm (6.83 inch) Display,4.5
285,"REDMI 15 5G (Midnight Black, 256 GB)","₹17,885₹19,99910% off","3,067 Ratings & 154 Reviews",10% off,50MP Rear Camera,8 GB RAM | 256 GB ROM,7000 mAh Battery,17.53 cm (6.9 inch) Display,4.3
286,"MOTOROLA Edge 60 Fusion 5G (PANTONE Amazonite, 128 GB)","₹20,999₹24,99916% off","1,23,143 Ratings & 6,345 Reviews",16% off,50MP + 13MP | 32MP Front Camera,8 GB RAM | 128 GB ROM | Expandable Upto 1 TB,5500 mAh Battery,16.94 cm (6.67 inch) Display,4.4
287,"IQOO Z10R 5G (Moonstone, 256 GB)","₹25,250₹26,9996% off",504 Ratings & 34 Reviews,6% off,50MP Rear Camera,12 GB RAM | 256 GB ROM,5700 mAh Battery,17.2 cm (6.77 inch) Display,4.3
288,"IQOO Z10 Lite 5G (Titanium Blue, 128 GB)","₹12,137₹13,99913% off","2,387 Ratings & 94 Reviews",13% off,50MP Rear Camera,4 GB RAM | 128 GB ROM,6000 mAh Battery,17.12 cm (6.74 inch) Display,4.2
289,"Apple iPhone 16 Plus (Teal, 256 GB)","₹89,900","4,342 Ratings & 229 Reviews",No Offer,48MP + 12MP | 12MP Front Camera,256 GB ROM,"A18 Chip, 6 Core Processor Processor",17.02 cm (6.7 inch) Super Retina XDR Display,4.6
290,"realme P4x 5G (Lake Green, 128 GB)","₹16,499₹17,9998% off","7,161 Ratings & 549 Reviews",8% off,50MP + 2MP | 8MP Front Camera,6 GB RAM | 128 GB ROM,7000 mAh Battery,17.07 cm (6.72 inch) Full HD+ Display,4.4
291,"Coolpad CP12 Neo (Gold, 64 GB)","₹7,299₹9,99927% off",,27% off,13MP Rear Camera | 5MP Front Camera,8 GB RAM | 64 GB ROM | Expandable Upto 512 GB,5000 mAh Battery,16.66 cm (6.56 inch) Display,
292,"MOTOROLA G96 5G (Pantone Ashleigh Blue, 256 GB)","₹18,999₹22,99917% off","87,695 Ratings & 4,418 Reviews",17% off,50MP + 8MP | 32MP Front Camera,8 GB RAM | 256 GB ROM,5500 mAh Battery,16.94 cm (6.67 inch) Full HD+ Display,4.4
293,"Samsung Galaxy A55 5G (Awesome Navy, 128 GB)","₹27,553₹42,99935% off","6,918 Ratings & 419 Reviews",35% off,50MP + 12MP + 5MP | 32MP Front Camera,8 GB RAM | 128 GB ROM | Expandable Upto 1 TB,5000 mAh Battery,16.76 cm (6.6 inch) Full HD+ Display,4.4
294,"realme C71 (Obsidian Black, 64 GB)","₹8,471₹8,9995% off","1,031 Ratings & 35 Reviews",5% off,13MP Rear Camera | 5MP Front Camera,4 GB RAM | 64 GB ROM | Expandable Upto 2 TB,6300 mAh Battery,17.14 cm (6.75 inch) HD+ Display,4.3
295,Kechaoda A27,"₹899₹1,49940% off","16,259 Ratings & 869 Reviews",40% off,0MP | 0MP Front Camera,32 MB RAM | 32 MB ROM | Expandable Upto 16 GB,800 mAh Battery,1.68 cm (0.66 inch) QVGA Display,4
296,"REDMI 13 5G (Hawaiian Blue, 128 GB)","₹14,488₹19,99927% off","15,051 Ratings & 790 Reviews",27% off,108MP Rear Camera,8 GB RAM | 128 GB ROM,5030 mAh Battery,17.25 cm (6.79 inch) Display,4.2
297,"Apple iPhone 16 (Pink, 256 GB)","₹79,900","2,08,117 Ratings & 6,671 Reviews",No Offer,48MP + 12MP | 12MP Front Camera,256 GB ROM,"A18 Chip, 6 Core Processor Processor",15.49 cm (6.1 inch) Super Retina XDR Display,4.6
298,"OnePlus Nord 5 5G (Dry Ice, 256 GB)","₹37,955₹37,999","1,656 Ratings & 127 Reviews",No Offer,50MP Rear Camera,12 GB RAM | 256 GB ROM,6800 mAh Battery,17.35 cm (6.83 inch) Display,4.5
299,"Samsung M06 5G (Blazing Black, 128 GB)","₹10,614₹13,99924% off","1,082 Ratings & 66 Reviews",24% off,50MP Rear Camera,4 GB RAM | 128 GB ROM,5000 mAh Battery,17.02 cm (6.7 inch) Display,4.1
300,"Apple iPhone 16 Plus (Teal, 128 GB)","₹79,900","4,342 Ratings & 229 Reviews",No Offer,48MP + 12MP | 12MP Front Camera,128 GB ROM,"A18 Chip, 6 Core Processor Processor",17.02 cm (6.7 inch) Super Retina XDR Display,4.6
301,KARBONN Jumbo K9,"₹1,255₹1,89033% off","16,557 Ratings & 1,504 Reviews",33% off,1.3MP + 0MP | 2MP Front Camera,Expandable Upto 8 GB,1800 mAh Li-Ion Battery,6.1 cm (2.4 inch) FWVGA Display,4
302,Kechaoda K115,"₹999₹1,49933% off","43,589 Ratings & 2,715 Reviews",33% off,0.3MP + 0MP | 0MP Front Camera,32 MB RAM | 32 MB ROM | Expandable Upto 16 GB,850 mAh Battery,3.66 cm (1.44 inch) QVGA Display,4.1
303,"Tecno Spark Go 1 (Magic Skin Green, 64 GB)","₹7,299₹8,99918% off","6,605 Ratings & 314 Reviews",18% off,13MP Rear Camera | 8MP Front Camera,4 GB RAM | 64 GB ROM | Expandable Upto 1 TB,5000 mAh Battery,16.94 cm (6.67 inch) Display,4.3
304,"Tecno Spark Go 1 (Startrail Black, 64 GB)","₹7,299₹8,99918% off","6,605 Ratings & 314 Reviews",18% off,13MP Rear Camera | 8MP Front Camera,4 GB RAM | 64 GB ROM | Expandable Upto 1 TB,5000 mAh Battery,16.94 cm (6.67 inch) Display,4.3
305,"REDMI 15 5G (Midnight Black, 128 GB)","₹15,425₹16,9999% off","1,468 Ratings & 89 Reviews",9% off,50MP Rear Camera,6 GB RAM | 128 GB ROM,7000 mAh Battery,17.53 cm (6.9 inch) Display,4.3
306,"MOTOROLA Edge 60 Pro (Pantone Shadow, 512 GB)","₹37,999₹42,99911% off","2,611 Ratings & 193 Reviews",11% off,50MP + 50MP + 10MP | 50MP Front Camera,16 GB RAM | 512 GB ROM,6000 mAh Battery,17.02 cm (6.7 inch) Display,4.4
307,"IQOO Z10R 5G (Aquamarine, 256 GB)","₹22,490₹24,99910% off","3,776 Ratings & 217 Reviews",10% off,50MP Rear Camera,8 GB RAM | 256 GB ROM,5700 mAh Battery,17.2 cm (6.77 inch) Display,4.4
308,"Google Pixel 9A (Iris, 256 GB)","₹39,999₹49,99920% off","7,149 Ratings & 476 Reviews",20% off,48MP + 12MP | 12MP Front Camera,8 GB RAM | 256 GB ROM,5100 mAh Battery,15.96 cm (6.285 inch) Full HD+ Display,4.5
309,"MOTOROLA Edge 60 Pro (Pantone Sparkling Grape, 256 GB)","₹29,999₹36,99918% off","46,783 Ratings & 3,440 Reviews",18% off,50MP + 50MP + 10MP | 50MP Front Camera,8 GB RAM | 256 GB ROM,6000 mAh Battery,17.02 cm (6.7 inch) Display,4.3
310,"Ai+ Nova 5G (Black, 128 GB)","₹8,999₹10,99918% off","25,287 Ratings & 1,590 Reviews",18% off,50MP Rear Camera | 5MP Front Camera,6 GB RAM | 128 GB ROM | Expandable Upto 1 TB,5000 mAh Battery,17.13 cm (6.745 inch) HD+ Display,4.2
311,"REDMI A4 (Starry Black, 128 GB)","₹10,569₹11,99911% off","14,848 Ratings & 618 Reviews",11% off,50MP Rear Camera,4 GB RAM | 128 GB ROM,5160 mAh Battery,17.48 cm (6.88 inch) Display,4.3
312,"realme C71 (Sea Blue, 64 GB)","₹8,990₹8,999","1,031 Ratings & 35 Reviews",No Offer,13MP Rear Camera | 5MP Front Camera,4 GB RAM | 64 GB ROM | Expandable Upto 2 TB,6300 mAh Battery,17.14 cm (6.75 inch) HD+ Display,4.3
313,Kechaoda K115,"₹999₹1,49933% off","43,589 Ratings & 2,715 Reviews",33% off,0.3MP + 0.5MP | 0MP Front Camera,32 MB RAM | 32 MB ROM | Expandable Upto 32 GB,850 mAh Battery,3.66 cm (1.44 inch) QVGA Display,4.1
314,MOTOROLA A10V DS Keypad Phone with Voice Feature|800 mAh Battery|Wireless FM Recording,"₹975₹1,59939% off","10,034 Ratings & 646 Reviews",39% off,800 mAh Battery,4 MB RAM | 0.03 GB ROM | Expandable Upto 64 GB,1 Year Handset Warranty and 6 Months Warranty on Accessories,4.57 cm (1.8 inch) Display,4
315,"OPPO Reno15c 5G (Afterglow Pink, 256 GB)","₹34,999₹42,99918% off",39 Ratings & 0 Reviews,18% off,50MP + 8MP + 2MP | Yes,8 GB RAM | 256 GB ROM,7000 mAh Battery,16.69 cm (6.57 inch) Full HD+ Display,4.4
316,"realme P4x 5G (Lake Green, 128 GB)","₹16,499₹17,9998% off","7,161 Ratings & 549 Reviews",8% off,50MP + 2MP | 8MP Front Camera,6 GB RAM | 128 GB ROM,7000 mAh Battery,17.07 cm (6.72 inch) Full HD+ Display,4.4
317,"Coolpad CP12 Neo (Gold, 64 GB)","₹7,299₹9,99927% off",,27% off,13MP Rear Camera | 5MP Front Camera,8 GB RAM | 64 GB ROM | Expandable Upto 512 GB,5000 mAh Battery,16.66 cm (6.56 inch) Display,
318,leysky hotline A26 mini Magic Voice Phone,"₹777₹1,29940% off",7 Ratings & 1 Reviews,40% off,800 mAh Battery,16 MB RAM | 16 MB ROM | Expandable Upto 16 GB,Mediatek Processor,1.68 cm (0.66 inch) NA Display,3.7
319,"Samsung Galaxy F55 5G (Apricot Crush, 256 GB)","₹22,999₹31,99928% off","3,225 Ratings & 258 Reviews",28% off,50MP + 8MP + 2MP | 50MP Front Camera,8 GB RAM | 256 GB ROM | Expandable Upto 1 TB,5000 mAh Battery,17.02 cm (6.7 inch) Full HD+ Display,4
320,"Samsung Galaxy A16 5G (Light Green, 128 GB)","₹15,999₹19,99920% off","4,458 Ratings & 197 Reviews",20% off,50MP + 5MP + 2MP | 13MP Front Camera,6 GB RAM | 128 GB ROM,5000 mAh Battery,17.02 cm (6.7 inch) Full HD+ Display,4.2
321,"IQOO Neo 10 (Titanium Chrome, 256 GB)","₹37,883₹38,9992% off","1,389 Ratings & 100 Reviews",2% off,50MP + 50MP + 8MP | 32MP + 32MP Dual Front Camera,8 GB RAM | 256 GB ROM,7000 mAh Battery,17.22 cm (6.78 inch) Full HD+ E3 Super AMOLED Display,4.6
322,"IQOO Neo 10 (Titanium Chrome, 256 GB)","₹40,980₹40,999","1,004 Ratings & 77 Reviews",No Offer,50MP + 50MP + 8MP | 32MP + 32MP Dual Front Camera,12 GB RAM | 256 GB ROM,7000 mAh Battery,17.22 cm (6.78 inch) Full HD+ E3 Super AMOLED Display,4.5
323,Samsung Guru 1200,"₹773₹1,89959% off","12,287 Ratings & 842 Reviews",59% off,800 mAh Battery,4 MB RAM | 10 MB ROM,NA,3.86 cm (1.52 inch) Display,3
324,"hmd 105 Dual Sim Keypad Phone with Built-in UPI App, Wireless FM Radio","₹1,009₹1,49932% off","4,520 Ratings & 327 Reviews",32% off,1000 mAh Battery,4 MB RAM | 4 MB ROM | Expandable Upto 32 GB,SC6531E Processor,5.08 cm (2 inch) Display,3.8
325,"MOTOROLA Edge 60 Fusion 5G (PANTONE Mykonos Blue, 256 GB)","₹22,999₹25,99911% off","1,23,143 Ratings & 6,345 Reviews",11% off,50MP + 13MP | 32MP Front Camera,8 GB RAM | 256 GB ROM | Expandable Upto 1 TB,5500 mAh Battery,16.94 cm (6.67 inch) Display,4.4
326,Kechaoda K115,"₹999₹1,49933% off","43,589 Ratings & 2,715 Reviews",33% off,0.3MP Rear Camera,32 MB RAM | 32 MB ROM,850 mAh Battery,3.66 cm (1.44 inch) QVGA Display,4.1
327,leysky hotline A26 Mini Magic Voice Phone,"₹799₹1,29938% off",7 Ratings & 1 Reviews,38% off,800 mAh Battery,16 MB RAM | 16 MB ROM | Expandable Upto 16 GB,Mediatek Processor,1.68 cm (0.66 inch) NA Display,3.7
328,Kechaoda K115,"₹999₹1,49933% off","43,589 Ratings & 2,715 Reviews",33% off,0.3MP + 0MP | 0MP Front Camera,32 MB RAM | 32 MB ROM | Expandable Upto 32 GB,850 mAh Battery,3.66 cm (1.44 inch) QVGA Display,4.1
329,"IQOO Neo 10 (Inferno Red, 128 GB)","₹36,999","1,389 Ratings & 100 Reviews",No Offer,50MP + 50MP + 8MP | 32MP + 32MP Dual Front Camera,8 GB RAM | 128 GB ROM,7000 mAh Battery,17.22 cm (6.78 inch) Full HD+ E3 Super AMOLED Display,4.6
330,itel Ace 3 Shine,"₹938₹1,24924% off","1,607 Ratings & 67 Reviews",24% off,1000 mAh Battery,4 MB RAM | 4 MB ROM | Expandable Upto 32 GB,Unisoc Processor,4.57 cm (1.8 inch) QVGA Display,4.1
331,"Apple iPhone 17 Pro (Silver, 512 GB)","₹1,54,900",838 Ratings & 59 Reviews,No Offer,48MP + 48MP + 48MP | 18MP Front Camera,512 GB ROM,"A19 Chip, 6 Core Processor Processor",16.0 cm (6.3 inch) Super Retina XDR Display,4.7
332,"realme 16 Pro+ 5G (Camellia Pink, 256 GB)","₹45,999",702 Ratings & 92 Reviews,No Offer,200MP + 50MP + 8MP | 50MP Front Camera,8 GB RAM | 256 GB ROM,7000 mAh Battery,17.27 cm (6.8 inch) Full HD+ AMOLED Display,4.6
333,"realme 16 Pro+ 5G (Master Gold, 128 GB)","₹43,999",702 Ratings & 92 Reviews,No Offer,200MP + 50MP + 8MP | 50MP Front Camera,8 GB RAM | 128 GB ROM,7000 mAh Battery,17.27 cm (6.8 inch) Full HD+ AMOLED Display,4.6
334,"realme 16 Pro+ 5G (Camellia Pink, 256 GB)","₹48,999",445 Ratings & 73 Reviews,No Offer,200MP + 50MP + 8MP | 50MP Front Camera,12 GB RAM | 256 GB ROM,7000 mAh Battery,17.27 cm (6.8 inch) Full HD+ AMOLED Display,4.7
335,"Samsung Galaxy S24 5G Snapdragon (Amber Yellow, 256 GB)","₹47,999₹79,99940% off","54,305 Ratings & 3,030 Reviews",40% off,50MP + 12MP | 12MP Front Camera,8 GB RAM | 256 GB ROM,4000 mAh Battery,15.75 cm (6.2 inch) Full HD+ Display,4.6
336,"Coolpad CP12 Neo (Blue, 64 GB)","₹7,299₹9,99927% off",,27% off,13MP Rear Camera | 5MP Front Camera,8 GB RAM | 64 GB ROM | Expandable Upto 512 GB,5000 mAh Battery,16.66 cm (6.56 inch) Display,
337,"OPPO K13 5G with 7000mAh and 80W SUPERVOOC Charger In-The-Box (Icy Purple, 128 GB)","₹22,999","79,451 Ratings & 4,669 Reviews",No Offer,50MP + 2MP | 16MP Front Camera,8 GB RAM | 128 GB ROM,7000 mAh Battery,16.94 cm (6.67 inch) Display,4.5
338,"Nokia 110 Dual Sim with Built-in UPI App, MP3 Player, Rear Camera","₹1,579₹2,09924% off","3,812 Ratings & 235 Reviews",24% off,0.08MP Rear Camera,32 MB RAM | 32 MB ROM,1000 mAh Battery,17.02 cm (6.7 inch) Display,3.6
339,"POCO M7 Pro 5G (Lavender Frost, 256 GB)","₹15,499₹20,99926% off","14,276 Ratings & 1,159 Reviews",26% off,50MP + 2MP | 20MP Front Camera,8 GB RAM | 256 GB ROM,5110 mAh Battery,16.94 cm (6.67 inch) Full HD+ Display,4.3
340,"POCO M7 Plus 5G (Carbon Black, 128 GB)","₹12,999₹15,99918% off","1,767 Ratings & 120 Reviews",18% off,50MP Rear Camera,4 GB RAM | 128 GB ROM | Expandable Upto 2 TB,7000 mAh Battery,17.53 cm (6.9 inch) Display,4.1
341,"REDMI 15 5G (Frosted White, 256 GB)","₹17,988₹19,99910% off","3,067 Ratings & 154 Reviews",10% off,50MP Rear Camera,8 GB RAM | 256 GB ROM,7000 mAh Battery,17.53 cm (6.9 inch) Display,4.3
342,"vivo X200T (Seaside Lilac, 256 GB)","₹59,999₹79,99925% off",344 Ratings & 73 Reviews,25% off,50MP + 50MP + 50MP | 32MP Front Camera,12 GB RAM | 256 GB ROM,6200 mAh Battery,16.94 cm (6.67 inch) Full HD+ AMOLED Display,4.7
343,"vivo X200T (Seaside Lilac, 512 GB)","₹69,999₹87,99920% off",344 Ratings & 73 Reviews,20% off,50MP + 50MP + 50MP | 32MP Front Camera,12 GB RAM | 512 GB ROM,6200 mAh Battery,16.94 cm (6.67 inch) Full HD+ AMOLED Display,4.7
344,"vivo X200T (Stellar Black, 256 GB)","₹59,999₹79,99925% off",344 Ratings & 73 Reviews,25% off,50MP + 50MP + 50MP | 32MP Front Camera,12 GB RAM | 256 GB ROM,6200 mAh Battery,16.94 cm (6.67 inch) Full HD+ AMOLED Display,4.7
345,FONEME FM-2 F316,₹499₹99950% off,345 Ratings & 14 Reviews,50% off,0.3MP Rear Camera,8 MB RAM | 16 MB ROM,1000 mAh Battery,4.57 cm (1.8 inch) Display,3.6
346,"Samsung M06 5G (Blazing Black, 128 GB)","₹12,249₹15,49920% off",831 Ratings & 61 Reviews,20% off,50MP Rear Camera,6 GB RAM | 128 GB ROM,5000 mAh Battery,17.02 cm (6.7 inch) Display,4.1
347,Kechaoda A27,"₹899₹1,49940% off","16,259 Ratings & 869 Reviews",40% off,0MP | 0MP Front Camera,32 MB RAM | 32 MB ROM | Expandable Upto 16 GB,800 mAh Battery,1.68 cm (0.66 inch) FWVGA Display,4
348,Kechaoda A27,"₹899₹1,49940% off","16,259 Ratings & 869 Reviews",40% off,800 mAh Battery,32 MB RAM | 32 MB ROM | Expandable Upto 16 GB,3 Months Company Warranty,1.68 cm (0.66 inch) FWVGA+ Display,4
349,"REDMI 15 5G (Sandy Purple, 256 GB)","₹18,325₹19,9998% off","3,067 Ratings & 154 Reviews",8% off,50MP Rear Camera,8 GB RAM | 256 GB ROM,7000 mAh Battery,17.53 cm (6.9 inch) Display,4.3
350,"realme P4x 5G (Matte Silver, 128 GB)","₹16,499₹17,9998% off","7,161 Ratings & 549 Reviews",8% off,50MP + 2MP | 8MP Front Camera,6 GB RAM | 128 GB ROM,7000 mAh Battery,17.07 cm (6.72 inch) Full HD+ Display,4.4
351,"realme P4x 5G (Matte Silver, 128 GB)","₹17,999₹18,9995% off","2,359 Ratings & 201 Reviews",5% off,50MP + 2MP | 8MP Front Camera,8 GB RAM | 128 GB ROM,7000 mAh Battery,17.07 cm (6.72 inch) Full HD+ Display,4.3
352,"POCO C71 (Power Black, 128 GB)","₹8,799₹9,99912% off","33,722 Ratings & 1,570 Reviews",12% off,32MP Rear Camera | 8MP Front Camera,6 GB RAM | 128 GB ROM | Expandable Upto 2 TB,5200 mAh Battery,17.48 cm (6.88 inch) HD+ Display,4.1
353,"IQOO Z10 5G (Stellar Black, 256 GB)","₹25,800₹27,9997% off","5,331 Ratings & 258 Reviews",7% off,50MP Rear Camera,8 GB RAM | 256 GB ROM,7300 mAh Battery,17.2 cm (6.77 inch) Display,4.4
354,Kechaoda K33,"₹998₹2,20054% off","11,171 Ratings & 622 Reviews",54% off,0.3MP + 0MP | 0MP Front Camera,32 MB RAM | 32 GB ROM | Expandable Upto 32 MB,800 mAh Battery,3.66 cm (1.44 inch) NA Display,4
355,"IQOO Neo 10 (Inferno Red, 256 GB)","₹37,640₹38,9993% off","1,389 Ratings & 100 Reviews",3% off,50MP + 50MP + 8MP | 32MP + 32MP Dual Front Camera,8 GB RAM | 256 GB ROM,7000 mAh Battery,17.22 cm (6.78 inch) Full HD+ E3 Super AMOLED Display,4.6
356,HOTLINE Amaze H310,₹491₹99950% off,874 Ratings & 47 Reviews,50% off,1.3MP + 0.3MP,32 MB RAM | 32 MB ROM | Expandable Upto 32 GB,1000 mAh Battery,4.57 cm (1.8 inch) NA Display,3.4
357,"OPPO K13 5G with 7000mAh and 80W SUPERVOOC Charger In-The-Box (Prism Black, 128 GB)","₹22,999","79,451 Ratings & 4,669 Reviews",No Offer,50MP + 2MP | 16MP Front Camera,8 GB RAM | 128 GB ROM,7000 mAh Battery,16.94 cm (6.67 inch) Display,4.5
358,"OPPO K13 5G with 7000mAh and 80W SUPERVOOC Charger In-The-Box (Icy Purple, 256 GB)","₹24,999","79,451 Ratings & 4,669 Reviews",No Offer,50MP + 2MP | 16MP Front Camera,8 GB RAM | 256 GB ROM,7000 mAh Battery,16.94 cm (6.67 inch) Display,4.5
359,"Samsung Galaxy M17 5G (Sapphire Black, 128 GB)","₹13,945₹16,49915% off",238 Ratings & 13 Reviews,15% off,50MP Rear Camera,4 GB RAM | 128 GB ROM,5000 mAh Battery,17.02 cm (6.7 inch) Display,4.4
360,"realme P4x 5G (Lake Green, 128 GB)","₹16,499₹17,9998% off","7,161 Ratings & 549 Reviews",8% off,50MP + 2MP | 8MP Front Camera,6 GB RAM | 128 GB ROM,7000 mAh Battery,17.07 cm (6.72 inch) Full HD+ Display,4.4
361,"Coolpad CP12 Neo (Gold, 64 GB)","₹7,299₹9,99927% off",,27% off,13MP Rear Camera | 5MP Front Camera,8 GB RAM | 64 GB ROM | Expandable Upto 512 GB,5000 mAh Battery,16.66 cm (6.56 inch) Display,
362,"OPPO K13 5G with 7000mAh and 80W SUPERVOOC Charger In-The-Box (Icy Purple, 256 GB)","₹24,999","79,451 Ratings & 4,669 Reviews",No Offer,50MP + 2MP | 16MP Front Camera,8 GB RAM | 256 GB ROM,7000 mAh Battery,16.94 cm (6.67 inch) Display,4.5
363,"Nokia 105 Classic Single Sim Keypad Phone, Charger in-Box","₹1,179₹1,39915% off","7,348 Ratings & 418 Reviews",15% off,0MP Front Camera,32 MB RAM | 32 MB ROM,800 mAh Battery,4.5 cm (1.77 inch) Display,3.6
364,Kechaoda K33,"₹998₹2,20054% off","11,171 Ratings & 622 Reviews",54% off,0.3MP + 0MP | 0MP Front Camera,32 MB RAM | 32 GB ROM | Expandable Upto 32 MB,800 mAh Battery,3.66 cm (1.44 inch) NA Display,4
365,Kechaoda A27,"₹899₹1,49940% off","16,259 Ratings & 869 Reviews",40% off,0.5MP | 0MP Front Camera,32 MB RAM | 32 MB ROM | Expandable Upto 16 GB,800 mAh Battery,1.68 cm (0.66 inch) NA Display,4
366,"POCO M7 Pro 5G (Lavender Frost, 128 GB)","₹13,499₹18,99928% off","37,585 Ratings & 2,682 Reviews",28% off,50MP + 2MP | 20MP Front Camera,6 GB RAM | 128 GB ROM,5110 mAh Battery,16.94 cm (6.67 inch) Full HD+ Display,4.3
367,"Samsung M06 5G (Blazing Black, 128 GB)","₹12,249₹15,49920% off",831 Ratings & 61 Reviews,20% off,50MP Rear Camera,6 GB RAM | 128 GB ROM,5000 mAh Battery,17.02 cm (6.7 inch) Display,4.1
368,"KARBONN Jumbo K9 Keypad Mobile Phone 2.4inch LCD2 MP Camera,1800mAh Battery,FM Vibratore","₹1,293₹1,89031% off",388 Ratings & 16 Reviews,31% off,2MP + 0MP,45 MB RAM | 32 MB ROM | Expandable Upto 32 GB,1800 mAh Battery,6.1 cm (2.4 inch) WQXGA+ Display,4
369,"OPPO A59 5G (Starry Black, 128 GB)","₹13,800₹17,99923% off","1,280 Ratings & 61 Reviews",23% off,13MP + 2MP | 8MP Front Camera,4 GB RAM | 128 GB ROM | Expandable Upto 1 TB,5000 mAh Battery,16.66 cm (6.56 inch) HD+ Display,4.3
370,Kechaoda A27,"₹899₹1,49940% off","16,259 Ratings & 869 Reviews",40% off,800 mAh Battery,32 MB RAM | 32 MB ROM | Expandable Upto 16 GB,3 Months Company Warranty,1.68 cm (0.66 inch) FWVGA+ Display,4
371,"vivo X200T (Stellar Black, 512 GB)","₹69,999₹87,99920% off",344 Ratings & 73 Reviews,20% off,50MP + 50MP + 50MP | 32MP Front Camera,12 GB RAM | 512 GB ROM,6200 mAh Battery,16.94 cm (6.67 inch) Full HD+ AMOLED Display,4.7
372,"Tecno Spark Go 5G (Ink Black, 128 GB)","₹10,999₹11,9998% off","1,618 Ratings & 138 Reviews",8% off,50MP Rear Camera | 5MP Front Camera,4 GB RAM | 128 GB ROM | Expandable Upto 1 TB,6000 mAh Battery,17.12 cm (6.74 inch) Display,4.3
373,Jmax DELUXE 6,₹599₹99940% off,700 Ratings & 57 Reviews,40% off,0.3MP Rear Camera,32 MB RAM | 32 MB ROM,1000 mAh Battery,4.57 cm (1.8 inch) Display,4
374,Samsung SM-B310 EZBAPKS,"₹898₹1,89952% off","1,176 Ratings & 71 Reviews",52% off,0MP | 0MP Front Camera,100 MB RAM | 100 MB ROM | Expandable Upto 100 MB,800 mAh Battery,4.57 cm (1.8 inch) VGA Display,3.1
375,"MOTOROLA Signature (PANTONE Martini Olive, 1 TB)","₹69,999₹84,99917% off",114 Ratings & 21 Reviews,17% off,50MP + 50MP + 50MP | 50MP Front Camera,16 GB RAM | 1 TB ROM,5200 mAh Battery,17.27 cm (6.8 inch) Super HD Display,4.5
376,"realme 16 Pro 5G (Orchid Purple, 256 GB)","₹39,999",383 Ratings & 43 Reviews,No Offer,200MP + 8MP | 50MP Front Camera,12 GB RAM | 256 GB ROM,7000 mAh Battery,17.22 cm (6.78 inch) Full HD+ Display,4.5
377,"Samsung Galaxy A16 5G (Gold, 128 GB)","₹16,099₹19,99919% off","4,458 Ratings & 197 Reviews",19% off,50MP + 5MP + 2MP | 13MP Front Camera,6 GB RAM | 128 GB ROM,5000 mAh Battery,17.02 cm (6.7 inch) Full HD+ Display,4.2
378,"realme P4x 5G (Lake Green, 256 GB)","₹19,999₹20,9994% off","2,359 Ratings & 201 Reviews",4% off,50MP + 2MP | 8MP Front Camera,8 GB RAM | 256 GB ROM,7000 mAh Battery,17.07 cm (6.72 inch) Full HD+ Display,4.3
379,"realme 16 Pro+ 5G (Master Gold, 256 GB)","₹48,999",445 Ratings & 73 Reviews,No Offer,200MP + 50MP + 8MP | 50MP Front Camera,12 GB RAM | 256 GB ROM,7000 mAh Battery,17.27 cm (6.8 inch) Full HD+ AMOLED Display,4.7
380,"realme 16 Pro+ 5G (Master Grey, 256 GB)","₹48,999",445 Ratings & 73 Reviews,No Offer,200MP + 50MP + 8MP | 50MP Front Camera,12 GB RAM | 256 GB ROM,7000 mAh Battery,17.27 cm (6.8 inch) Full HD+ AMOLED Display,4.7
381,"Samsung Galaxy A55 5G (Awesome Navy, 256 GB)","₹29,968₹45,99934% off","6,918 Ratings & 419 Reviews",34% off,50MP + 12MP + 5MP | 32MP Front Camera,8 GB RAM | 256 GB ROM | Expandable Upto 1 TB,5000 mAh Battery,16.76 cm (6.6 inch) Full HD+ Display,4.4
382,MOTOROLA Moto A100,"₹1,049₹1,49930% off",38 Ratings & 3 Reviews,30% off,0MP | 0MP Front Camera,36 MB RAM | 36 MB ROM | Expandable Upto 0 MB,800 mAh Battery,3.66 cm (1.44 inch) HQVGA Display,4.2
383,"vivo T4 Ultra 5G (Phoenix Gold, 256 GB)","₹35,999₹40,99912% off","5,528 Ratings & 505 Reviews",12% off,50MP + 8MP + 50MP Periscope | 32MP Front Camera,8 GB RAM | 256 GB ROM,5500 mAh Battery,16.94 cm (6.67 inch) Full HD+ AMOLED Display,4.5
384,Kechaoda K9,"₹1,198₹1,49920% off","3,746 Ratings & 305 Reviews",20% off,0.3MP Rear Camera,32 MB RAM | 64 MB ROM | Expandable Upto 16 GB,1700 mAh Battery,6.1 cm (2.4 inch) QVGA Display,4.1
385,"BlackZone GT 17 PRO MAXX (Orange, 128 GB)","₹9,999₹13,99928% off",,28% off,32MP Rear Camera,8 GB RAM | 128 GB ROM,5000 mAh Battery,16.76 cm (6.6 inch) Display,
386,"Coolpad CP12 Neo (Gold, 64 GB)","₹7,299₹9,99927% off",,27% off,13MP Rear Camera | 5MP Front Camera,8 GB RAM | 64 GB ROM | Expandable Upto 512 GB,5000 mAh Battery,16.66 cm (6.56 inch) Display,
387,"REDMI 14C 5G (Starlight Blue, 128 GB)","₹11,999₹14,99920% off","10,036 Ratings & 488 Reviews",20% off,50MP Rear Camera | 8MP Front Camera,6 GB RAM | 128 GB ROM | Expandable Upto 1 TB,5160 mAh Battery,17.48 cm (6.88 inch) HD+ Display,4.3
388,"IQOO Z10 5G (Stellar Black / Black, 256 GB)","₹24,508₹27,99912% off","5,331 Ratings & 258 Reviews",12% off,50MP Rear Camera,8 GB RAM | 256 GB ROM,7300 mAh Battery,17.2 cm (6.77 inch) Display,4.4
389,"Samsung Galaxy A16 5G (Light Green, 128 GB)","₹15,774₹19,99921% off","4,458 Ratings & 197 Reviews",21% off,50MP + 5MP + 2MP | 13MP Front Camera,6 GB RAM | 128 GB ROM,5000 mAh Battery,17.02 cm (6.7 inch) Full HD+ Display,4.2
390,"realme 16 Pro 5G (Master Gold, 256 GB)","₹39,999",383 Ratings & 43 Reviews,No Offer,200MP + 8MP | 50MP Front Camera,12 GB RAM | 256 GB ROM,7000 mAh Battery,17.22 cm (6.78 inch) Full HD+ Display,4.5
391,"MOTOROLA Signature (PANTONE Carbon, 256 GB)","₹59,999₹74,99920% off",117 Ratings & 22 Reviews,20% off,50MP + 50MP + 50MP | 50MP Front Camera,12 GB RAM | 256 GB ROM,5200 mAh Battery,17.27 cm (6.8 inch) Super HD Display,4.4
392,"realme C71 (Obsidian Black, 128 GB)","₹9,699₹10,99911% off","9,030 Ratings & 336 Reviews",11% off,13MP Rear Camera | 5MP Front Camera,6 GB RAM | 128 GB ROM | Expandable Upto 2 TB,6300 mAh Battery,17.14 cm (6.75 inch) HD+ Display,4.2
393,"realme C71 (Sea Blue, 128 GB)","₹9,699₹10,99911% off","9,030 Ratings & 336 Reviews",11% off,13MP Rear Camera | 5MP Front Camera,6 GB RAM | 128 GB ROM | Expandable Upto 2 TB,6300 mAh Battery,17.14 cm (6.75 inch) HD+ Display,4.2
394,"MOTOROLA Edge 60 Pro (Pantone Sparkling Grape, 512 GB)","₹37,999₹42,99911% off","2,611 Ratings & 193 Reviews",11% off,50MP + 50MP + 10MP | 50MP Front Camera,16 GB RAM | 512 GB ROM,6000 mAh Battery,17.02 cm (6.7 inch) Display,4.4
395,Samsung Guru 1200,"₹717₹1,29944% off","12,287 Ratings & 842 Reviews",44% off,800 mAh Battery,4 MB RAM | 10 MB ROM,No Brand Warranty,3.86 cm (1.52 inch) Display,3
396,Kechaoda K9,"₹1,249₹1,49916% off","3,746 Ratings & 305 Reviews",16% off,0.3MP Rear Camera,32 MB RAM | 64 MB ROM | Expandable Upto 16 GB,1700 mAh Battery,6.1 cm (2.4 inch) QVGA Display,4.1
397,"IQOO Z10 5G (Stellar Black, 256 GB)","₹25,800₹27,9997% off","5,331 Ratings & 258 Reviews",7% off,50MP Rear Camera,8 GB RAM | 256 GB ROM,7300 mAh Battery,17.2 cm (6.77 inch) Display,4.4
398,"Tecno Pova 7 Pro 5G (Neon Cyan, 256 GB)","₹18,749₹23,99921% off","3,994 Ratings & 420 Reviews",21% off,64MP + 8MP | 13MP Front Camera,8 GB RAM | 256 GB ROM,6000 mAh Battery,17.22 cm (6.78 inch) Full HD+ AMOLED Display,4.4
399,"REDMI 14C 5G (Stardust Purple, 128 GB)","₹10,499₹13,99925% off","9,171 Ratings & 453 Reviews",25% off,50MP Rear Camera | 8MP Front Camera,4 GB RAM | 128 GB ROM | Expandable Upto 1 TB,5160 mAh Battery,17.48 cm (6.88 inch) HD+ Display,4.2
400,"Tecno Pova 7 Pro 5G (Dynamic Grey, 128 GB)","₹17,749₹21,99919% off","3,994 Ratings & 420 Reviews",19% off,64MP + 8MP | 13MP Front Camera,8 GB RAM | 128 GB ROM,6000 mAh Battery,17.22 cm (6.78 inch) Full HD+ AMOLED Display,4.4
401,"Tecno Spark Go 5G (Turquoise Green, 128 GB)","₹10,999₹11,9998% off","1,618 Ratings & 138 Reviews",8% off,50MP Rear Camera | 5MP Front Camera,4 GB RAM | 128 GB ROM | Expandable Upto 1 TB,6000 mAh Battery,17.12 cm (6.74 inch) Display,4.3
402,"POCO M7 5G (Ocean Blue, 128 GB)","₹11,799₹13,99915% off","16,767 Ratings & 794 Reviews",15% off,50MP Rear Camera | 8MP Front Camera,8 GB RAM | 128 GB ROM | Expandable Upto 1 TB,5160 mAh Battery,17.48 cm (6.88 inch) HD+ Display,4.3
403,itel Ace2 Power,"₹1,399",889 Ratings & 45 Reviews,No Offer,2500 mAh Battery,32 MB RAM | 32 MB ROM | Expandable Upto 32 GB,"12+1 Months Domestic Warranty for device
6 months for accessories",4.57 cm (1.8 inch) Display,4.1
404,"OnePlus Nord 5 5G (Phantom Grey, 256 GB)","₹37,980₹37,999","1,656 Ratings & 127 Reviews",No Offer,50MP Rear Camera,12 GB RAM | 256 GB ROM,6800 mAh Battery,17.35 cm (6.83 inch) Display,4.5
405,"Infinix GT 30 5G+ Cyber Blue 128 (Cyber Blue, 128 GB)","₹19,499₹24,99922% off",308 Ratings & 16 Reviews,22% off,64MP + 8MP | 13MP Front Camera,8 GB RAM | 128 GB ROM,5500 mAh Battery,17.22 cm (6.78 inch) Display,4.5
406,FONEME FM-2 F316,₹499₹99950% off,345 Ratings & 14 Reviews,50% off,0.3MP Rear Camera,8 MB RAM | 16 MB ROM,1000 mAh Battery,4.57 cm (1.8 inch) Display,3.6
407,"IQOO Z10 5G (Stellar Black / Black, 128 GB)","₹21,600₹25,99916% off","5,331 Ratings & 258 Reviews",16% off,50MP Rear Camera,8 GB RAM | 128 GB ROM,7300 mAh Battery,17.02 cm (6.7 inch) Display,4.4
408,"IQOO Z10 5G (Stellar Black / Black, 128 GB)","₹21,600₹25,99916% off","5,331 Ratings & 258 Reviews",16% off,50MP Rear Camera,8 GB RAM | 128 GB ROM,7300 mAh Battery,17.02 cm (6.7 inch) Display,4.4
409,"vivo Y19e (Titanium Silver, 64 GB)","₹9,999₹11,99916% off","3,674 Ratings & 112 Reviews",16% off,13MP + 0.08MP | 5MP Front Camera,4 GB RAM | 64 GB ROM | Expandable Upto 2 TB,5500 mAh Battery,17.12 cm (6.74 inch) Display,4.3
410,"Coolpad CP12 Neo (Blue, 64 GB)","₹7,299₹9,99927% off",,27% off,13MP Rear Camera | 5MP Front Camera,8 GB RAM | 64 GB ROM | Expandable Upto 512 GB,5000 mAh Battery,16.66 cm (6.56 inch) Display,
411,"REDMI 15 5G (Sandy Purple, 128 GB)","₹16,299₹17,9999% off","3,067 Ratings & 154 Reviews",9% off,50MP Rear Camera,8 GB RAM | 128 GB ROM,7000 mAh Battery,17.53 cm (6.9 inch) Display,4.3
412,"OnePlus Nord 5 5G (Phantom Grey, 256 GB)","₹37,980₹37,999","1,656 Ratings & 127 Reviews",No Offer,50MP Rear Camera,12 GB RAM | 256 GB ROM,6800 mAh Battery,17.35 cm (6.83 inch) Display,4.5
413,"POCO M7 Plus 5G (Aqua Blue, 128 GB)","₹12,999₹15,99918% off","1,767 Ratings & 120 Reviews",18% off,50MP Rear Camera,4 GB RAM | 128 GB ROM | Expandable Upto 2 TB,7000 mAh Battery,17.53 cm (6.9 inch) Display,4.1
414,"MOTOROLA g05 (Forest Green, 64 GB)","₹7,299₹9,99927% off","79,805 Ratings & 4,779 Reviews",27% off,50MP Rear Camera | 8MP Front Camera,4 GB RAM | 64 GB ROM | Expandable Upto 1 TB,5100 mAh Battery,16.94 cm (6.67 inch) HD+ Display,4.2
415,"realme P4 5G (Steel Grey, 128 GB)","₹21,999","14,874 Ratings & 1,000 Reviews",No Offer,50MP + 8MP | 16MP Front Camera,8 GB RAM | 128 GB ROM,7000 mAh Battery,17.2 cm (6.77 inch) Display,4.4
416,"Samsung Galaxy S24 FE 5G (Graphite, 128 GB)","₹39,999₹59,99933% off","76,669 Ratings & 4,928 Reviews",33% off,50MP + 12MP + 8MP | 10MP Front Camera,8 GB RAM | 128 GB ROM,4700 mAh Battery,17.02 cm (6.7 inch) Full HD+ Display,4.5
417,"Nokia 130 Music Dual Sim with Music Player, Dedicated Music Buttons","₹1,889₹2,19914% off","23,784 Ratings & 1,331 Reviews",14% off,0MP Front Camera,4 MB RAM | 4 MB ROM,1450 mAh Battery,6.1 cm (2.4 inch) Display,3.9
418,"Samsung Galaxy F16 5G (Vibing Blue, 128 GB)","₹13,999₹17,49920% off","10,357 Ratings & 599 Reviews",20% off,50MP + 5MP + 2MP | 13MP Front Camera,6 GB RAM | 128 GB ROM,5000 mAh Battery,16.91 cm (6.657 inch) Full HD+ Display,4.2
419,"Samsung Galaxy S24 FE 5G (Graphite, 256 GB)","₹45,999₹65,99930% off","76,669 Ratings & 4,928 Reviews",30% off,50MP + 12MP + 8MP | 10MP Front Camera,8 GB RAM | 256 GB ROM,4700 mAh Battery,17.02 cm (6.7 inch) Full HD+ Display,4.5
420,"Acer Super ZX 5G (Carbon Black,, 128 GB)","₹10,196₹19,99949% off",72 Ratings & 9 Reviews,49% off,64MP Rear Camera,6 GB RAM | 128 GB ROM,5000 mAh Battery,17.02 cm (6.7 inch) Display,3.9
421,"realme 16 Pro 5G (Pebble Grey, 256 GB)","₹39,999",383 Ratings & 43 Reviews,No Offer,200MP + 8MP | 50MP Front Camera,12 GB RAM | 256 GB ROM,7000 mAh Battery,17.22 cm (6.78 inch) Full HD+ Display,4.5
422,"OPPO K13 5G with 7000mAh and 80W SUPERVOOC Charger In-The-Box (Prism Black, 256 GB)","₹24,999","79,451 Ratings & 4,669 Reviews",No Offer,50MP + 2MP | 16MP Front Camera,8 GB RAM | 256 GB ROM,7000 mAh Battery,16.94 cm (6.67 inch) Display,4.5
423,"Samsung Galaxy S24 5G Snapdragon (Cobalt Violet, 128 GB)","₹42,999₹74,99942% off","54,305 Ratings & 3,030 Reviews",42% off,50MP + 12MP | 12MP Front Camera,8 GB RAM | 128 GB ROM,4000 mAh Battery,15.75 cm (6.2 inch) Full HD+ Display,4.6
424,"realme 16 Pro 5G (Orchid Purple, 256 GB)","₹36,999","1,022 Ratings & 113 Reviews",No Offer,200MP + 8MP | 50MP Front Camera,8 GB RAM | 256 GB ROM,7000 mAh Battery,17.22 cm (6.78 inch) Full HD+ Display,4.5
425,"Apple iPhone 15 (Black, 256 GB)","₹64,900₹69,9007% off","2,72,171 Ratings & 9,517 Reviews",7% off,48MP + 12MP | 12MP Front Camera,256 GB ROM,"A16 Bionic Chip, 6 Core Processor Processor",15.49 cm (6.1 inch) Super Retina XDR Display,4.6
426,"Apple iPhone 16 Plus (Black, 256 GB)","₹89,900","4,342 Ratings & 229 Reviews",No Offer,48MP + 12MP | 12MP Front Camera,256 GB ROM,"A18 Chip, 6 Core Processor Processor",17.02 cm (6.7 inch) Super Retina XDR Display,4.6
427,MOTOROLA Moto A300,"₹1,329₹1,69921% off",769 Ratings & 37 Reviews,21% off,1.3MP + 0MP | 0MP Front Camera,4 MB RAM | 32 MB ROM | Expandable Upto 64 GB,1000 mAh Battery,5.08 cm (2 inch) NA Display,4.1
428,"realme P4 5G (Forge Red, 128 GB)","₹19,999₹20,9994% off","20,163 Ratings & 1,273 Reviews",4% off,50MP + 8MP | 16MP Front Camera,6 GB RAM | 128 GB ROM,7000 mAh Battery,17.2 cm (6.77 inch) Display,4.4
429,"Ai+ Pulse (Sparkle Red, 128 GB)","₹7,499₹9,99925% off","6,922 Ratings & 406 Reviews",25% off,50MP Rear Camera | 5MP Front Camera,6 GB RAM | 128 GB ROM | Expandable Upto 1 TB,5000 mAh Battery,17.13 cm (6.745 inch) HD+ Display,4.1
430,"realme 15T 5G (Flowing Silver, 128 GB)","₹22,999","6,256 Ratings & 404 Reviews",No Offer,50MP + 2MP | 50MP Front Camera,8 GB RAM | 128 GB ROM,7000 mAh Battery,16.69 cm (6.57 inch) Full HD Display,4.3
431,"Samsung Galaxy F36 5G (Black, 128 GB)","₹17,999₹22,99921% off","9,496 Ratings & 562 Reviews",21% off,50MP + 8MP + 2MP | 13MP Front Camera,6 GB RAM | 128 GB ROM | Expandable Upto 2 TB,5000 mAh Battery,17.02 cm (6.7 inch) Full HD+ Display,4.3
432,"Tecno Spark Go 2 (Turquoise Green, 64 GB)","₹7,499₹8,99916% off","2,501 Ratings & 150 Reviews",16% off,13MP Rear Camera,4 GB RAM | 64 GB ROM | Expandable Upto 1 TB,5000 mAh Lithium Polymer Battery,16.94 cm (6.67 inch) Display,4.3
433,"Tecno Pova 7 Pro 5G (Neon Cyan, 128 GB)","₹17,749₹21,99919% off","3,994 Ratings & 420 Reviews",19% off,64MP + 8MP | 13MP Front Camera,8 GB RAM | 128 GB ROM,6000 mAh Battery,17.22 cm (6.78 inch) Full HD+ AMOLED Display,4.4
434,"realme 14 Pro+ 5G (Pearl White, 512 GB)","₹37,999₹39,9995% off","8,965 Ratings & 963 Reviews",5% off,50MP + 50MP + 8MP | 32MP Front Camera,12 GB RAM | 512 GB ROM,6000 mAh Battery,17.35 cm (6.83 inch) Display,4.4
435,"Tecno Spark Go 2 (Ink Black, 64 GB)","₹7,499₹8,99916% off","2,501 Ratings & 150 Reviews",16% off,13MP Rear Camera,4 GB RAM | 64 GB ROM | Expandable Upto 1 TB,5000 mAh Lithium Polymer Battery,16.94 cm (6.67 inch) Display,4.3
436,"Coolpad CP12 Neo (Blue, 64 GB)","₹7,299₹9,99927% off",,27% off,13MP Rear Camera | 5MP Front Camera,8 GB RAM | 64 GB ROM | Expandable Upto 512 GB,5000 mAh Battery,16.66 cm (6.56 inch) Display,
437,"Tecno Spark Go 2 (Titanium Grey, 64 GB)","₹7,499₹8,99916% off","2,501 Ratings & 150 Reviews",16% off,13MP Rear Camera,4 GB RAM | 64 GB ROM | Expandable Upto 1 TB,5000 mAh Lithium Polymer Battery,16.94 cm (6.67 inch) Display,4.3
438,"Tecno Pova 7 Pro 5G (Geek Black, 128 GB)","₹17,749₹21,99919% off","3,994 Ratings & 420 Reviews",19% off,64MP + 8MP | 13MP Front Camera,8 GB RAM | 128 GB ROM,6000 mAh Battery,17.22 cm (6.78 inch) Full HD+ AMOLED Display,4.4
439,"Mobilezone Rock X Flip Dual Sim Keypad Mobile with 1.8""Display Flip/Fold Call & SMS","₹1,384₹3,29958% off",6 Ratings & 0 Reviews,58% off,0.3MP Rear Camera,32 MB RAM | 32 MB ROM,1800 mAh Battery,4.57 cm (1.8 inch) Display,4
440,"POCO F7 5G (Frost White, 256 GB)","₹33,999₹35,9995% off","21,347 Ratings & 2,042 Reviews",5% off,50MP Rear Camera | 20MP Front Camera,12 GB RAM | 256 GB ROM,7550 mAh Li-Polymer + Silicon Carbon Battery,17.35 cm (6.83 inch) Display,4.4
441,"realme 16 Pro 5G (Master Gold, 128 GB)","₹34,999","1,022 Ratings & 113 Reviews",No Offer,200MP + 8MP | 50MP Front Camera,8 GB RAM | 128 GB ROM,7000 mAh Battery,17.22 cm (6.78 inch) Full HD+ Display,4.5
442,"I Kall Z10 Smartphone - 6.53 inch HD Display with 5000mAh Battery, 20MP Rear Camera (Orange, 64 GB)","₹6,599₹7,99917% off",117 Ratings & 5 Reviews,17% off,20MP Rear Camera | 8MP Front Camera,4 GB RAM | 64 GB ROM | Expandable Upto 128 GB,4000 mAh Battery,16.59 cm (6.53 inch) Display,3
443,leysky hotline A26 mini Magic Voice Phone,"₹777₹1,29940% off",7 Ratings & 1 Reviews,40% off,800 mAh Battery,16 MB RAM | 16 MB ROM | Expandable Upto 16 GB,Mediatek Processor,1.68 cm (0.66 inch) NA Display,3.7
444,"IQOO Neo 10R 5G (Raging Blue, 128 GB)","₹27,695₹31,99913% off","6,011 Ratings & 382 Reviews",13% off,50MP Rear Camera,8 GB RAM | 128 GB ROM,6400 mAh Battery,17.22 cm (6.78 inch) Display,4.5
445,"realme 14 Pro+ 5G (Pearl White, 256 GB)","₹34,999₹37,9997% off","8,965 Ratings & 963 Reviews",7% off,50MP + 50MP + 8MP | 32MP Front Camera,12 GB RAM | 256 GB ROM,6000 mAh Battery,17.35 cm (6.83 inch) Display,4.4
446,"Samsung Galaxy M06 5G (Sage Green, 64 GB)","₹9,590₹12,49923% off",294 Ratings & 16 Reviews,23% off,50MP Rear Camera,4 GB RAM | 64 GB ROM,5000 mAh Battery,17.02 cm (6.7 inch) Display,4
447,"IQOO Z10 5G (Glacier Silver, 128 GB)","₹21,598₹25,99916% off","5,331 Ratings & 258 Reviews",16% off,50MP Rear Camera,8 GB RAM | 128 GB ROM,7300 mAh Battery,17.02 cm (6.7 inch) Display,4.4
448,LAVA A2 Smart,"₹1,198₹1,54922% off",570 Ratings & 34 Reviews,22% off,1.3MP + 0MP | 0MP Front Camera,4 MB RAM | 24 MB ROM | Expandable Upto 32 GB,1200 mAh Battery,6.1 cm (2.4 inch) HVGA Display,4
449,LAVA A2 Smart,"₹1,198₹1,54922% off",570 Ratings & 34 Reviews,22% off,1.3MP + 0MP | 0MP Front Camera,4 MB RAM | 24 MB ROM | Expandable Upto 32 GB,1200 mAh Battery,6.1 cm (2.4 inch) HVGA Display,4
450,"realme 16 Pro+ 5G (Master Gold, 256 GB)","₹45,999",702 Ratings & 92 Reviews,No Offer,200MP + 50MP + 8MP | 50MP Front Camera,8 GB RAM | 256 GB ROM,7000 mAh Battery,17.27 cm (6.8 inch) Full HD+ AMOLED Display,4.6
451,"realme 16 Pro+ 5G (Master Grey, 256 GB)","₹45,999",702 Ratings & 92 Reviews,No Offer,200MP + 50MP + 8MP | 50MP Front Camera,8 GB RAM | 256 GB ROM,7000 mAh Battery,17.27 cm (6.8 inch) Full HD+ AMOLED Display,4.6
452,Kechaoda K115,"₹999₹1,49933% off","43,589 Ratings & 2,715 Reviews",33% off,0.3MP + 0MP | 0MP Front Camera,32 MB RAM | 32 MB ROM | Expandable Upto 32 GB,850 mAh Battery,3.66 cm (1.44 inch) QVGA Display,4.1
453,leysky hotline A26 Mini Magic Voice Phone,"₹799₹1,29938% off",7 Ratings & 1 Reviews,38% off,800 mAh Battery,16 MB RAM | 16 MB ROM | Expandable Upto 16 GB,Mediatek Processor,1.68 cm (0.66 inch) NA Display,3.7
454,"Tecno Pova 7 Pro 5G (Dynamic Grey, 256 GB)","₹18,749₹23,99921% off","3,994 Ratings & 420 Reviews",21% off,64MP + 8MP | 13MP Front Camera,8 GB RAM | 256 GB ROM,6000 mAh Battery,17.22 cm (6.78 inch) Full HD+ AMOLED Display,4.4
455,"Samsung Galaxy M06 5G (Blazing Black, 64 GB)","₹9,479₹12,49924% off",294 Ratings & 16 Reviews,24% off,50MP Rear Camera,4 GB RAM | 64 GB ROM,5000 mAh Battery,17.02 cm (6.7 inch) Display,4
456,"realme P4x 5G (Lake Green, 128 GB)","₹16,499₹17,9998% off","7,161 Ratings & 549 Reviews",8% off,50MP + 2MP | 8MP Front Camera,6 GB RAM | 128 GB ROM,7000 mAh Battery,17.07 cm (6.72 inch) Full HD+ Display,4.4
457,"Coolpad CP12 Neo (Gold, 64 GB)","₹7,299₹9,99927% off",,27% off,13MP Rear Camera | 5MP Front Camera,8 GB RAM | 64 GB ROM | Expandable Upto 512 GB,5000 mAh Battery,16.66 cm (6.56 inch) Display,
458,"hmd 105 Dual Sim Keypad Phone with Built-in UPI App, Wireless FM Radio","₹1,009₹1,49932% off","4,520 Ratings & 327 Reviews",32% off,1000 mAh Battery,4 MB RAM | 4 MB ROM | Expandable Upto 32 GB,SC6531E Processor,5.08 cm (2 inch) Display,3.8
459,"realme 16 Pro+ 5G (Master Grey, 256 GB)","₹45,999",702 Ratings & 92 Reviews,No Offer,200MP + 50MP + 8MP | 50MP Front Camera,8 GB RAM | 256 GB ROM,7000 mAh Battery,17.27 cm (6.8 inch) Full HD+ AMOLED Display,4.6
460,"realme 16 Pro+ 5G (Master Gold, 256 GB)","₹45,999",702 Ratings & 92 Reviews,No Offer,200MP + 50MP + 8MP | 50MP Front Camera,8 GB RAM | 256 GB ROM,7000 mAh Battery,17.27 cm (6.8 inch) Full HD+ AMOLED Display,4.6
461,"Samsung Galaxy S24 FE 5G (Blue, 256 GB)","₹45,999₹65,99930% off","76,669 Ratings & 4,928 Reviews",30% off,50MP + 12MP + 8MP | 10MP Front Camera,8 GB RAM | 256 GB ROM,4700 mAh Battery,17.02 cm (6.7 inch) Full HD+ Display,4.5
462,"Samsung Galaxy S24 FE 5G (Mint, 256 GB)","₹45,999₹65,99930% off","76,669 Ratings & 4,928 Reviews",30% off,50MP + 12MP + 8MP | 10MP Front Camera,8 GB RAM | 256 GB ROM,4700 mAh Battery,17.02 cm (6.7 inch) Full HD+ Display,4.5
463,"Samsung Galaxy S24 FE 5G (Mint, 128 GB)","₹39,999₹59,99933% off","76,669 Ratings & 4,928 Reviews",33% off,50MP + 12MP + 8MP | 10MP Front Camera,8 GB RAM | 128 GB ROM,4700 mAh Battery,17.02 cm (6.7 inch) Full HD+ Display,4.5
464,"Samsung Galaxy S24 FE 5G (Blue, 128 GB)","₹39,999₹59,99933% off","76,669 Ratings & 4,928 Reviews",33% off,50MP + 12MP + 8MP | 10MP Front Camera,8 GB RAM | 128 GB ROM,4700 mAh Battery,17.02 cm (6.7 inch) Full HD+ Display,4.5
465,"realme Gt 7 (Icesense Black, 256 GB)","₹34,999₹45,99923% off",375 Ratings & 41 Reviews,23% off,50MP + 50MP + 50MP + 8MP | 32MP + 32MP Dual Front Camera,8 GB RAM | 256 GB ROM,7000 mAh Battery,17.22 cm (6.78 inch) Full HD+ AMOLED Display,4.5
466,"REDMI 15 5G (Midnight Black, 128 GB)","₹16,398₹22,99928% off","3,067 Ratings & 154 Reviews",28% off,50MP Rear Camera,8 GB RAM | 128 GB ROM,7000 mAh Battery,17.53 cm (6.9 inch) Display,4.3
467,"MOTOROLA Edge 60 Pro (Pantone Walnut, 256 GB)","₹29,999₹36,99918% off","46,783 Ratings & 3,440 Reviews",18% off,50MP + 50MP + 10MP | 50MP Front Camera,8 GB RAM | 256 GB ROM,6000 mAh Battery,17.02 cm (6.7 inch) Display,4.3
468,"I Kall I6 Multimedia Mobile Phone - 2.4"" Display, 2500mAh Battery, Triple-Sim","₹899₹1,69947% off",25 Ratings & 0 Reviews,47% off,0.3MP Rear Camera,32 MB RAM | 32 MB ROM | Expandable Upto 8 GB,2500 mAh Battery,6.1 cm (2.4 inch) Display,3.8
469,"REDMI 13 5G (Hawaiian Blue, 128 GB)","₹14,999₹17,99916% off","49,006 Ratings & 2,413 Reviews",16% off,108MP Rear Camera,6 GB RAM | 128 GB ROM,5030 mAh Battery,17.25 cm (6.79 inch) Full HD+ Display,4.3
470,"REDMI 13c 5G (Startrail Green, 128 GB)","₹12,990₹15,99918% off","43,121 Ratings & 1,759 Reviews",18% off,50MP Rear Camera,6 GB RAM | 128 GB ROM,5000 mAh Battery,17.12 cm (6.74 inch) Display,4.3
471,"MOTOROLA Edge 60 Fusion 5G (PANTONE Zephyr, 256 GB)","₹24,999₹27,99910% off","48,591 Ratings & 2,510 Reviews",10% off,50MP + 13MP | 32MP Front Camera,12 GB RAM | 256 GB ROM | Expandable Upto 1 TB,5500 mAh Battery,16.94 cm (6.67 inch) Display,4.4
472,"IQOO Z10 5G (Glacier Silver, 128 GB)","₹21,598₹25,99916% off","5,331 Ratings & 258 Reviews",16% off,50MP Rear Camera,8 GB RAM | 128 GB ROM,7300 mAh Battery,17.02 cm (6.7 inch) Display,4.4
473,"LAVA Storm Play 5G (Dune Titanium, 128 GB)","₹11,999₹13,49911% off",257 Ratings & 23 Reviews,11% off,50MP Rear Camera,6 GB RAM | 128 GB ROM,5000 mAh Battery,17.02 cm (6.7 inch) Display,4.2
474,"OnePlus 13s 5G (Green Silk, 256 GB)","₹50,099₹57,99913% off","1,396 Ratings & 105 Reviews",13% off,50MP Rear Camera,12 GB RAM | 256 GB ROM,5850 mAh Battery,16.05 cm (6.32 inch) Display,4.6
475,LAVA A2 Smart,"₹1,198₹1,54922% off",570 Ratings & 34 Reviews,22% off,1.3MP + 0MP | 0MP Front Camera,4 MB RAM | 24 MB ROM | Expandable Upto 32 GB,1200 mAh Battery,6.1 cm (2.4 inch) HVGA Display,4
476,LAVA A2 Smart,"₹1,198₹1,54922% off",570 Ratings & 34 Reviews,22% off,1.3MP + 0MP | 0MP Front Camera,4 MB RAM | 24 MB ROM | Expandable Upto 32 GB,1200 mAh Battery,6.1 cm (2.4 inch) HVGA Display,4
477,"MOTOROLA Signature (PANTONE Carbon, 1 TB)","₹69,999₹84,99917% off",114 Ratings & 21 Reviews,17% off,50MP + 50MP + 50MP | 50MP Front Camera,16 GB RAM | 1 TB ROM,5200 mAh Battery,17.27 cm (6.8 inch) Super HD Display,4.5
478,"IQOO Neo 10R 5G (MoonKnight Titanium, 256 GB)","₹32,785₹35,9998% off","3,044 Ratings & 196 Reviews",8% off,50MP Rear Camera,12 GB RAM | 256 GB ROM,6400 mAh Battery,17.22 cm (6.78 inch) Display,4.5
479,"realme Gt 7 (Icesense Blue, 512 GB)","₹40,999₹52,99922% off",372 Ratings & 29 Reviews,22% off,50MP + 50MP + 50MP + 8MP | 32MP + 32MP Dual Front Camera,12 GB RAM | 512 GB ROM,7000 mAh Battery,17.22 cm (6.78 inch) Full HD+ AMOLED Display,4.4
480,"realme P4x 5G (Lake Green, 128 GB)","₹16,499₹17,9998% off","7,161 Ratings & 549 Reviews",8% off,50MP + 2MP | 8MP Front Camera,6 GB RAM | 128 GB ROM,7000 mAh Battery,17.07 cm (6.72 inch) Full HD+ Display,4.4
481,"Coolpad CP12 Neo (Gold, 64 GB)","₹7,299₹9,99927% off",,27% off,13MP Rear Camera | 5MP Front Camera,8 GB RAM | 64 GB ROM | Expandable Upto 512 GB,5000 mAh Battery,16.66 cm (6.56 inch) Display,
482,"Samsung Galaxy M17 5G (Moonlight Silver, 128 GB)","₹16,815₹19,49913% off",52 Ratings & 4 Reviews,13% off,50MP Rear Camera,8 GB RAM | 128 GB ROM,5000 mAh Battery,17.02 cm (6.7 inch) Display,4.4
483,"realme P4 5G (Forge Red, 128 GB)","₹21,999","14,874 Ratings & 1,000 Reviews",No Offer,50MP + 8MP | 16MP Front Camera,8 GB RAM | 128 GB ROM,7000 mAh Battery,17.2 cm (6.77 inch) Display,4.4
484,"OnePlus 13s 5G (Green Silk, 512 GB)","₹57,784₹62,9998% off","1,396 Ratings & 105 Reviews",8% off,50MP Rear Camera,12 GB RAM | 512 GB ROM,5850 mAh Battery,16.05 cm (6.32 inch) Display,4.6
485,"realme 14 Pro+ 5G (Emerald Drift, 256 GB)","₹24,999₹35,99930% off","19,366 Ratings & 2,199 Reviews",30% off,50MP + 50MP + 8MP | 32MP Front Camera,8 GB RAM | 256 GB ROM,6000 mAh Battery,17.35 cm (6.83 inch) Display,4.4
486,"realme Narzo 90 5G (Victory Gold, 128 GB)","₹16,899₹18,99911% off",73 Ratings & 5 Reviews,11% off,50MP Rear Camera,6 GB RAM | 128 GB ROM,7000 mAh Battery,16.69 cm (6.57 inch) Display,4.5
487,"Infinix Note 50x 5G+ 45W Charger In the Box & AI (Sea Breeze Green, 128 GB)","₹14,999₹16,99911% off","4,940 Ratings & 407 Reviews",11% off,50MP + AI Lens | 8MP Front Camera,8 GB RAM | 128 GB ROM,5500 mAh Battery,16.94 cm (6.67 inch) HD+ Display,4.3
488,"Tecno Pova Slim 5G (Cool Black, 128 GB)","₹20,999₹24,99916% off",917 Ratings & 70 Reviews,16% off,50MP + 2MP | 13MP Front Camera,8 GB RAM | 128 GB ROM,5160 mAh Battery,17.22 cm (6.78 inch) Display,4.3
489,"vivo Y31 5G (Diamond Green, 128 GB)","₹18,499₹21,49913% off",522 Ratings & 21 Reviews,13% off,50MP + 0.08MP | 8MP Front Camera,6 GB RAM | 128 GB ROM,6500 mAh Battery,16.97 cm (6.68 inch) Full HD+ Display,4.4
490,Kechaoda K115,"₹999₹1,49933% off","43,589 Ratings & 2,715 Reviews",33% off,0.3MP + 0MP | 0MP Front Camera,32 MB RAM | 32 MB ROM | Expandable Upto 32 GB,850 mAh Battery,3.66 cm (1.44 inch) QVGA Display,4.1
491,"Nokia 2660 Flip 4G Dual SIM keypad Phone, Dual Screen, inbuilt MP3 Player","₹4,864₹5,89917% off","1,871 Ratings & 113 Reviews",17% off,0.3MP Rear Camera,0.046875 GB RAM | 0.125 GB ROM,1450 mAh Lithium Ion Battery,7.11 cm (2.8 inch) QVGA Display,4.2
492,"POCO C61 (Ethereal Blue, 64 GB)","₹7,499₹8,99916% off","1,16,059 Ratings & 4,719 Reviews",16% off,8MP Rear Camera | 5MP Front Camera,4 GB RAM | 64 GB ROM | Expandable Upto 1 TB,5000 mAh Battery,17.04 cm (6.71 inch) HD+ Display,4.1
493,"IQOO Neo 10R 5G (MoonKnight Titanium, 256 GB)","₹30,999₹33,9998% off","6,011 Ratings & 382 Reviews",8% off,50MP Rear Camera,8 GB RAM | 256 GB ROM,6400 mAh Battery,17.22 cm (6.78 inch) Display,4.5
494,"KARBONN K190 Dual SIM,Keypad Phone 1.8''LCD,1000mAh Battery,Camera,ExpandableUpto32GB","₹976₹1,29024% off",11 Ratings & 2 Reviews,24% off,1MP + 0MP | 0.03MP Front Camera,40 MB RAM | 35 MB ROM | Expandable Upto 16 GB,1000 mAh Battery,4.57 cm (1.8 inch) FWVGA Display,4.8
495,"REDMI 14C 5G (Stargaze Black, 128 GB)","₹12,399₹13,99911% off","10,036 Ratings & 488 Reviews",11% off,50MP Rear Camera | 8MP Front Camera,6 GB RAM | 128 GB ROM | Expandable Upto 1 TB,5160 mAh Battery,17.48 cm (6.88 inch) HD+ Display,4.3
496,"REDMI 14C 5G (Starlight Blue, 128 GB)","₹12,349₹14,99917% off","10,036 Ratings & 488 Reviews",17% off,50MP Rear Camera | 8MP Front Camera,6 GB RAM | 128 GB ROM | Expandable Upto 1 TB,5160 mAh Battery,17.48 cm (6.88 inch) HD+ Display,4.3
497,"REDMI 15 5G (Sandy Purple, 128 GB)","₹15,374₹16,9999% off","1,468 Ratings & 89 Reviews",9% off,50MP Rear Camera,6 GB RAM | 128 GB ROM,7000 mAh Battery,17.53 cm (6.9 inch) Display,4.3
498,"Samsung Galaxy F36 5G (Violet, 128 GB)","₹17,999₹22,99921% off","9,496 Ratings & 562 Reviews",21% off,50MP + 8MP + 2MP | 13MP Front Camera,6 GB RAM | 128 GB ROM | Expandable Upto 2 TB,5000 mAh Battery,17.02 cm (6.7 inch) Full HD+ Display,4.3
499,"realme Gt 7 (Icesense Black, 256 GB)","₹36,999₹48,99924% off",372 Ratings & 29 Reviews,24% off,50MP + 50MP + 50MP + 8MP | 32MP + 32MP Dual Front Camera,12 GB RAM | 256 GB ROM,7000 mAh Battery,17.22 cm (6.78 inch) Full HD+ AMOLED Display,4.4
500,"REDMI 14C 5G (Stargaze Black, 128 GB)","₹11,799₹13,99915% off","9,171 Ratings & 453 Reviews",15% off,50MP Rear Camera | 8MP Front Camera,4 GB RAM | 128 GB ROM | Expandable Upto 1 TB,5160 mAh Battery,17.48 cm (6.88 inch) HD+ Display,4.2
501,"realme Narzo 90 5G (Carbon Black, 128 GB)","₹16,899₹18,99911% off",73 Ratings & 5 Reviews,11% off,50MP Rear Camera,6 GB RAM | 128 GB ROM,7000 mAh Battery,16.69 cm (6.57 inch) Display,4.5
502,LAVA A2 Smart,"₹1,198₹1,54922% off",570 Ratings & 34 Reviews,22% off,1.3MP + 0MP | 0MP Front Camera,4 MB RAM | 24 MB ROM | Expandable Upto 32 GB,1200 mAh Battery,6.1 cm (2.4 inch) HVGA Display,4
503,"I Kall Z10 Plus Smartphone- 6.53inch HD Display with 5000mAh Battery, 20MP Rear Camera (Orange, 64 GB)","₹6,699₹7,99916% off",,16% off,20MP Rear Camera | 8MP Front Camera,4 GB RAM | 64 GB ROM | Expandable Upto 64 GB,5000 mAh Battery,16.59 cm (6.53 inch) Display,
504,"Tecno Spark 30C 5G (Azure Sky, 64 GB)","₹9,999₹11,99916% off","1,314 Ratings & 56 Reviews",16% off,48MP Rear Camera | 8MP Front Camera,4 GB RAM | 64 GB ROM | Expandable Upto 1 TB,5000 mAh Battery,16.94 cm (6.67 inch) Display,4.1
505,"Apple iPhone 14 (Starlight, 128 GB)","₹54,900","3,21,738 Ratings & 11,943 Reviews",No Offer,12MP + 12MP | 12MP Front Camera,128 GB ROM,"A15 Bionic Chip, 6 Core Processor Processor",15.49 cm (6.1 inch) Super Retina XDR Display,4.6
506,"realme P4x 5G (Lake Green, 128 GB)","₹16,499₹17,9998% off","7,161 Ratings & 549 Reviews",8% off,50MP + 2MP | 8MP Front Camera,6 GB RAM | 128 GB ROM,7000 mAh Battery,17.07 cm (6.72 inch) Full HD+ Display,4.4
507,"Coolpad CP12 Neo (Gold, 64 GB)","₹7,299₹9,99927% off",,27% off,13MP Rear Camera | 5MP Front Camera,8 GB RAM | 64 GB ROM | Expandable Upto 512 GB,5000 mAh Battery,16.66 cm (6.56 inch) Display,
508,Kechaoda K33,"₹998₹2,20054% off","11,171 Ratings & 622 Reviews",54% off,0.3MP + 0MP | 0MP Front Camera,32 MB RAM | 32 GB ROM | Expandable Upto 32 MB,800 mAh Battery,3.66 cm (1.44 inch) NA Display,4
509,"MOTOROLA Edge 70 (PANTONE Gadget Gray, 256 GB)","₹32,999₹34,9995% off","1,829 Ratings & 172 Reviews",5% off,50MP + 50MP | 50MP Front Camera,8 GB RAM | 256 GB ROM,5000 mAh Battery,17.02 cm (6.7 inch) Display,4.4
510,"Acer Super ZX 5G (Carbon Black,, 128 GB)","₹10,196₹19,99949% off",72 Ratings & 9 Reviews,49% off,64MP Rear Camera,6 GB RAM | 128 GB ROM,5000 mAh Battery,17.02 cm (6.7 inch) Display,3.9
511,"OnePlus 13s 5G (Pink Satin, 256 GB)","₹50,499₹57,99912% off","1,396 Ratings & 105 Reviews",12% off,50MP Rear Camera,12 GB RAM | 256 GB ROM,5850 mAh Battery,16.05 cm (6.32 inch) Display,4.6
512,MOTOROLA Moto A200,"₹1,149₹1,54925% off",827 Ratings & 76 Reviews,25% off,0MP | 0MP Front Camera,56 MB RAM | 36 MB ROM | Expandable Upto 64 GB,800 mAh Battery,4.5 cm (1.77 inch) HVGA Display,4
513,"POCO X7 Pro 5G (Nebula Green, 256 GB)","₹23,999₹33,99929% off","8,612 Ratings & 823 Reviews",29% off,50MP + 8MP | 20MP Front Camera,12 GB RAM | 256 GB ROM,6550 mAh Battery,16.94 cm (6.67 inch) Display,4.4
514,"Tecno Spark 30C 5G (Midnight Shadow, 128 GB)","₹10,499₹12,99919% off","1,314 Ratings & 56 Reviews",19% off,48MP Rear Camera | 8MP Front Camera,4 GB RAM | 128 GB ROM | Expandable Upto 1 TB,5000 mAh Battery,16.94 cm (6.67 inch) Display,4.1
515,"hmd 105 Dual Sim Keypad Phone with Built-in UPI App, Wireless FM Radio","₹1,009₹1,49932% off","4,520 Ratings & 327 Reviews",32% off,1000 mAh Battery,4 MB RAM | 4 MB ROM | Expandable Upto 32 GB,SC6531E Processor,5.08 cm (2 inch) Display,3.8
516,"OnePlus 13R 5g (Astral Trail, 256 GB)","₹39,999₹44,99911% off","5,182 Ratings & 318 Reviews",11% off,50MP Rear Camera,12 GB RAM | 256 GB ROM,6000 mAh Battery,17.22 cm (6.78 inch) Display,4.5
517,"Infinix Note 50x 5G+ 45W Charger In the Box & AI (Titanium Grey, 128 GB)","₹13,499₹14,99910% off","16,632 Ratings & 1,460 Reviews",10% off,50MP + AI Lens | 8MP Front Camera,6 GB RAM | 128 GB ROM,5500 mAh Battery,16.94 cm (6.67 inch) HD+ Display,4.3
518,"Infinix Note 50x 5G+ 45W Charger In the Box & AI (Enchanted Purple, 128 GB)","₹14,999₹16,99911% off","4,940 Ratings & 407 Reviews",11% off,50MP + AI Lens | 8MP Front Camera,8 GB RAM | 128 GB ROM,5500 mAh Battery,16.94 cm (6.67 inch) HD+ Display,4.3
519,"Infinix Note 50x 5G+ 45W Charger In the Box & AI (Sea Breeze Green, 128 GB)","₹13,499₹14,99910% off","16,632 Ratings & 1,460 Reviews",10% off,50MP + AI Lens | 8MP Front Camera,6 GB RAM | 128 GB ROM,5500 mAh Battery,16.94 cm (6.67 inch) HD+ Display,4.3
520,"Infinix Note 50x 5G+ 45W Charger In the Box & AI (Enchanted Purple, 128 GB)","₹13,499₹14,99910% off","16,632 Ratings & 1,460 Reviews",10% off,50MP + AI Lens | 8MP Front Camera,6 GB RAM | 128 GB ROM,5500 mAh Battery,16.94 cm (6.67 inch) HD+ Display,4.3
521,MOTOROLA Moto A300,"₹1,329₹1,69921% off",769 Ratings & 37 Reviews,21% off,1.3MP + 0MP | 0MP Front Camera,4 MB RAM | 32 MB ROM | Expandable Upto 64 GB,1000 mAh Battery,5.08 cm (2 inch) NA Display,4.1
522,"MOTOROLA Edge 60 Pro (Pantone Sparkling Grape, 256 GB)","₹33,999₹40,99917% off","14,159 Ratings & 1,139 Reviews",17% off,50MP + 50MP + 10MP | 50MP Front Camera,12 GB RAM | 256 GB ROM,6000 mAh Battery,17.02 cm (6.7 inch) Display,4.3
523,"vivo Y31 5G (Rose Red, 128 GB)","₹18,499₹21,49913% off",522 Ratings & 21 Reviews,13% off,50MP + 0.08MP | 8MP Front Camera,6 GB RAM | 128 GB ROM,6500 mAh Battery,16.97 cm (6.68 inch) Full HD+ Display,4.4
524,"realme P4 5G (Engine Blue, 128 GB)","₹21,999","14,874 Ratings & 1,000 Reviews",No Offer,50MP + 8MP | 16MP Front Camera,8 GB RAM | 128 GB ROM,7000 mAh Battery,17.2 cm (6.77 inch) Display,4.4
525,"realme P4 5G (Steel Grey, 256 GB)","₹23,999","14,874 Ratings & 1,000 Reviews",No Offer,50MP + 8MP | 16MP Front Camera,8 GB RAM | 256 GB ROM,7000 mAh Battery,17.2 cm (6.77 inch) Display,4.4
526,"Tecno Spark 30C 5G (Aurora Cloud, 64 GB)","₹9,999₹11,99916% off","1,314 Ratings & 56 Reviews",16% off,48MP Rear Camera | 8MP Front Camera,4 GB RAM | 64 GB ROM | Expandable Upto 1 TB,5000 mAh Battery,16.94 cm (6.67 inch) Display,4.1
527,itel Super Guru 4G | King Media | Youtube | UPI,"₹2,099",945 Ratings & 58 Reviews,No Offer,0.3MP Rear Camera,64 MB RAM | 128 MB ROM | Expandable Upto 32 GB,1000 mAh Battery,5.08 cm (2 inch) Display,3.7
528,"REDMI 13 5G (Hawaiian Blue, 128 GB)","₹14,999₹17,99916% off","49,006 Ratings & 2,413 Reviews",16% off,108MP Rear Camera,6 GB RAM | 128 GB ROM,5030 mAh Battery,17.25 cm (6.79 inch) Full HD+ Display,4.3
529,"Ai+ Nova 5G (Green, 128 GB)","₹9,999₹12,99923% off","4,641 Ratings & 393 Reviews",23% off,50MP Rear Camera | 5MP Front Camera,8 GB RAM | 128 GB ROM | Expandable Upto 1 TB,5000 mAh Battery,17.13 cm (6.745 inch) HD+ Display,3.9
530,"Coolpad CP12 Neo (Blue, 64 GB)","₹7,299₹9,99927% off",,27% off,13MP Rear Camera | 5MP Front Camera,8 GB RAM | 64 GB ROM | Expandable Upto 512 GB,5000 mAh Battery,16.66 cm (6.56 inch) Display,
531,"OPPO K13 Turbo 5G (Midnight Maverick, 128 GB)","₹27,999₹33,99917% off","8,486 Ratings & 518 Reviews",17% off,50MP + 2MP | 16MP Front Camera,8 GB RAM | 128 GB ROM,7000 mAh Battery,17.27 cm (6.8 inch) Full HD+ Display,4.5
532,"Tecno Spark 30C 5G (Azure Sky, 128 GB)","₹12,999₹14,99913% off",161 Ratings & 12 Reviews,13% off,48MP Rear Camera | 8MP Front Camera,8 GB RAM | 128 GB ROM | Expandable Upto 1 TB,5000 mAh Battery,16.94 cm (6.67 inch) Display,4.2
533,LAVA A7 Torch+,"₹1,499₹1,89921% off","1,651 Ratings & 119 Reviews",21% off,0.3MP + 0MP | 0MP Front Camera,4 MB RAM | 32 MB ROM | Expandable Upto 32 GB,2575 mAh Battery,6.1 cm (2.4 inch) Quarter QVGA Display,4
534,Kechaoda K115,"₹999₹1,49933% off","43,589 Ratings & 2,715 Reviews",33% off,0.3MP + 0MP | 0MP Front Camera,32 MB RAM | 32 MB ROM | Expandable Upto 32 GB,850 mAh Battery,3.66 cm (1.44 inch) QVGA Display,4.1
535,"Nokia 2660 Flip 4G Dual SIM keypad Phone, Dual Screen, inbuilt MP3 Player","₹4,864₹5,89917% off","1,871 Ratings & 113 Reviews",17% off,0.3MP Rear Camera,0.046875 GB RAM | 0.125 GB ROM,1450 mAh Lithium Ion Battery,7.11 cm (2.8 inch) QVGA Display,4.2
536,"realme 16 Pro 5G (Pebble Grey, 256 GB)","₹36,999","1,022 Ratings & 113 Reviews",No Offer,200MP + 8MP | 50MP Front Camera,8 GB RAM | 256 GB ROM,7000 mAh Battery,17.22 cm (6.78 inch) Full HD+ Display,4.5
537,"realme 16 Pro 5G (Master Gold, 256 GB)","₹36,999","1,022 Ratings & 113 Reviews",No Offer,200MP + 8MP | 50MP Front Camera,8 GB RAM | 256 GB ROM,7000 mAh Battery,17.22 cm (6.78 inch) Full HD+ Display,4.5
538,"Infinix GT 30 Pro 5G+ (Dark Flare, 256 GB)","₹25,999₹31,99918% off","2,300 Ratings & 163 Reviews",18% off,108MP + 8MP | 13MP Front Camera,8 GB RAM | 256 GB ROM,5500 mAh Battery,17.22 cm (6.78 inch) Display,4.4
539,"IQOO Neo 10R 5G (Raging Blue, 256 GB)","₹31,899₹35,99911% off","3,044 Ratings & 196 Reviews",11% off,50MP Rear Camera,12 GB RAM | 256 GB ROM,6400 mAh Battery,17.22 cm (6.78 inch) Display,4.5
540,"vivo Y31 5G (Rose Red, 128 GB)","₹18,499₹21,49913% off",522 Ratings & 21 Reviews,13% off,50MP + 0.08MP | 8MP Front Camera,6 GB RAM | 128 GB ROM,6500 mAh Battery,16.97 cm (6.68 inch) Full HD+ Display,4.4
541,G'Five U101,₹460₹99953% off,77 Ratings & 7 Reviews,53% off,0.3MP + 0.3MP,32 MB RAM | 32 MB ROM,1000 mAh Battery,4.57 cm (1.8 inch) NA Display,3.5
542,"realme 15T 5G (Suit Titanium, 128 GB)","₹22,999","6,256 Ratings & 404 Reviews",No Offer,50MP + 2MP | 50MP Front Camera,8 GB RAM | 128 GB ROM,7000 mAh Battery,16.69 cm (6.57 inch) Full HD Display,4.3
543,"realme 15T 5G (Silk Blue, 128 GB)","₹22,999","6,256 Ratings & 404 Reviews",No Offer,50MP + 2MP | 50MP Front Camera,8 GB RAM | 128 GB ROM,7000 mAh Battery,16.69 cm (6.57 inch) Full HD Display,4.3
544,MOTOROLA Moto A200,"₹1,149₹1,54925% off",827 Ratings & 76 Reviews,25% off,0MP | 0MP Front Camera,56 MB RAM | 36 MB ROM | Expandable Upto 64 GB,800 mAh Battery,4.5 cm (1.77 inch) HVGA Display,4
545,"OnePlus 13R 5G (Nebula Noir, 256 GB)","₹39,759₹44,99911% off","5,182 Ratings & 318 Reviews",11% off,50MP Rear Camera,12 GB RAM | 256 GB ROM,6000 mAh Battery,17.22 cm (6.78 inch) Display,4.5
546,"LAVA Bold N1 Pro (Stealth Black, 128 GB)","₹8,350₹8,399",370 Ratings & 22 Reviews,No Offer,50MP Rear Camera,4 GB RAM | 128 GB ROM,5000 mAh Battery,16.76 cm (6.6 inch) Display,4
547,"realme 14 Pro+ 5G (Pearl White, 128 GB)","₹24,999₹33,99926% off","19,366 Ratings & 2,199 Reviews",26% off,50MP + 50MP + 8MP | 32MP Front Camera,8 GB RAM | 128 GB ROM,6000 mAh Battery,17.35 cm (6.83 inch) Display,4.4
548,"REDMI 14C 5G (Starlight Blue, 128 GB)","₹11,399₹13,99918% off","9,171 Ratings & 453 Reviews",18% off,50MP Rear Camera | 8MP Front Camera,4 GB RAM | 128 GB ROM | Expandable Upto 1 TB,5160 mAh Battery,17.48 cm (6.88 inch) HD+ Display,4.2
549,"hmd 105 Dual Sim Keypad Phone with Built-in UPI App, Wireless FM Radio","₹1,009₹1,49932% off","4,520 Ratings & 327 Reviews",32% off,1000 mAh Battery,4 MB RAM | 4 MB ROM | Expandable Upto 32 GB,SC6531E Processor,5.08 cm (2 inch) Display,3.8
550,itel Ace 3 Shine,"₹859₹1,24931% off","1,607 Ratings & 67 Reviews",31% off,1000 mAh Battery,4 MB RAM | 4 MB ROM,1 year manufacturer Warranty,4.57 cm (1.8 inch) Display,4.1
551,"Tecno Spark Go 1 (Magic Skin Green, 64 GB)","₹6,899₹8,59919% off","1,914 Ratings & 87 Reviews",19% off,13MP Rear Camera | 8MP Front Camera,3 GB RAM | 64 GB ROM | Expandable Upto 1 TB,5000 mAh Battery,16.94 cm (6.67 inch) Display,4.3
552,"Ai+ Pulse (Blue, 128 GB)","₹7,499₹9,99925% off","6,922 Ratings & 406 Reviews",25% off,50MP Rear Camera | 5MP Front Camera,6 GB RAM | 128 GB ROM | Expandable Upto 1 TB,5000 mAh Battery,17.13 cm (6.745 inch) HD+ Display,4.1
553,"Samsung M06 5G (Sage Green, 128 GB)","₹12,490₹15,49919% off",831 Ratings & 61 Reviews,19% off,50MP Rear Camera,6 GB RAM | 128 GB ROM,5000 mAh Battery,17.02 cm (6.7 inch) Display,4.1
554,"Samsung Galaxy S25 Plus 5G (Silver Shadow, 256 GB)","₹74,999₹99,99925% off",353 Ratings & 44 Reviews,25% off,50MP + 10MP + 12MP | 12MP Front Camera,12 GB RAM | 256 GB ROM,4900 mAh Battery,17.02 cm (6.7 inch) Quad HD+ Display,4.7
555,"vivo Y19e (Majestic Green, 64 GB)","₹9,999₹11,99916% off","3,674 Ratings & 112 Reviews",16% off,13MP + 0.08MP | 5MP Front Camera,4 GB RAM | 64 GB ROM | Expandable Upto 2 TB,5500 mAh Battery,17.12 cm (6.74 inch) Display,4.3
556,"Coolpad CP12 Neo (Blue, 64 GB)","₹7,299₹9,99927% off",,27% off,13MP Rear Camera | 5MP Front Camera,8 GB RAM | 64 GB ROM | Expandable Upto 512 GB,5000 mAh Battery,16.66 cm (6.56 inch) Display,
557,Jmax Prime,"₹730₹1,49951% off",4 Ratings & 0 Reviews,51% off,1.3MP Rear Camera,32 MB RAM | 32 MB ROM,2250 mAh Battery,6.1 cm (2.4 inch) NA Display,4
558,"realme P4x 5G (Matte Silver, 256 GB)","₹19,999₹20,9994% off","2,359 Ratings & 201 Reviews",4% off,50MP + 2MP | 8MP Front Camera,8 GB RAM | 256 GB ROM,7000 mAh Battery,17.07 cm (6.72 inch) Full HD+ Display,4.3
559,"Tecno Spark 30C 5G (Midnight Shadow, 64 GB)","₹9,999₹11,99916% off","1,314 Ratings & 56 Reviews",16% off,48MP Rear Camera | 8MP Front Camera,4 GB RAM | 64 GB ROM | Expandable Upto 1 TB,5000 mAh Battery,16.94 cm (6.67 inch) Display,4.1
560,itel Super Guru 4G | King Media | Youtube | UPI,"₹2,099",945 Ratings & 58 Reviews,No Offer,0.3MP Rear Camera,64 MB RAM | 128 MB ROM | Expandable Upto 32 GB,1000 mAh Battery,5.08 cm (2 inch) Display,3.7
561,Kechaoda K115,"₹999₹1,49933% off","43,589 Ratings & 2,715 Reviews",33% off,0.3MP + 0MP | 0MP Front Camera,32 MB RAM | 32 MB ROM | Expandable Upto 32 GB,850 mAh Battery,3.66 cm (1.44 inch) QVGA Display,4.1
562,"realme Narzo 90 5G (Victory Gold, 128 GB)","₹18,600₹19,9996% off",24 Ratings & 1 Reviews,6% off,50MP Rear Camera,8 GB RAM | 128 GB ROM,7000 mAh Battery,16.69 cm (6.57 inch) Display,4.2
563,"realme Narzo 90 5G (Carbon Black, 128 GB)","₹18,598₹19,9906% off",24 Ratings & 1 Reviews,6% off,50MP Rear Camera,8 GB RAM | 128 GB ROM,7000 mAh Battery,16.69 cm (6.57 inch) Display,4.2
564,"realme P3 Lite 5G (Onyx Black, 128 GB)","₹12,999₹13,9997% off","12,378 Ratings & 503 Reviews",7% off,32MP Rear Camera | 8MP Front Camera,6 GB RAM | 128 GB ROM | Expandable Upto 2 TB,6000 mAh Battery,16.94 cm (6.67 inch) Display,4.4
565,"OnePlus 13s 5G (Black Velvet, 256 GB)","₹49,957₹57,99913% off","1,396 Ratings & 105 Reviews",13% off,50MP Rear Camera,12 GB RAM | 256 GB ROM,5850 mAh Battery,16.05 cm (6.32 inch) Display,4.6
566,"Ai+ Nova 5G (Purple, 128 GB)","₹9,999₹12,99923% off","4,641 Ratings & 393 Reviews",23% off,50MP Rear Camera | 5MP Front Camera,8 GB RAM | 128 GB ROM | Expandable Upto 1 TB,5000 mAh Battery,17.13 cm (6.745 inch) HD+ Display,3.9
567,Jmax Prime,"₹777₹1,49948% off",4 Ratings & 0 Reviews,48% off,1.3MP Rear Camera,32 MB RAM | 32 MB ROM,2250 mAh Battery,6.1 cm (2.4 inch) NA Display,4
568,"Ai+ Nova 5G (Blue, 128 GB)","₹9,999₹12,99923% off","4,641 Ratings & 393 Reviews",23% off,50MP Rear Camera | 5MP Front Camera,8 GB RAM | 128 GB ROM | Expandable Upto 1 TB,5000 mAh Battery,17.13 cm (6.745 inch) HD+ Display,3.9
569,"POCO X7 Pro 5G (Yellow, 256 GB)","₹21,999₹31,99931% off","17,629 Ratings & 1,805 Reviews",31% off,50MP + 8MP | 20MP Front Camera,8 GB RAM | 256 GB ROM,6550 mAh Battery,16.94 cm (6.67 inch) Display,4.3
570,"Tecno Spark 30C 5G (Azure Sky, 128 GB)","₹10,499₹12,99919% off","1,314 Ratings & 56 Reviews",19% off,48MP Rear Camera | 8MP Front Camera,4 GB RAM | 128 GB ROM | Expandable Upto 1 TB,5000 mAh Battery,16.94 cm (6.67 inch) Display,4.1
571,"Tecno Spark 30C 5G (Midnight Shadow, 128 GB)","₹12,999₹14,99913% off",161 Ratings & 12 Reviews,13% off,48MP Rear Camera | 8MP Front Camera,8 GB RAM | 128 GB ROM | Expandable Upto 1 TB,5000 mAh Battery,16.94 cm (6.67 inch) Display,4.2
572,"realme Narzo 80 Pro 5G (Racing Green, 256 GB)","₹19,698₹25,99924% off",909 Ratings & 46 Reviews,24% off,50MP Rear Camera,8 GB RAM | 256 GB ROM,6000 mAh Battery,17.2 cm (6.77 inch) Display,4.5
573,"POCO C61  - Locked with Airtel Prepaid (Ethereal Blue, 64 GB)","₹7,499₹8,99916% off","1,16,059 Ratings & 4,719 Reviews",16% off,8MP Rear Camera | 5MP Front Camera,4 GB RAM | 64 GB ROM | Expandable Upto 1 TB,5000 mAh Battery,17.04 cm (6.71 inch) HD+ Display,4.1
574,"realme 14x 5G (Golden Glow, 128 GB)","₹14,986₹16,99911% off","14,056 Ratings & 678 Reviews",11% off,50MP Rear Camera | 8MP Front Camera,6 GB RAM | 128 GB ROM | Expandable Upto 2 TB,6000 mAh Battery,16.94 cm (6.67 inch) HD+ Display,4.3
575,"OnePlus 13s 5G (Black Velvet, 512 GB)","₹56,999₹62,9999% off","1,396 Ratings & 105 Reviews",9% off,50MP Rear Camera,12 GB RAM | 512 GB ROM,5850 mAh Battery,16.05 cm (6.32 inch) Display,4.6
576,"Coolpad CP12 Neo (Blue, 64 GB)","₹7,299₹9,99927% off",,27% off,13MP Rear Camera | 5MP Front Camera,8 GB RAM | 64 GB ROM | Expandable Upto 512 GB,5000 mAh Battery,16.66 cm (6.56 inch) Display,
577,"REDMI Note 15 5G (Glacier Blue, 128 GB)","₹23,186₹26,99914% off",60 Ratings & 4 Reviews,14% off,108MP Rear Camera,8 GB RAM | 128 GB ROM,5520 mAh Battery,17.2 cm (6.77 inch) Display,4.6
578,"Motorola Edge 50 Pro 5G with 68W Charger (Black Beauty, 256 GB)","₹27,999₹36,99924% off","34,659 Ratings & 2,988 Reviews",24% off,50MP + 13MP + 10MP | 50MP Front Camera,8 GB RAM | 256 GB ROM,4500 mAh Battery,17.02 cm (6.7 inch) Display,4.4
579,"REDMI 15C 5G (Moonlight Blue, 128 GB)","₹15,276₹16,99910% off",38 Ratings & 4 Reviews,10% off,50MP Rear Camera,8 GB RAM | 128 GB ROM,6000 mAh Battery,17.53 cm (6.9 inch) Display,4.3
580,"OPPO A6 Pro 5G (Aurora Gold, 128 GB)","₹22,999₹26,99914% off",32 Ratings & 1 Reviews,14% off,50MP + 2MP | Yes,8 GB RAM | 128 GB ROM,7000 mAh Battery,17.14 cm (6.75 inches) HD+ Display,4.1
581,"OPPO A6 Pro 5G (Aurora Gold, 256 GB)","₹24,999₹28,99913% off",32 Ratings & 1 Reviews,13% off,50MP + 2MP | Yes,8 GB RAM | 256 GB ROM,7000 mAh Battery,17.14 cm (6.75 inches) HD+ Display,4.1
582,"Samsung Galaxy A07 LTE (Black, 64 GB)","₹8,810₹10,49916% off",172 Ratings & 9 Reviews,16% off,50MP + 2MP,4 GB RAM | 64 GB ROM | Expandable Upto 2 TB,5000 mAh Battery,17.02 cm (6.7 inch) HD+ Display,4.4
583,"OPPO A59 5G (Starry Black, 128 GB)","₹19,999","2,793 Ratings & 133 Reviews",No Offer,13MP + 2MP | 8MP Front Camera,6 GB RAM | 128 GB ROM | Expandable Upto 1 TB,5000 mAh Battery,16.66 cm (6.56 inch) HD+ Display,4.3
584,"Google Pixel 8a (Obsidian, 256 GB)","₹56,999₹59,9995% off","11,558 Ratings & 874 Reviews",5% off,64MP + 13MP | 13MP Front Camera,8 GB RAM | 256 GB ROM,4404 mAh Battery,15.49 cm (6.1 inch) Full HD+ Display,4.3
585,"realme 14x 5G (Jewel Red, 128 GB)","₹15,999₹17,99911% off","8,547 Ratings & 424 Reviews",11% off,50MP Rear Camera | 8MP Front Camera,8 GB RAM | 128 GB ROM | Expandable Upto 2 TB,6000 mAh Battery,16.94 cm (6.67 inch) HD+ Display,4.4
586,"realme 14 Pro+ 5G (Suede Grey, 256 GB)","₹34,999₹37,9997% off","8,965 Ratings & 963 Reviews",7% off,50MP + 50MP + 8MP | 32MP Front Camera,12 GB RAM | 256 GB ROM,6000 mAh Battery,17.35 cm (6.83 inch) Display,4.4
587,"realme 14 Pro+ 5G (Bikaner Purple, 256 GB)","₹30,999₹35,99913% off","19,366 Ratings & 2,199 Reviews",13% off,50MP + 50MP + 8MP | 32MP Front Camera,8 GB RAM | 256 GB ROM,6000 mAh Battery,17.35 cm (6.83 inch) Display,4.4
588,"Apple iPhone 16 Plus (Pink, 128 GB)","₹79,900","4,342 Ratings & 229 Reviews",No Offer,48MP + 12MP | 12MP Front Camera,128 GB ROM,"A18 Chip, 6 Core Processor Processor",17.02 cm (6.7 inch) Super Retina XDR Display,4.6
589,"IQOO Neo 10 (Inferno Red, 256 GB)","₹39,486₹40,9993% off","1,004 Ratings & 77 Reviews",3% off,50MP + 50MP + 8MP | 32MP + 32MP Dual Front Camera,12 GB RAM | 256 GB ROM,7000 mAh Battery,17.22 cm (6.78 inch) Full HD+ E3 Super AMOLED Display,4.5
590,"POCO C85 5G (Spring Green, 128 GB)","₹11,999₹15,49922% off",250 Ratings & 12 Reviews,22% off,50MP Rear Camera | 8MP Front Camera,6 GB RAM | 128 GB ROM | Expandable Upto 1 TB,6000 mAh Lithium-Ion Polymer Battery,17.53 cm (6.9 inch) HD+ Display,4.3
591,"Tecno Spark Go 2 (Veil White, 64 GB)","₹7,499₹8,99916% off","2,501 Ratings & 150 Reviews",16% off,13MP Rear Camera,4 GB RAM | 64 GB ROM | Expandable Upto 1 TB,5000 mAh Lithium Polymer Battery,16.94 cm (6.67 inch) Display,4.3
592,"Motorola Edge 50 Pro 5G with 68W Charger (Luxe Lavender, 256 GB)","₹27,999₹36,99924% off","34,659 Ratings & 2,988 Reviews",24% off,50MP + 13MP + 10MP | 50MP Front Camera,8 GB RAM | 256 GB ROM,4500 mAh Battery,17.02 cm (6.7 inch) Display,4.4
593,"Tecno Spark 30C 5G (Aurora Cloud, 128 GB)","₹12,999₹14,99913% off",161 Ratings & 12 Reviews,13% off,48MP Rear Camera | 8MP Front Camera,8 GB RAM | 128 GB ROM | Expandable Upto 1 TB,5000 mAh Battery,16.94 cm (6.67 inch) Display,4.2
594,"IQOO Neo 10 (Inferno Red, 512 GB)","₹45,536₹45,9991% off",193 Ratings & 15 Reviews,1% off,50MP + 50MP + 8MP | 32MP + 32MP Dual Front Camera,16 GB RAM | 512 GB ROM,7000 mAh Battery,17.22 cm (6.78 inch) Full HD+ E3 Super AMOLED Display,4.7
595,"IQOO Neo 10 (Titanium Chrome, 512 GB)","₹45,748₹45,999",193 Ratings & 15 Reviews,No Offer,50MP + 50MP + 8MP | 32MP + 32MP Dual Front Camera,16 GB RAM | 512 GB ROM,7000 mAh Battery,17.22 cm (6.78 inch) Full HD+ E3 Super AMOLED Display,4.7
596,"Samsung Galaxy A55 5G (Awesome Navy, 256 GB)","₹32,970₹48,99932% off",718 Ratings & 52 Reviews,32% off,50MP + 12MP + 5MP | 32MP Front Camera,12 GB RAM | 256 GB ROM | Expandable Upto 1 TB,5000 mAh Battery,16.76 cm (6.6 inch) Full HD+ Display,4.3
597,Kechaoda A26_rose gold,"₹899₹1,49940% off",680 Ratings & 18 Reviews,40% off,0MP | 0MP Front Camera,32 MB RAM | 16 GB ROM | Expandable Upto 32 MB,800 mAh Battery,1.68 cm (0.66 inch) NA Display,3.9
598,"Motorola G34 5G (Charcoal Black, 128 GB)","₹13,998₹14,9996% off","1,49,320 Ratings & 10,010 Reviews",6% off,50MP + 2MP | 16MP Front Camera,8 GB RAM | 128 GB ROM,5000 mAh Battery,16.51 cm (6.5 inch) HD+ Display,4.2
599,"POCO M7 Plus 5G (Chrome Silver, 128 GB)","₹12,999₹15,99918% off","1,767 Ratings & 120 Reviews",18% off,50MP Rear Camera,4 GB RAM | 128 GB ROM | Expandable Upto 2 TB,7000 mAh Battery,17.53 cm (6.9 inch) Display,4.1
600,"Coolpad CP12 Neo (Blue, 64 GB)","₹7,299₹9,99927% off",,27% off,13MP Rear Camera | 5MP Front Camera,8 GB RAM | 64 GB ROM | Expandable Upto 512 GB,5000 mAh Battery,16.66 cm (6.56 inch) Display,
601,"POCO M8 (Carbon Black, 128 GB)","₹18,999₹22,99917% off",731 Ratings & 61 Reviews,17% off,50MP Rear Camera | 20MP Front Camera,8 GB RAM | 128 GB ROM | Expandable Upto 1 TB,5520 mAh Battery,17.2 cm (6.77 inch) Full HD+ Display,4.6
602,"Apple iPhone 17 (Black, 512 GB)","₹1,02,900","4,850 Ratings & 261 Reviews",No Offer,48MP + 48MP | 18MP Front Camera,512 GB ROM,"A19 Chip, 6 Core Processor Processor",16.0 cm (6.3 inch) Super Retina XDR Display,4.7
603,"POCO C71 (Cool Blue, 64 GB)","₹7,799₹8,99913% off","57,971 Ratings & 2,557 Reviews",13% off,32MP Rear Camera | 8MP Front Camera,4 GB RAM | 64 GB ROM | Expandable Upto 2 TB,5200 mAh Battery,17.48 cm (6.88 inch) HD+ Display,3.9
604,"POCO M7 Plus 5G (Aqua Blue, 128 GB)","₹14,999₹17,99916% off","3,988 Ratings & 230 Reviews",16% off,50MP AI Dual Camera,8 GB RAM | 128 GB ROM | Expandable Upto 2 TB,7000 mAh Battery,17.53 cm (6.9 inch) Display,4.3
605,"Samsung M36 5G (Velvet Black / Black, 128 GB)","₹16,888₹22,99926% off","1,947 Ratings & 104 Reviews",26% off,50MP Rear Camera,6 GB RAM | 128 GB ROM,5000 mAh Battery,17.02 cm (6.7 inch) Display,4.3
606,"Samsung Galaxy A16 5G (Blue Black, 128 GB)","₹15,682₹19,99921% off","4,458 Ratings & 197 Reviews",21% off,50MP + 5MP + 2MP | 13MP Front Camera,6 GB RAM | 128 GB ROM,5000 mAh Battery,17.02 cm (6.7 inch) Full HD+ Display,4.2
607,"Samsung Galaxy A16 5G (Gold, 128 GB)","₹15,664₹19,99921% off","4,458 Ratings & 197 Reviews",21% off,50MP + 5MP + 2MP | 13MP Front Camera,6 GB RAM | 128 GB ROM,5000 mAh Battery,17.02 cm (6.7 inch) Full HD+ Display,4.2
608,"Samsung Galaxy F36 5G (Black, 256 GB)","₹22,499₹27,49918% off","4,782 Ratings & 320 Reviews",18% off,50MP + 8MP + 2MP | 13MP Front Camera,8 GB RAM | 256 GB ROM | Expandable Upto 2 TB,5000 mAh Battery,17.02 cm (6.7 inch) Full HD+ Display,4.2
609,"REDMI 13 5G (Black Diamond, 128 GB)","₹14,753₹19,99926% off","15,051 Ratings & 790 Reviews",26% off,108MP Rear Camera,8 GB RAM | 128 GB ROM,5030 mAh Battery,17.25 cm (6.79 inch) Display,4.2
610,"realme 14 Pro+ 5G (Suede Grey, 512 GB)","₹37,999₹39,9995% off","8,965 Ratings & 963 Reviews",5% off,50MP + 50MP + 8MP | 32MP Front Camera,12 GB RAM | 512 GB ROM,6000 mAh Battery,17.35 cm (6.83 inch) Display,4.4
611,Jmax JOSH PRO,"₹699₹1,49953% off",90 Ratings & 6 Reviews,53% off,0.3MP Rear Camera,32 MB RAM | 32 MB ROM,1000 mAh Battery,4.5 cm (1.77 inch) Display,3.8
612,"Samsung Galaxy M16 5G (Thunder Black, 128 GB)","₹14,995₹17,49914% off","1,271 Ratings & 61 Reviews",14% off,50MP Rear Camera,6 GB RAM | 128 GB ROM,5000 mAh Battery,17.02 cm (6.7 inch) Display,4.2
613,"realme 15T 5G (Flowing Silver, 256 GB)","₹24,999","6,256 Ratings & 404 Reviews",No Offer,50MP + 2MP | 50MP Front Camera,8 GB RAM | 256 GB ROM,7000 mAh Battery,16.69 cm (6.57 inch) Full HD Display,4.3
614,"OPPO K13 Turbo 5G (White Knight, 128 GB)","₹27,999₹33,99917% off","8,486 Ratings & 518 Reviews",17% off,50MP + 2MP | 16MP Front Camera,8 GB RAM | 128 GB ROM,7000 mAh Battery,17.27 cm (6.8 inch) Full HD+ Display,4.5
615,"OPPO K13 Turbo 5G (Purple Phantom, 128 GB)","₹27,999₹33,99917% off","8,486 Ratings & 518 Reviews",17% off,50MP + 2MP | 16MP Front Camera,8 GB RAM | 128 GB ROM,7000 mAh Battery,17.27 cm (6.8 inch) Full HD+ Display,4.5
616,"OPPO K13 Turbo 5G (White Knight, 256 GB)","₹29,999₹35,99916% off","8,486 Ratings & 518 Reviews",16% off,50MP + 2MP | 16MP Front Camera,8 GB RAM | 256 GB ROM,7000 mAh Battery,17.27 cm (6.8 inch) Full HD+ Display,4.5
617,"POCO F7 5G (Phantom Black, 512 GB)","₹35,999₹37,9995% off","21,347 Ratings & 2,042 Reviews",5% off,50MP Rear Camera | 20MP Front Camera,12 GB RAM | 512 GB ROM,7550 mAh Li-Polymer + Silicon Carbon Battery,17.35 cm (6.83 inch) Display,4.4
618,"realme 14x 5G (Crystal Black, 128 GB)","₹15,999₹17,99911% off","8,547 Ratings & 424 Reviews",11% off,50MP Rear Camera | 8MP Front Camera,8 GB RAM | 128 GB ROM | Expandable Upto 2 TB,6000 mAh Battery,16.94 cm (6.67 inch) HD+ Display,4.4
619,itel Ace2 Power,"₹1,399",889 Ratings & 45 Reviews,No Offer,2500 mAh Battery,32 MB RAM | 32 MB ROM | Expandable Upto 32 GB,"12+1 Months Domestic Warranty for device
6 months for accessories",4.57 cm (1.8 inch) Display,4.1
620,"Samsung Galaxy Z Fold6 5G (Silver Shadow, 256 GB)","₹1,09,990₹1,64,99933% off",251 Ratings & 14 Reviews,33% off,50MP + 12MP + 10MP | 10MP Front Camera,12 GB RAM | 256 GB ROM,4400 mAh Lithium ion Battery,19.3 cm (7.6 inch) QXGA+ Display,4.2
621,"realme P3 Lite 5G (Onyx Black, 128 GB)","₹10,749₹12,99917% off","9,486 Ratings & 381 Reviews",17% off,32MP Rear Camera | 8MP Front Camera,4 GB RAM | 128 GB ROM | Expandable Upto 2 TB,6000 mAh Battery,16.94 cm (6.67 inch) Display,4.4
622,"realme 14 Pro+ 5G (Bikaner Purple, 128 GB)","₹24,780₹33,99927% off","19,366 Ratings & 2,199 Reviews",27% off,50MP + 50MP + 8MP | 32MP Front Camera,8 GB RAM | 128 GB ROM,6000 mAh Battery,17.35 cm (6.83 inch) Display,4.4
623,"realme P3 Lite 5G (Jade Green, 128 GB)","₹12,999₹13,9997% off","12,378 Ratings & 503 Reviews",7% off,32MP Rear Camera | 8MP Front Camera,6 GB RAM | 128 GB ROM | Expandable Upto 2 TB,6000 mAh Battery,16.94 cm (6.67 inch) Display,4.4
624,"LAVA Storm Lite 5G (Astral Blue,, 64 GB)","₹9,029₹10,99017% off",134 Ratings & 10 Reviews,17% off,50MP Rear Camera,4 GB RAM | 64 GB ROM,5000 mAh Battery,16.76 cm (6.6 inch) Display,4.2
625,Kechaoda A27,"₹899₹1,49940% off","16,259 Ratings & 869 Reviews",40% off,0MP | 0MP Front Camera,32 MB RAM | 32 MB ROM | Expandable Upto 16 GB,800 mAh Battery,1.68 cm (0.66 inch) QVGA Display,4
626,"Coolpad CP12 Neo (Blue, 64 GB)","₹7,299₹9,99927% off",,27% off,13MP Rear Camera | 5MP Front Camera,8 GB RAM | 64 GB ROM | Expandable Upto 512 GB,5000 mAh Battery,16.66 cm (6.56 inch) Display,
627,"REDMI 15 5G (Frosted White, 128 GB)","₹15,629₹16,9998% off","1,468 Ratings & 89 Reviews",8% off,50MP Rear Camera,6 GB RAM | 128 GB ROM,7000 mAh Battery,17.53 cm (6.9 inch) Display,4.3
628,"Apple iPhone 16 Plus (Black, 128 GB)","₹79,900","4,342 Ratings & 229 Reviews",No Offer,48MP + 12MP | 12MP Front Camera,128 GB ROM,"A18 Chip, 6 Core Processor Processor",17.02 cm (6.7 inch) Super Retina XDR Display,4.6
629,"Apple iPhone 16 Plus (Pink, 256 GB)","₹89,900","4,342 Ratings & 229 Reviews",No Offer,48MP + 12MP | 12MP Front Camera,256 GB ROM,"A18 Chip, 6 Core Processor Processor",17.02 cm (6.7 inch) Super Retina XDR Display,4.6
630,Kechaoda K9,"₹1,249₹1,70026% off","3,746 Ratings & 305 Reviews",26% off,0.3MP Rear Camera,32 MB RAM | 64 MB ROM | Expandable Upto 16 GB,1700 mAh Battery,6.1 cm (2.4 inch) QVGA Display,4.1
631,"Fuziqra Rock X Flip Dual Sim |Keypad Mobile| with 1.8"" Display Call & SMS Indicator","₹1,424₹3,29956% off",22 Ratings & 0 Reviews,56% off,0.3MP Rear Camera,32 MB RAM | 32 MB ROM,2000 mAh Battery,4.57 cm (1.8 inch) Display,3.8
632,"Samsung Galaxy A55 5G (Awesome Iceblue, 128 GB)","₹33,999₹42,99920% off","6,918 Ratings & 419 Reviews",20% off,50MP + 12MP + 5MP | 32MP Front Camera,8 GB RAM | 128 GB ROM | Expandable Upto 1 TB,5000 mAh Battery,16.76 cm (6.6 inch) Full HD+ Display,4.4
633,"Infinix Note 50x 5G+ 45W Charger In the Box & AI (Enchanted Purple, 128 GB)","₹13,499₹14,99910% off","16,632 Ratings & 1,460 Reviews",10% off,50MP + AI Lens | 8MP Front Camera,6 GB RAM | 128 GB ROM,5500 mAh Battery,16.94 cm (6.67 inch) HD+ Display,4.3
634,"realme Narzo 80 Pro 5G (Speed Silver, 256 GB)","₹22,865₹27,99918% off",156 Ratings & 16 Reviews,18% off,50MP Rear Camera,12 GB RAM | 256 GB ROM,6000 mAh Battery,17.2 cm (6.77 inch) Display,4.5
635,"POCO M7 Pro 5G (Olive Twilight, 256 GB)","₹15,499₹20,99926% off","14,276 Ratings & 1,159 Reviews",26% off,50MP + 2MP | 20MP Front Camera,8 GB RAM | 256 GB ROM,5110 mAh Battery,16.94 cm (6.67 inch) Full HD+ Display,4.3
636,"REDMI A5 (Just Black, 64 GB)","₹7,999₹8,99911% off","7,208 Ratings & 338 Reviews",11% off,32MP Rear Camera | 8MP Front Camera,3 GB RAM | 64 GB ROM | Expandable Upto 2 TB,5200 mAh Battery,17.48 cm (6.88 inch) HD+ Display,4.1
637,"REDMI Note 14 5G (Phantom Purple, 256 GB)","₹18,571₹24,99925% off","4,330 Ratings & 240 Reviews",25% off,50MP Rear Camera,8 GB RAM | 256 GB ROM,5110 mAh Battery,16.94 cm (6.67 inch) Display,4.2
638,"Tecno Pova 7 5G (Oasis Green, 256 GB)","₹15,999₹19,99920% off","9,322 Ratings & 711 Reviews",20% off,50MP + AI | 13MP Front Camera,8 GB RAM | 256 GB ROM,6000 mAh Battery,17.22 cm (6.78 inch) Full HD+ Display,4.4
639,Kechaoda K-033 Pink,"₹999₹1,49933% off",13 Ratings & 0 Reviews,33% off,0.3MP + 0MP | 0MP Front Camera,32 MB RAM | 32 GB ROM | Expandable Upto 32 MB,800 mAh Battery,3.66 cm (1.44 inch) NA Display,4.4
640,"LAVA Storm Lite 5G (Cosmic Titanium, 64 GB)","₹9,029₹10,99017% off",134 Ratings & 10 Reviews,17% off,50MP Rear Camera,4 GB RAM | 64 GB ROM,5000 mAh Battery,16.76 cm (6.6 inch) Display,4.2
641,"Samsung Galaxy F05 (Twilight Blue, 64 GB)","₹6,499₹9,99935% off","78,111 Ratings & 4,155 Reviews",35% off,50MP + 2MP | 8MP Front Camera,4 GB RAM | 64 GB ROM | Expandable Upto 1 TB,5000 mAh Battery,17.12 cm (6.74 inch) HD+ Display,4.2
642,Kechaoda K33,"₹999₹2,20054% off","11,171 Ratings & 622 Reviews",54% off,0.3MP + 0MP | 0MP Front Camera,32 MB RAM | 32 GB ROM | Expandable Upto 32 MB,800 mAh Battery,3.66 cm (1.44 inch) NA Display,4
643,"Motorola g64 5G (Pearl Blue, 256 GB)","₹15,999₹19,99920% off","90,544 Ratings & 5,588 Reviews",20% off,50MP (OIS) + 8MP | 16MP Front Camera,12 GB RAM | 256 GB ROM | Expandable Upto 1 TB,6000 mAh Battery,16.51 cm (6.5 inch) Full HD+ Display,4.2
644,"OnePlus Nord CE4 (Dark Chrome, 128 GB)","₹22,999₹24,9998% off","28,237 Ratings & 1,538 Reviews",8% off,50MP Rear Camera,8 GB RAM | 128 GB ROM,5500 mAh Battery,17.02 cm (6.7 inch) Display,4.4
645,"realme 14x 5G (Jewel Red, 128 GB)","₹14,988₹16,99911% off","14,056 Ratings & 678 Reviews",11% off,50MP Rear Camera | 8MP Front Camera,6 GB RAM | 128 GB ROM | Expandable Upto 2 TB,6000 mAh Battery,16.94 cm (6.67 inch) HD+ Display,4.3
646,"realme Narzo 80 Pro 5G (Speed Silver, 256 GB)","₹19,794₹25,99923% off",909 Ratings & 46 Reviews,23% off,50MP Rear Camera,8 GB RAM | 256 GB ROM,6000 mAh Battery,17.2 cm (6.77 inch) Display,4.5
647,"Apple iPhone 14 (Blue, 128 GB)","₹54,900","3,21,738 Ratings & 11,943 Reviews",No Offer,12MP + 12MP | 12MP Front Camera,128 GB ROM,"A15 Bionic Chip, 6 Core Processor Processor",15.49 cm (6.1 inch) Super Retina XDR Display,4.6
648,"Motorola G85 5G (Olive Green, 128 GB)","₹15,999₹20,99923% off","2,60,096 Ratings & 12,803 Reviews",23% off,50MP + 8MP | 32MP Front Camera,8 GB RAM | 128 GB ROM,5000 mAh Battery,16.94 cm (6.67 inch) Full HD+ Display,4.4
649,"realme P3 Lite 5G (Jade Green, 128 GB)","₹10,749₹12,99917% off","9,486 Ratings & 381 Reviews",17% off,32MP Rear Camera | 8MP Front Camera,4 GB RAM | 128 GB ROM | Expandable Upto 2 TB,6000 mAh Battery,16.94 cm (6.67 inch) Display,4.4
650,"realme P4x 5G (Lake Green, 128 GB)","₹16,499₹17,9998% off","7,161 Ratings & 549 Reviews",8% off,50MP + 2MP | 8MP Front Camera,6 GB RAM | 128 GB ROM,7000 mAh Battery,17.07 cm (6.72 inch) Full HD+ Display,4.4
651,"Coolpad CP12 Neo (Gold, 64 GB)","₹7,299₹9,99927% off",,27% off,13MP Rear Camera | 5MP Front Camera,8 GB RAM | 64 GB ROM | Expandable Upto 512 GB,5000 mAh Battery,16.66 cm (6.56 inch) Display,
652,"OnePlus Nord CE4 (Dark Chrome, 128 GB)","₹22,999₹24,9998% off","28,237 Ratings & 1,538 Reviews",8% off,50MP Rear Camera,8 GB RAM | 128 GB ROM,5500 mAh Battery,17.02 cm (6.7 inch) Display,4.4
653,"realme 14x 5G (Jewel Red, 128 GB)","₹14,988₹16,99911% off","14,056 Ratings & 678 Reviews",11% off,50MP Rear Camera | 8MP Front Camera,6 GB RAM | 128 GB ROM | Expandable Upto 2 TB,6000 mAh Battery,16.94 cm (6.67 inch) HD+ Display,4.3
654,"realme Narzo 80 Pro 5G (Speed Silver, 256 GB)","₹19,794₹25,99923% off",909 Ratings & 46 Reviews,23% off,50MP Rear Camera,8 GB RAM | 256 GB ROM,6000 mAh Battery,17.2 cm (6.77 inch) Display,4.5
655,"Motorola g64 5G (Pearl Blue, 256 GB)","₹15,999₹19,99920% off","90,544 Ratings & 5,588 Reviews",20% off,50MP (OIS) + 8MP | 16MP Front Camera,12 GB RAM | 256 GB ROM | Expandable Upto 1 TB,6000 mAh Battery,16.51 cm (6.5 inch) Full HD+ Display,4.2
656,itel Ace2 Heera | King Talker | Auto Call Recording | Expendable Storage32GB,"₹865₹1,09921% off",355 Ratings & 19 Reviews,21% off,1000 mAh Battery,32 MB RAM | 32 MB ROM | Expandable Upto 32 GB,1 year manufacturer Warranty,4.57 cm (1.8 inch) Display,4
657,"vivo V60 5G (Auspicious Gold, 256 GB)","₹38,999₹43,99911% off","3,127 Ratings & 243 Reviews",11% off,50MP + 8MP + 50MP | 50MP Front Camera,8 GB RAM | 256 GB ROM,6500 mAh Battery,17.2 cm (6.77 inch) Display,4.5
658,"Samsung Galaxy A07 LTE (Green, 64 GB)","₹7,925₹10,49924% off",172 Ratings & 9 Reviews,24% off,50MP + 2MP,4 GB RAM | 64 GB ROM | Expandable Upto 2 TB,5000 mAh Battery,17.02 cm (6.7 inch) HD+ Display,4.4
659,"Nokia 110 Dual Sim with Built-in UPI App, MP3 Player, Rear Camera","₹1,579₹2,09924% off","3,812 Ratings & 235 Reviews",24% off,0.08MP Rear Camera,32 MB RAM | 32 MB ROM,1000 mAh Battery,17.02 cm (6.7 inch) Display,3.6
660,"Tecno Pova Curve 5G (Neon Cyan, 256 GB)","₹19,999₹23,99916% off","1,478 Ratings & 148 Reviews",16% off,64MP Rear Camera | 13MP Front Camera,8 GB RAM | 256 GB ROM,5500 mAh Battery,17.22 cm (6.78 inch) Display,4.4
661,"Tecno Pova Curve 5G (Magic Silver, 256 GB)","₹19,999₹23,99916% off","1,478 Ratings & 148 Reviews",16% off,64MP Rear Camera | 13MP Front Camera,8 GB RAM | 256 GB ROM,5500 mAh Battery,17.22 cm (6.78 inch) Display,4.4
662,"Tecno Pova Curve 5G (Geek Black, 128 GB)","₹17,999₹19,99910% off","1,478 Ratings & 148 Reviews",10% off,64MP Rear Camera | 13MP Front Camera,8 GB RAM | 128 GB ROM,5500 mAh Battery,17.22 cm (6.78 inch) Display,4.4
663,"Samsung Galaxy A06 5G (Black, 128 GB)","₹11,245₹15,49927% off","2,876 Ratings & 169 Reviews",27% off,50MP + 2MP | 8MP Front Camera,4 GB RAM | 128 GB ROM,5000 mAh Li-ion Battery,17.02 cm (6.7 inch) HD+ Display,4.1
664,"Tecno Pova 7 Pro 5G (Geek Black, 256 GB)","₹18,749₹23,99921% off","3,994 Ratings & 420 Reviews",21% off,64MP + 8MP | 13MP Front Camera,8 GB RAM | 256 GB ROM,6000 mAh Battery,17.22 cm (6.78 inch) Full HD+ AMOLED Display,4.4
665,"realme 14 Pro+ 5G (Pearl White, 256 GB)","₹31,999₹35,99911% off","19,366 Ratings & 2,199 Reviews",11% off,50MP + 50MP + 8MP | 32MP Front Camera,8 GB RAM | 256 GB ROM,6000 mAh Battery,17.35 cm (6.83 inch) Display,4.4
666,"OPPO A5 5G (Mist White, 128 GB)","₹17,999₹20,99914% off",129 Ratings & 2 Reviews,14% off,50MP + 2MP | 8MP Front Camera,8 GB RAM | 128 GB ROM,6000 mAh Battery,16.94 cm (6.67 inch) HD+ Display,4.3
667,"POCO X6 5G (Mirror Black, 256 GB)","₹20,999₹26,99922% off","13,491 Ratings & 1,124 Reviews",22% off,64MP + 8MP + 2MP | 16MP Front Camera,12 GB RAM | 256 GB ROM,5100 mAh Battery,16.94 cm (6.67 inch) Display,4.3
668,"POCO C85 5G (Mystic Purple, 128 GB)","₹10,999₹14,49924% off",185 Ratings & 12 Reviews,24% off,50MP Rear Camera | 8MP Front Camera,4 GB RAM | 128 GB ROM | Expandable Upto 1 TB,6000 mAh Lithium-Ion Polymer Battery,17.53 cm (6.9 inch) HD+ Display,4.2
669,"REDMI 13 5G (Black Diamond, 128 GB)","₹14,753₹19,99926% off","15,051 Ratings & 790 Reviews",26% off,108MP Rear Camera,8 GB RAM | 128 GB ROM,5030 mAh Battery,17.25 cm (6.79 inch) Display,4.2
670,"Tecno Pova Curve 5G (Magic Silver, 128 GB)","₹17,999₹19,99910% off","1,478 Ratings & 148 Reviews",10% off,64MP Rear Camera | 13MP Front Camera,8 GB RAM | 128 GB ROM,5500 mAh Battery,17.22 cm (6.78 inch) Display,4.4
671,G'Five U101,₹460₹99953% off,77 Ratings & 7 Reviews,53% off,0.3MP + 0.3MP,32 MB RAM | 32 MB ROM,1000 mAh Battery,4.57 cm (1.8 inch) NA Display,3.5
672,"IQOO 15 5G (Alpha, 256 GB)","₹68,000₹76,99911% off",89 Ratings & 6 Reviews,11% off,50MP Rear Camera,12 GB RAM | 256 GB ROM,7000 mAh Battery,17.4 cm (6.85 inch) Display,4.7
673,"IQOO 15 5G (Legend, 256 GB)","₹67,800₹76,99911% off",89 Ratings & 6 Reviews,11% off,50MP Rear Camera,12 GB RAM | 256 GB ROM,7000 mAh Battery,17.4 cm (6.85 inch) Display,4.7
674,"realme P3 Pro 5G (Saturn Brown, 256 GB)","₹23,999₹32,99927% off","4,284 Ratings & 306 Reviews",27% off,50MP + 2MP | 16MP Front Camera,12 GB RAM | 256 GB ROM,6000 mAh Battery,17.35 cm (6.83 inch) Display,4.4
675,"Nokia 110 Dual Sim with Built-in UPI App, MP3 Player, Rear Camera","₹1,579₹2,09924% off","3,812 Ratings & 235 Reviews",24% off,0.08MP Rear Camera,32 MB RAM | 32 MB ROM,1000 mAh Battery,17.02 cm (6.7 inch) Display,3.6
676,"Coolpad CP12 Neo (Blue, 64 GB)","₹7,299₹9,99927% off",,27% off,13MP Rear Camera | 5MP Front Camera,8 GB RAM | 64 GB ROM | Expandable Upto 512 GB,5000 mAh Battery,16.66 cm (6.56 inch) Display,
677,"Tecno Pova Curve 5G (Magic Silver, 128 GB)","₹15,999₹18,99915% off","2,341 Ratings & 236 Reviews",15% off,64MP Rear Camera | 13MP Front Camera,6 GB RAM | 128 GB ROM,5500 mAh Battery,17.22 cm (6.78 inch) Display,4.4
678,LAVA A1 Josh,"₹999₹1,39928% off","22,836 Ratings & 2,136 Reviews",28% off,0MP | 0MP Front Camera,4 MB RAM | 2 MB ROM | Expandable Upto 32 GB,1000 mAh Battery,5.08 cm (2 inch) HVGA Display,4.2
679,"Motorola G85 5G (Olive Green, 128 GB)","₹15,999₹20,99923% off","2,60,096 Ratings & 12,803 Reviews",23% off,50MP + 8MP | 32MP Front Camera,8 GB RAM | 128 GB ROM,5000 mAh Battery,16.94 cm (6.67 inch) Full HD+ Display,4.4
680,"REDMI 14C 5G (Stargaze Black, 128 GB)","₹12,990₹13,9997% off","9,171 Ratings & 453 Reviews",7% off,50MP Rear Camera | 8MP Front Camera,4 GB RAM | 128 GB ROM | Expandable Upto 1 TB,5160 mAh Battery,17.48 cm (6.88 inch) HD+ Display,4.2
681,"vivo Y22 (Metaverse Green, 64 GB)","₹10,999₹17,99038% off","2,517 Ratings & 145 Reviews",38% off,50MP + 2MP | 8MP Front Camera,4 GB RAM | 64 GB ROM | Expandable Upto 1 TB,5000 mAh Lithium Battery,16.64 cm (6.55 inch) HD+ Display,4.3
682,"POCO M6 Plus 5G (Ice Silver, 128 GB)","₹13,174₹17,99926% off","18,911 Ratings & 1,086 Reviews",26% off,108MP + 2MP | 13MP Front Camera,8 GB RAM | 128 GB ROM | Expandable Upto 1 TB,5030 mAh Battery,17.25 cm (6.79 inch) Full HD+ Display,4.2
683,"realme 15T 5G (Flowing Silver, 256 GB)","₹26,999₹27,9993% off",716 Ratings & 62 Reviews,3% off,50MP + 2MP | 50MP Front Camera,12 GB RAM | 256 GB ROM,7000 mAh Battery,16.69 cm (6.57 inch) Full HD Display,4.2
684,"Samsung Galaxy F36 5G (Black, 128 GB)","₹19,499₹24,49920% off","4,782 Ratings & 320 Reviews",20% off,50MP + 8MP + 2MP | 13MP Front Camera,8 GB RAM | 128 GB ROM | Expandable Upto 2 TB,5000 mAh Battery,17.02 cm (6.7 inch) Full HD+ Display,4.2
685,Kechaoda K115,"₹908₹1,39935% off","43,589 Ratings & 2,715 Reviews",35% off,0.3MP + 0MP | 0MP Front Camera,32 MB RAM | 32 MB ROM | Expandable Upto 32 GB,850 mAh Battery,3.66 cm (1.44 inch) QVGA Display,4.1
686,MOTOROLA Moto A100,"₹1,059₹1,49929% off",23 Ratings & 2 Reviews,29% off,0MP | 0MP Front Camera,4 MB RAM | 36 MB ROM | Expandable Upto 0 MB,800 mAh Battery,3.66 cm (1.44 inch) HQVGA Display,3.7
687,"POCO M7 5G (Satin Black, 128 GB)","₹11,799₹13,99915% off","16,767 Ratings & 794 Reviews",15% off,50MP Rear Camera | 8MP Front Camera,8 GB RAM | 128 GB ROM | Expandable Upto 1 TB,5160 mAh Battery,17.48 cm (6.88 inch) HD+ Display,4.3
688,Kechaoda A26,"₹899₹1,49940% off","30,256 Ratings & 1,642 Reviews",40% off,800 mAh Battery,32 MB RAM | 32 MB ROM | Expandable Upto 16 GB,3 Months Company Warranty,1.68 cm (0.66 inch) Display,4
689,"Samsung Galaxy A16 5G (Blue Black, 128 GB)","₹17,442₹21,49918% off","3,977 Ratings & 211 Reviews",18% off,50MP + 5MP + 2MP | 13MP Front Camera,8 GB RAM | 128 GB ROM,5000 mAh Battery,17.02 cm (6.7 inch) Full HD+ Display,4.2
690,"POCO X7 5G (Glacier Green, 128 GB)","₹17,999₹24,99928% off","29,521 Ratings & 2,217 Reviews",28% off,50MP + 8MP + 2MP | 20MP Front Camera,8 GB RAM | 128 GB ROM,5500 mAh Battery,16.94 cm (6.67 inch) Display,4.3
691,LAVA A7 Torch+,"₹1,270₹1,89933% off","1,651 Ratings & 119 Reviews",33% off,0.3MP + 0MP | 0MP Front Camera,4 MB RAM | 32 MB ROM | Expandable Upto 32 GB,2575 mAh Battery,6.1 cm (2.4 inch) Quarter QVGA Display,4
692,"Tecno Pova Slim 5G (Sky Blue, 128 GB)","₹20,999₹24,99916% off",917 Ratings & 70 Reviews,16% off,50MP + 2MP | 13MP Front Camera,8 GB RAM | 128 GB ROM,5160 mAh Battery,17.22 cm (6.78 inch) Display,4.3
693,Samsung 1207,"₹740₹1,29943% off","3,498 Ratings & 195 Reviews",43% off,800 mAh Battery,32 MB ROM,No Warrnty,3.81 cm (1.5 inch) Display,3.1
694,"Tecno Pova Slim 5G (Slim White, 128 GB)","₹20,999₹24,99916% off",917 Ratings & 70 Reviews,16% off,50MP + 2MP | 13MP Front Camera,8 GB RAM | 128 GB ROM,5160 mAh Battery,17.22 cm (6.78 inch) Display,4.3
695,"REDMI 15 5G (Frosted White, 128 GB)","₹16,199₹17,99910% off","3,067 Ratings & 154 Reviews",10% off,50MP Rear Camera,8 GB RAM | 128 GB ROM,7000 mAh Battery,17.53 cm (6.9 inch) Display,4.3
696,"Coolpad CP12 Neo (Blue, 64 GB)","₹7,299₹9,99927% off",,27% off,13MP Rear Camera | 5MP Front Camera,8 GB RAM | 64 GB ROM | Expandable Upto 512 GB,5000 mAh Battery,16.66 cm (6.56 inch) Display,
697,"OPPO Reno15 Pro Mini 5G (Glacier White, 256 GB)","₹59,999₹64,9997% off",288 Ratings & 67 Reviews,7% off,200MP + 50MP + 50MP | Yes,12 GB RAM | 256 GB ROM,6200 mAh Battery,16.05 cm (6.32 inch) Full HD+ Display,4.7
698,"Tecno Pova Curve 5G (Neon Cyan, 256 GB)","₹19,999₹23,99916% off","1,478 Ratings & 148 Reviews",16% off,64MP Rear Camera | 13MP Front Camera,8 GB RAM | 256 GB ROM,5500 mAh Battery,17.22 cm (6.78 inch) Display,4.4
699,itel Flip 1 Keypad Mobile with Type C Charging| Leather Back | 1200 mAh Battery,"₹3,041₹3,2997% off","1,342 Ratings & 89 Reviews",7% off,0.8MP Rear Camera,4 MB RAM | 4 MB ROM | Expandable Upto 64 GB,1200 mAh Battery,6.1 cm (2.4 inch) QVGA Display,4
700,"vivo V60e (Noble Gold, 256 GB)","₹33,999₹36,9998% off","2,682 Ratings & 163 Reviews",8% off,200MP + 8MP | 50MP Front Camera,8 GB RAM | 256 GB ROM,6500 mAh Battery,17.2 cm (6.77 inch) Full HD+ Display,4.4
701,"OPPO A5 5G (Mist White, 128 GB)","₹17,999₹20,99914% off",129 Ratings & 2 Reviews,14% off,50MP + 2MP | 8MP Front Camera,8 GB RAM | 128 GB ROM,6000 mAh Battery,16.94 cm (6.67 inch) HD+ Display,4.3
702,"REDMI Note 15 5G (Mist Purple, 128 GB)","₹23,492₹26,99912% off",60 Ratings & 4 Reviews,12% off,108MP Rear Camera,8 GB RAM | 128 GB ROM,5520 mAh Battery,17.2 cm (6.77 inch) Display,4.6
703,"REDMI 13C 5G (Starlight Black, 128 GB)","₹9,999₹13,99928% off","47,373 Ratings & 1,852 Reviews",28% off,50MP Rear Camera | 5MP Front Camera,4 GB RAM | 128 GB ROM | Expandable Upto 1 TB,5000 mAh Battery,17.12 cm (6.74 inch) HD+ Display,4.3
704,"realme 15T 5G (Suit Titanium, 256 GB)","₹24,999","6,256 Ratings & 404 Reviews",No Offer,50MP + 2MP | 50MP Front Camera,8 GB RAM | 256 GB ROM,7000 mAh Battery,16.69 cm (6.57 inch) Full HD Display,4.3
705,"realme 15T 5G (Silk Blue, 256 GB)","₹24,999","6,256 Ratings & 404 Reviews",No Offer,50MP + 2MP | 50MP Front Camera,8 GB RAM | 256 GB ROM,7000 mAh Battery,16.69 cm (6.57 inch) Full HD Display,4.3
706,"Tecno Pova Curve 5G (Neon Cyan, 128 GB)","₹15,999₹18,99915% off","2,341 Ratings & 236 Reviews",15% off,64MP Rear Camera | 13MP Front Camera,6 GB RAM | 128 GB ROM,5500 mAh Battery,17.22 cm (6.78 inch) Display,4.4
707,"REDMI 15C 5G (Midnight Black, 128 GB)","₹14,950₹16,99912% off",38 Ratings & 4 Reviews,12% off,50MP Rear Camera,8 GB RAM | 128 GB ROM,6000 mAh Battery,17.53 cm (6.9 inch) Display,4.3
708,GFive FLASH,"₹999₹1,99950% off",600 Ratings & 27 Reviews,50% off,1MP Rear Camera,32 MB RAM | 32 MB ROM,3000 mAh Battery,7.11 cm (2.8 inch) NA Display,3.8
709,"POCO M8 (Frost Silver, 256 GB)","₹20,999₹24,99916% off",731 Ratings & 61 Reviews,16% off,50MP Rear Camera | 20MP Front Camera,8 GB RAM | 256 GB ROM | Expandable Upto 1 TB,5520 mAh Battery,17.2 cm (6.77 inch) Full HD+ Display,4.6
710,"vivo Y31 Pro 5G (Mocha Brown, 128 GB)","₹19,999₹23,49914% off",307 Ratings & 14 Reviews,14% off,50MP + 2MP | 8MP Front Camera,8 GB RAM | 128 GB ROM,6500 mAh Battery,17.07 cm (6.72 inch) Full HD+ Display,4.4
711,HOTLINE H310,₹499₹99950% off,"7,518 Ratings & 491 Reviews",50% off,0.3MP Rear Camera,32 MB RAM | 32 MB ROM,1000 mAh Battery,4.57 cm (1.8 inch) Display,3.5
712,"LAVA Yuva Smart (Glossy Lavender, 64 GB)","₹6,498₹6,6993% off",294 Ratings & 16 Reviews,3% off,13MP Rear Camera,3 GB RAM | 64 GB ROM,5000 mAh Battery,17.14 cm (6.75 inch) Display,4
713,"vivo Y19s 5G (Majestic Green, 128.0 GB)","₹13,499₹15,99915% off",70 Ratings & 2 Reviews,15% off,13MP + 0.08MP | 5MP Front Camera,4 GB RAM | 128.0 GB ROM | Expandable Upto 2 TB,6000 mAh Battery,17.12 cm (6.74 inch) Display,4.4
714,HOTLINE CLASSIC(ZEUS),₹499₹99950% off,437 Ratings & 23 Reviews,50% off,1.3MP + 0MP | 0MP Front Camera,32 MB RAM | 32 MB ROM | Expandable Upto 16 MB,1100 mAh Battery,4.57 cm (1.8 inch) NA Display,3.7
715,"realme GT 7T (Racing Yellow, 256 GB)","₹37,999₹42,99911% off",409 Ratings & 33 Reviews,11% off,50MP + 8MP | 32MP Front Camera,12 GB RAM | 256 GB ROM,7000 mAh Li-ion Battery,17.27 cm (6.8 inch) Full HD+ AMOLED Display,4.5
716,"OPPO K13 Turbo 5G (Midnight Maverick, 256 GB)","₹29,999₹35,99916% off","8,486 Ratings & 518 Reviews",16% off,50MP + 2MP | 16MP Front Camera,8 GB RAM | 256 GB ROM,7000 mAh Battery,17.27 cm (6.8 inch) Full HD+ Display,4.5
717,HOTLINE H310,₹469₹99953% off,"7,518 Ratings & 491 Reviews",53% off,0.3MP Rear Camera,32 MB RAM | 32 MB ROM,100 mAh Battery,4.57 cm (1.8 inch) Display,3.5
718,"realme GT 7T (IceSense Blue, 512 GB)","₹41,999₹46,99910% off",409 Ratings & 33 Reviews,10% off,50MP + 8MP | 32MP Front Camera,12 GB RAM | 512 GB ROM,7000 mAh Li-ion Battery,17.27 cm (6.8 inch) Full HD+ AMOLED Display,4.5
719,"OPPO K13 Turbo 5G (Purple Phantom, 256 GB)","₹29,999₹35,99916% off","8,486 Ratings & 518 Reviews",16% off,50MP + 2MP | 16MP Front Camera,8 GB RAM | 256 GB ROM,7000 mAh Battery,17.27 cm (6.8 inch) Full HD+ Display,4.5
720,"realme P4x 5G (Lake Green, 128 GB)","₹16,499₹17,9998% off","7,161 Ratings & 549 Reviews",8% off,50MP + 2MP | 8MP Front Camera,6 GB RAM | 128 GB ROM,7000 mAh Battery,17.07 cm (6.72 inch) Full HD+ Display,4.4
721,"Coolpad CP12 Neo (Gold, 64 GB)","₹7,299₹9,99927% off",,27% off,13MP Rear Camera | 5MP Front Camera,8 GB RAM | 64 GB ROM | Expandable Upto 512 GB,5000 mAh Battery,16.66 cm (6.56 inch) Display,
722,"REDMI A5 (Jaisalmer Gold, 128 GB)","₹8,999₹9,99910% off","4,887 Ratings & 233 Reviews",10% off,32MP Rear Camera | 8MP Front Camera,4 GB RAM | 128 GB ROM | Expandable Upto 2 TB,5200 mAh Battery,17.48 cm (6.88 inch) HD+ Display,4.2
723,"REDMI A5 (Pondicherry Blue, 128 GB)","₹8,999₹9,99910% off","4,887 Ratings & 233 Reviews",10% off,32MP Rear Camera | 8MP Front Camera,4 GB RAM | 128 GB ROM | Expandable Upto 2 TB,5200 mAh Battery,17.48 cm (6.88 inch) HD+ Display,4.2
724,"KARBONN K9 Jumbo,Dual Keypad Mobile,2.4 Big LCD,2MP Camera,1800mAh Battery,FM,Vibratore","₹1,498₹1,89020% off",872 Ratings & 34 Reviews,20% off,2MP + 0MP | 2MP Front Camera,52 MB RAM | 32 MB ROM | Expandable Upto 32 GB,1800 mAh Battery,6.1 cm (2.4 inch) QVGA Display,4.1
725,KARBONN K140 Pop,"₹945₹1,09013% off","6,206 Ratings & 520 Reviews",13% off,0.3MP + 0MP | 0.03MP Front Camera,32 MB RAM | 32 MB ROM | Expandable Upto 16 GB,1000 mAh Battery,4.57 cm (1.8 inch) FWVGA Display,3.9
726,"Samsung Galaxy S25 5G (Silver Shadow, 256 GB)","₹74,999₹80,9997% off","2,861 Ratings & 322 Reviews",7% off,50MP + 10MP + 12MP | 12MP Front Camera,12 GB RAM | 256 GB ROM,4000 mAh Battery,15.75 cm (6.2 inch) Full HD+ Display,4.6
727,"Apple iPhone 14 (Blue, 128 GB)","₹54,900","3,21,738 Ratings & 11,943 Reviews",No Offer,12MP + 12MP | 12MP Front Camera,128 GB ROM,"A15 Bionic Chip, 6 Core Processor Processor",15.49 cm (6.1 inch) Super Retina XDR Display,4.6
728,"IQOO 15 5G (Alpha, 256 GB)","₹68,000₹76,99911% off",89 Ratings & 6 Reviews,11% off,50MP Rear Camera,12 GB RAM | 256 GB ROM,7000 mAh Battery,17.4 cm (6.85 inch) Display,4.7
729,"IQOO 15 5G (Legend, 256 GB)","₹67,800₹76,99911% off",89 Ratings & 6 Reviews,11% off,50MP Rear Camera,12 GB RAM | 256 GB ROM,7000 mAh Battery,17.4 cm (6.85 inch) Display,4.7
730,"REDMI 13 5G (Orchid Pink, 128 GB)","₹14,974₹19,99925% off","15,051 Ratings & 790 Reviews",25% off,108MP Rear Camera,8 GB RAM | 128 GB ROM,5030 mAh Battery,17.25 cm (6.79 inch) Full HD+ Display,4.2
731,"REDMI 14C 5G (Stardust Purple, 128 GB)","₹12,298₹14,99918% off","10,036 Ratings & 488 Reviews",18% off,50MP Rear Camera | 8MP Front Camera,6 GB RAM | 128 GB ROM | Expandable Upto 1 TB,5160 mAh Battery,17.48 cm (6.88 inch) HD+ Display,4.3
732,"REDMI A5 (Pondicherry Blue, 64 GB)","₹7,999₹8,99911% off","7,208 Ratings & 338 Reviews",11% off,32MP Rear Camera | 8MP Front Camera,3 GB RAM | 64 GB ROM | Expandable Upto 2 TB,5200 mAh Battery,17.48 cm (6.88 inch) HD+ Display,4.1
733,"Ai+ Nova 5G (Blue, 128 GB)","₹8,999₹10,99918% off","25,287 Ratings & 1,590 Reviews",18% off,50MP Rear Camera | 5MP Front Camera,6 GB RAM | 128 GB ROM | Expandable Upto 1 TB,5000 mAh Battery,17.13 cm (6.745 inch) HD+ Display,4.2
734,"LAVA Blaze Duo (Arctic White, 128 GB)","₹15,499₹18,99918% off",200 Ratings & 17 Reviews,18% off,64MP Rear Camera,6 GB RAM | 128 GB ROM,5000 mAh Battery,16.94 cm (6.67 inch) Display,3.9
735,"Samsung Galaxy A16 5G (Blue Black, 128 GB)","₹16,448₹19,99917% off","4,458 Ratings & 197 Reviews",17% off,50MP + 5MP + 2MP | 13MP Front Camera,6 GB RAM | 128 GB ROM,5000 mAh Battery,17.02 cm (6.7 inch) Full HD+ Display,4.2
736,"REDMI 14C 5G (Stardust Purple, 128 GB)","₹11,999₹14,99920% off","10,036 Ratings & 488 Reviews",20% off,50MP Rear Camera | 8MP Front Camera,6 GB RAM | 128 GB ROM | Expandable Upto 1 TB,5160 mAh Battery,17.48 cm (6.88 inch) HD+ Display,4.3
737,"REDMI 14C 5G (Stargaze Black, 128 GB)","₹11,999₹14,99920% off","10,036 Ratings & 488 Reviews",20% off,50MP Rear Camera | 8MP Front Camera,6 GB RAM | 128 GB ROM | Expandable Upto 1 TB,5160 mAh Battery,17.48 cm (6.88 inch) HD+ Display,4.3
738,"REDMI Note 15 5G (Black, 256 GB)","₹24,988₹28,99913% off",60 Ratings & 4 Reviews,13% off,108MP Rear Camera,8 GB RAM | 256 GB ROM,5520 mAh Battery,17.2 cm (6.77 inch) Display,4.6
739,"Samsung Galaxy A06 5G (Light Gray, 64 GB)","₹10,499₹13,99925% off","2,876 Ratings & 169 Reviews",25% off,50MP + 50MP | 8MP + 2MP Dual Front Camera,4 GB RAM | 64 GB ROM | Expandable Upto 1 TB,5000 mAh Battery,17.02 cm (6.7 inch) HD+ Display,4.1
740,Samsung Metro SM-B313ez,"₹1,000₹1,99949% off","2,162 Ratings & 201 Reviews",49% off,0.3MP Rear Camera,Expandable Upto 16 GB,1000 mAh Battery,5.08 cm (2 inch) QVGA Display,3.1
741,"POCO M6 Plus 5G (Ice Silver, 128 GB)","₹13,174₹17,99926% off","18,911 Ratings & 1,086 Reviews",26% off,108MP + 2MP | 13MP Front Camera,8 GB RAM | 128 GB ROM | Expandable Upto 1 TB,5030 mAh Battery,17.25 cm (6.79 inch) Full HD+ Display,4.2
742,"Samsung Galaxy Z Flip5 (Mint, 256 GB)","₹99,999₹1,02,9992% off",866 Ratings & 50 Reviews,2% off,12MP + 12MP | 10MP Front Camera,8 GB RAM | 256 GB ROM,3700 mAh Battery,17.02 cm (6.7 inch) Display,4.4
743,"realme GT 7T (IceSense Black, 256 GB)","₹37,999₹42,99911% off",409 Ratings & 33 Reviews,11% off,50MP + 8MP | 32MP Front Camera,12 GB RAM | 256 GB ROM,7000 mAh Li-ion Battery,17.27 cm (6.8 inch) Full HD+ AMOLED Display,4.5
744,"vivo Y400 5G (Olive Green, 128 GB)","₹22,999₹25,99911% off",663 Ratings & 24 Reviews,11% off,50MP + 2MP | 32MP Front Camera,8 GB RAM | 128 GB ROM,6000 mAh Battery,16.94 cm (6.67 inch) Display,4.4
745,"MOTOROLA Razr 60 (PANTONE Spring Bud, 256 GB)","₹49,999₹54,9999% off","2,163 Ratings & 154 Reviews",9% off,50MP + 13MP | 32MP Front Camera,8 GB RAM | 256 GB ROM,4500 mAh Battery,17.53 cm (6.9 inch) Full HD+ Display,4.4
746,"OPPO A5 5G (Aurora Green, 128 GB)","₹17,999₹20,99914% off",129 Ratings & 2 Reviews,14% off,50MP + 2MP | 8MP Front Camera,8 GB RAM | 128 GB ROM,6000 mAh Battery,16.94 cm (6.67 inch) HD+ Display,4.3
747,"vivo V60e (Noble Gold, 256 GB)","₹35,999₹38,9997% off","1,044 Ratings & 67 Reviews",7% off,200MP + 8MP | 50MP Front Camera,12 GB RAM | 256 GB ROM,6500 mAh Battery,17.2 cm (6.77 inch) Full HD+ Display,4.5
748,Nokia 110 DS Power,"₹1,825₹2,09913% off",,13% off,1750 mAh Battery,4 MB RAM | 4 MB ROM,1 Year Replacement,5.08 cm (2 inch) Display,
749,"vivo V60e (Elite Purple, 256 GB)","₹33,999₹36,9998% off","2,682 Ratings & 163 Reviews",8% off,200MP + 8MP | 50MP Front Camera,8 GB RAM | 256 GB ROM,6500 mAh Battery,17.2 cm (6.77 inch) Full HD+ Display,4.4
750,"Motorola G32 (Satin Silver, 128 GB)","₹18,999","1,28,483 Ratings & 9,939 Reviews",No Offer,50MP + 8MP + 2MP | 16MP Front Camera,8 GB RAM | 128 GB ROM,5000 mAh Lithium Polymer Battery,16.51 cm (6.5 inch) Full HD+ Display,4.2
751,Jio Bharat V4 JBV191M2 4G UPI Phone,"₹729₹1,74958% off",272 Ratings & 25 Reviews,58% off,0.3MP Rear Camera | 0MP Front Camera,36 MB RAM | 36 MB ROM | Expandable Upto 128 GB,1000 mAh Battery,4.5 cm (1.77 inch) QVGA Display,3.8
752,"Samsung Galaxy A17 5G (Black, 128 GB)","₹19,989₹23,49914% off",500 Ratings & 25 Reviews,14% off,50MP + 5MP + 2MP | 13MP Front Camera,8 GB RAM | 128 GB ROM | Expandable Upto 2 TB,5000 mAh Battery,17.02 cm (6.7 inch) Full HD+ Display,4.3
753,"realme 14x 5G (Crystal Black, 128 GB)","₹14,997₹16,99911% off","14,056 Ratings & 678 Reviews",11% off,50MP Rear Camera | 8MP Front Camera,6 GB RAM | 128 GB ROM | Expandable Upto 2 TB,6000 mAh Battery,16.94 cm (6.67 inch) HD+ Display,4.3
754,"realme P3 Pro 5G (Saturn Brown, 128 GB)","₹19,999₹28,99931% off","18,372 Ratings & 1,370 Reviews",31% off,50MP + 2MP | 16MP Front Camera,8 GB RAM | 128 GB ROM,6000 mAh Battery,17.35 cm (6.83 inch) Display,4.4
755,"Samsung Galaxy A07 LTE (Light Violet, 64 GB)","₹7,952₹10,49924% off",172 Ratings & 9 Reviews,24% off,50MP + 2MP,4 GB RAM | 64 GB ROM | Expandable Upto 2 TB,5000 mAh Battery,17.02 cm (6.7 inch) HD+ Display,4.4
756,"Nothing Phone (3a) Lite (Black, 256 GB)","₹23,999₹24,9994% off",621 Ratings & 41 Reviews,4% off,50MP + 8MP + 2MP | 16MP Front Camera,8 GB RAM | 256 GB ROM,5000 mAh Lithium ion Battery,43.66 cm (17.19 cm) Full HD+ Display,4.4
757,"OPPO Reno15 Pro Mini 5G (Cocoa Brown, 512 GB)","₹64,999₹69,9997% off",288 Ratings & 67 Reviews,7% off,200MP + 50MP + 50MP | Yes,12 GB RAM | 512 GB ROM,6200 mAh Battery,16.05 cm (6.32 inch) Full HD+ Display,4.7
758,"vivo V60 5G (Moonlit Blue, 256 GB)","₹40,999₹45,99910% off","1,356 Ratings & 105 Reviews",10% off,50MP + 8MP + 50MP | 50MP Front Camera,12 GB RAM | 256 GB ROM,6500 mAh Battery,17.2 cm (6.77 inch) Display,4.5
759,"vivo Y19s 5G (Majestic Green, 128.0 GB)","₹15,499₹17,49911% off",33 Ratings & 2 Reviews,11% off,13MP + 0.08MP | 5MP Front Camera,6 GB RAM | 128.0 GB ROM | Expandable Upto 2 TB,6000 mAh Battery,17.12 cm (6.74 inch) Display,4.4
760,"vivo Y19s 5G (Titanium Silver, 64.0 GB)","₹12,499₹14,99916% off",70 Ratings & 2 Reviews,16% off,13MP + 0.08MP | 5MP Front Camera,4 GB RAM | 64.0 GB ROM | Expandable Upto 2 TB,6000 mAh Battery,17.12 cm (6.74 inch) Display,4.4
761,"OPPO Reno15 Pro Mini 5G (Glacier White, 512 GB)","₹64,999₹69,9997% off",288 Ratings & 67 Reviews,7% off,200MP + 50MP + 50MP | Yes,12 GB RAM | 512 GB ROM,6200 mAh Battery,16.05 cm (6.32 inch) Full HD+ Display,4.7
762,"Nothing Phone (3a) Lite (Black, 128 GB)","₹21,999₹22,9994% off",621 Ratings & 41 Reviews,4% off,50MP + 8MP + 2MP | 16MP Front Camera,8 GB RAM | 128 GB ROM,5000 mAh Lithium ion Battery,43.66 cm (17.19 cm) Full HD+ Display,4.4
763,"Tecno Pova Curve 5G (Geek Black, 256 GB)","₹19,999₹23,99916% off","1,478 Ratings & 148 Reviews",16% off,64MP Rear Camera | 13MP Front Camera,8 GB RAM | 256 GB ROM,5500 mAh Battery,17.22 cm (6.78 inch) Display,4.4
764,"Nothing Phone (3a) Lite (Blue, 128 GB)","₹21,999₹22,9994% off",621 Ratings & 41 Reviews,4% off,50MP + 8MP + 2MP | 16MP Front Camera,8 GB RAM | 128 GB ROM,5000 mAh Lithium ion Battery,43.66 cm (17.19 cm) Full HD+ Display,4.4
765,"Nothing Phone (3a) Lite (White, 256 GB)","₹23,999₹24,9994% off",621 Ratings & 41 Reviews,4% off,50MP + 8MP + 2MP | 16MP Front Camera,8 GB RAM | 256 GB ROM,5000 mAh Lithium ion Battery,43.66 cm (17.19 cm) Full HD+ Display,4.4
766,"realme C73 5G (Onyx Black, 64 GB)","₹11,999₹12,9997% off","1,592 Ratings & 80 Reviews",7% off,32MP Rear Camera | 8MP Front Camera,4 GB RAM | 64 GB ROM | Expandable Upto 2 TB,6000 mAh Battery,16.94 cm (6.67 inch) HD+ Display,4.2
767,"IQOO 15 5G (Legend, 512 GB)","₹78,000₹83,9997% off",17 Ratings & 2 Reviews,7% off,50MP Rear Camera,16 GB RAM | 512 GB ROM,7000 mAh Battery,17.4 cm (6.85 inch) Display,4.6
768,"realme 14x 5G (Crystal Black, 128 GB)","₹14,997₹16,99911% off","14,056 Ratings & 678 Reviews",11% off,50MP Rear Camera | 8MP Front Camera,6 GB RAM | 128 GB ROM | Expandable Upto 2 TB,6000 mAh Battery,16.94 cm (6.67 inch) HD+ Display,4.3
769,"MTOUCH Z ROCK Max Flip Dual Sim Keypad Mobile with 2.4 ""Display Flip/Fold Call & SMS","₹1,725₹2,99942% off",199 Ratings & 7 Reviews,42% off,0.3MP Rear Camera,32 MB RAM | 32 MB ROM,3000 mAh Battery,6.1 cm (2.4 inch) Display,3.9
770,"Coolpad CP12 Neo (Blue, 64 GB)","₹7,299₹9,99927% off",,27% off,13MP Rear Camera | 5MP Front Camera,8 GB RAM | 64 GB ROM | Expandable Upto 512 GB,5000 mAh Battery,16.66 cm (6.56 inch) Display,
771,"vivo V60 5G (Moonlit Blue, 256 GB)","₹38,999₹43,99911% off","3,127 Ratings & 243 Reviews",11% off,50MP + 8MP + 50MP | 50MP Front Camera,8 GB RAM | 256 GB ROM,6500 mAh Battery,17.2 cm (6.77 inch) Display,4.5
772,LAVA A3 Torch,"₹1,269₹1,64923% off",680 Ratings & 44 Reviews,23% off,0.3MP + 0MP | 0MP Front Camera,4 MB RAM | 32 MB ROM | Expandable Upto 32 GB,1750 mAh Battery,4.57 cm (1.8 inch) HVGA Display,4.2
773,"realme C73 5G (Onyx Black, 64 GB)","₹11,999₹12,9997% off","1,592 Ratings & 80 Reviews",7% off,32MP Rear Camera | 8MP Front Camera,4 GB RAM | 64 GB ROM | Expandable Upto 2 TB,6000 mAh Battery,16.94 cm (6.67 inch) HD+ Display,4.2
774,"OnePlus 15 5G (Ultra Violet, 256 GB)","₹72,899₹76,9995% off",72 Ratings & 8 Reviews,5% off,50MP Rear Camera,12 GB RAM | 256 GB ROM,7300 mAh Battery,17.22 cm (6.78 inch) Display,4.8
775,"OnePlus 15 5G (Sand Storm, 256 GB)","₹72,973₹76,9995% off",72 Ratings & 8 Reviews,5% off,50MP Rear Camera,12 GB RAM | 256 GB ROM,7300 mAh Battery,17.22 cm (6.78 inch) Display,4.8
776,"KARBONN K9 Jumbo,Dual Keypad Mobile,2.4 Big LCD,2MP Camera,1800mAh Battery,FM,Vibratore","₹1,498₹1,89020% off",872 Ratings & 34 Reviews,20% off,2MP + 0MP | 2MP Front Camera,52 MB RAM | 32 MB ROM | Expandable Upto 32 GB,1800 mAh Battery,6.1 cm (2.4 inch) QVGA Display,4.1
777,"OnePlus 15 5G (Infinite Black, 256 GB)","₹72,262₹76,9996% off",72 Ratings & 8 Reviews,6% off,50MP Rear Camera,12 GB RAM | 256 GB ROM,7300 mAh Battery,17.22 cm (6.78 inch) Display,4.8
778,"Samsung Galaxy A17 5G (Black, 128 GB)","₹19,989₹23,49914% off",500 Ratings & 25 Reviews,14% off,50MP + 5MP + 2MP | 13MP Front Camera,8 GB RAM | 128 GB ROM | Expandable Upto 2 TB,5000 mAh Battery,17.02 cm (6.7 inch) Full HD+ Display,4.3
779,"vivo Y400 5G (Glam White, 256 GB)","₹24,999₹27,99910% off",663 Ratings & 24 Reviews,10% off,50MP + 2MP | 32MP Front Camera,8 GB RAM | 256 GB ROM,6000 mAh Battery,17.12 cm (6.74 inch) Display,4.4
780,"vivo Y400 5G (Olive Green, 256 GB)","₹24,999₹27,99910% off",663 Ratings & 24 Reviews,10% off,50MP + 2MP | 32MP Front Camera,8 GB RAM | 256 GB ROM,6000 mAh Battery,17.12 cm (6.74 inch) Display,4.4
781,"vivo V60 5G (Moonlit Blue, 256 GB)","₹40,999₹45,99910% off","1,356 Ratings & 105 Reviews",10% off,50MP + 8MP + 50MP | 50MP Front Camera,12 GB RAM | 256 GB ROM,6500 mAh Battery,17.2 cm (6.77 inch) Display,4.5
782,"OPPO Reno15 Pro Mini 5G (Crystal Pink, 256 GB)","₹59,999₹64,9997% off",288 Ratings & 67 Reviews,7% off,200MP + 50MP + 50MP | Yes,12 GB RAM | 256 GB ROM,6200 mAh Battery,16.05 cm (6.32 inch) Full HD+ Display,4.7
783,HOTLINE H310,₹469₹99953% off,"7,518 Ratings & 491 Reviews",53% off,0.3MP Rear Camera,32 MB RAM | 32 MB ROM,1000 mAh Battery,4.57 cm (1.8 inch) Display,3.5
784,"REDMI A5 (Just Black, 128 GB)","₹8,999₹9,99910% off","4,887 Ratings & 233 Reviews",10% off,32MP Rear Camera | 8MP Front Camera,4 GB RAM | 128 GB ROM | Expandable Upto 2 TB,5200 mAh Battery,17.48 cm (6.88 inch) HD+ Display,4.2
785,"OPPO A59 5G (Silk Gold, 128 GB)","₹15,100₹19,99924% off","2,793 Ratings & 133 Reviews",24% off,13MP + 2MP | 8MP Front Camera,6 GB RAM | 128 GB ROM | Expandable Upto 1 TB,5000 mAh Battery,16.66 cm (6.56 inch) HD+ Display,4.3
786,"POCO M6 5G - Locked with Airtel Prepaid (Orion Blue, 128 GB)","₹10,499₹12,99919% off","1,55,766 Ratings & 7,470 Reviews",19% off,50MP Rear Camera | 5MP Front Camera,4 GB RAM | 128 GB ROM | Expandable Upto 1 TB,5000 mAh Battery,17.12 cm (6.74 inch) HD+ Display,4.2
787,itel Ace2 Heera | King Talker | Auto Call Recording | Expendable Storage32GB,"₹870₹1,09920% off",355 Ratings & 19 Reviews,20% off,1000 mAh Battery,32 MB RAM | 32 MB ROM | Expandable Upto 32 GB,1 year manufacturer Warranty,4.57 cm (1.8 inch) Display,4
788,"Samsung Galaxy A16 5G (Blue Black, 128 GB)","₹16,448₹19,99917% off","4,458 Ratings & 197 Reviews",17% off,50MP + 5MP + 2MP | 13MP Front Camera,6 GB RAM | 128 GB ROM,5000 mAh Battery,17.02 cm (6.7 inch) Full HD+ Display,4.2
789,"Samsung Galaxy A06 5G (Light Gray, 64 GB)","₹10,499₹13,99925% off","2,876 Ratings & 169 Reviews",25% off,50MP + 50MP | 8MP + 2MP Dual Front Camera,4 GB RAM | 64 GB ROM | Expandable Upto 1 TB,5000 mAh Battery,17.02 cm (6.7 inch) HD+ Display,4.1
790,"KARBONN K190 Dual SIM,Keypad Phone 1.8''LCD,1000mAh Battery,Camera,ExpandableUpto32GB","₹980₹1,29024% off",11 Ratings & 2 Reviews,24% off,1MP + 0MP | 0.03MP Front Camera,40 MB RAM | 35 MB ROM | Expandable Upto 16 GB,1000 mAh Battery,4.57 cm (1.8 inch) FWVGA Display,4.8
791,"REDMI A5 (Jaisalmer Gold, 64 GB)","₹7,999₹8,99911% off","7,208 Ratings & 338 Reviews",11% off,32MP Rear Camera | 8MP Front Camera,3 GB RAM | 64 GB ROM | Expandable Upto 2 TB,5200 mAh Battery,17.48 cm (6.88 inch) HD+ Display,4.1
792,"I Kall A5 Flip Mobile Phone - FM Radio, King Voice, Call & SMS Indicator Light","₹1,459₹2,49941% off",34 Ratings & 1 Reviews,41% off,0.3MP Rear Camera,32 MB RAM | 32 MB ROM | Expandable Upto 8 GB,2000 mAh Battery,4.57 cm (1.8 inch) Display,4.1
793,"POCO X7 5G (Cosmic Silver, 128 GB)","₹17,999₹24,99928% off","29,521 Ratings & 2,217 Reviews",28% off,50MP + 8MP + 2MP | 20MP Front Camera,8 GB RAM | 128 GB ROM,5500 mAh Battery,16.94 cm (6.67 inch) Display,4.3
794,"MOTOROLA Edge 60 Pro (Pantone Dazzling Blue, 256 GB)","₹29,999₹36,99918% off","46,783 Ratings & 3,440 Reviews",18% off,50MP + 50MP + 10MP | 50MP Front Camera,8 GB RAM | 256 GB ROM,6000 mAh Battery,17.02 cm (6.7 inch) Display,4.3
795,"vivo V60e (Elite Purple, 128 GB)","₹31,999₹34,9998% off","2,682 Ratings & 163 Reviews",8% off,200MP + 8MP | 50MP Front Camera,8 GB RAM | 128 GB ROM,6500 mAh Battery,17.2 cm (6.77 inch) Full HD+ Display,4.4
796,"Coolpad CP12 Neo (Blue, 64 GB)","₹7,299₹9,99927% off",,27% off,13MP Rear Camera | 5MP Front Camera,8 GB RAM | 64 GB ROM | Expandable Upto 512 GB,5000 mAh Battery,16.66 cm (6.56 inch) Display,
797,"POCO X7 5G (Cosmic Silver, 256 GB)","₹19,999₹27,99928% off","29,521 Ratings & 2,217 Reviews",28% off,50MP + 8MP + 2MP | 20MP Front Camera,8 GB RAM | 256 GB ROM,5500 mAh Battery,16.94 cm (6.67 inch) Display,4.3
798,Samsung Metro SM-313,"₹998₹1,99950% off",141 Ratings & 18 Reviews,50% off,0.3MP Rear Camera,4 MB RAM | 16 GB ROM | Expandable Upto 16 GB,1000 mAh Battery,5.08 cm (2 inch) QVGA Display,3
799,"Samsung Galaxy A06 5G (Light Green, 128 GB)","₹11,685₹15,49924% off","2,876 Ratings & 169 Reviews",24% off,50MP + 2MP | 8MP Front Camera,4 GB RAM | 128 GB ROM,5000 mAh Li-ion Battery,17.02 cm (6.7 inch) HD+ Display,4.1
800,"vivo Y31 5G (Diamond Green, 128 GB)","₹16,999₹19,99915% off",350 Ratings & 10 Reviews,15% off,50MP + 0.08MP | 8MP Front Camera,4 GB RAM | 128 GB ROM,6500 mAh Battery,16.97 cm (6.68 inch) Full HD+ Display,4.4
801,"Nothing Phone (3a) Lite (Blue, 256 GB)","₹23,999₹24,9994% off",621 Ratings & 41 Reviews,4% off,50MP + 8MP + 2MP | 16MP Front Camera,8 GB RAM | 256 GB ROM,5000 mAh Lithium ion Battery,43.66 cm (17.19 cm) Full HD+ Display,4.4
802,Jio Bharat V4 JBV191M2 4G UPI Phone,"₹729₹1,74958% off",272 Ratings & 25 Reviews,58% off,0.3MP Rear Camera | 0MP Front Camera,36 MB RAM | 36 MB ROM | Expandable Upto 128 GB,1000 mAh Battery,4.5 cm (1.77 inch) QVGA Display,3.8
803,"REDMI 14C 5G (Stardust Purple, 128 GB)","₹11,500₹13,99917% off","9,171 Ratings & 453 Reviews",17% off,50MP Rear Camera | 8MP Front Camera,4 GB RAM | 128 GB ROM | Expandable Upto 1 TB,5160 mAh Battery,17.48 cm (6.88 inch) HD+ Display,4.2
804,"REDMI Note 15 5G (Black, 128 GB)","₹23,360₹26,99913% off",60 Ratings & 4 Reviews,13% off,108MP Rear Camera,8 GB RAM | 128 GB ROM,5520 mAh Battery,17.2 cm (6.77 inch) Display,4.6
805,Kechaoda K9,"₹1,215₹1,59924% off","3,746 Ratings & 305 Reviews",24% off,0.3MP Rear Camera,32 MB RAM | 64 MB ROM | Expandable Upto 16 GB,1700 mAh Battery,6.1 cm (2.4 inch) QVGA Display,4.1
806,"REDMI 15C 5G (Moonlight Blue, 128 GB)","₹12,250₹14,99918% off",44 Ratings & 1 Reviews,18% off,50MP Rear Camera,4 GB RAM | 128 GB ROM,6000 mAh Battery,17.53 cm (6.9 inch) Display,4
807,"REDMI 13 5G (Orchid Pink, 128 GB)","₹14,974₹19,99925% off","15,051 Ratings & 790 Reviews",25% off,108MP Rear Camera,8 GB RAM | 128 GB ROM,5030 mAh Battery,17.25 cm (6.79 inch) Full HD+ Display,4.2
808,"POCO C61  - Locked with Airtel Prepaid (Mystical Green, 64 GB)","₹7,499₹8,99916% off","1,16,059 Ratings & 4,719 Reviews",16% off,8MP Rear Camera | 5MP Front Camera,4 GB RAM | 64 GB ROM | Expandable Upto 1 TB,5000 mAh Battery,17.04 cm (6.71 inch) HD+ Display,4.1
809,"Samsung Galaxy M16 5G (Blush Pink, 128 GB)","₹13,499₹15,99915% off",559 Ratings & 20 Reviews,15% off,50MP Rear Camera,4 GB RAM | 128 GB ROM,5000 mAh Battery,17.02 cm (6.7 inch) Display,4.1
810,itel it5330 | 2.8 inch Big Display | 1900 mAh Battery | Kingvoice,"₹1,799","25,843 Ratings & 1,492 Reviews",No Offer,0.8MP + 0MP | 0MP Front Camera,32 MB RAM | 32 MB ROM | Expandable Upto 32 GB,1900 mAh Battery,7.11 cm (2.8 inch) Quarter QVGA Display,4.1
811,"KARBONN K9 4G Dual SIM, 2.4""LCD,2000mAh Battery,Youtube,Facebook,2MP,SDCard upto128GB","₹2,498₹2,99016% off",23 Ratings & 1 Reviews,16% off,2MP + 0MP | 0MP Front Camera,64 MB RAM | 128 MB ROM | Expandable Upto 128 GB,2000 mAh Battery,6.1 cm (2.4 inch) FWVGA Display,4
812,itel it5330 | 2.8 inch Big Display | 1900 mAh Battery | Kingvoice,"₹1,799","25,843 Ratings & 1,492 Reviews",No Offer,0.8MP + 0MP | 0MP Front Camera,32 MB RAM | 32 MB ROM | Expandable Upto 32 GB,1900 mAh Battery,7.11 cm (2.8 inch) Quarter QVGA Display,4.1
813,itel it5330 | 2.8 inch Big Display | 1900 mAh Battery | Kingvoice,"₹1,799","25,843 Ratings & 1,492 Reviews",No Offer,0.8MP + 0MP | 0MP Front Camera,32 MB RAM | 32 MB ROM | Expandable Upto 32 GB,1900 mAh Battery,7.11 cm (2.8 inch) Quarter QVGA Display,4.1
814,"Samsung Galaxy S25 Ultra 5G (Titanium Silverblue, 256 GB)","₹1,08,988₹1,29,99916% off","2,594 Ratings & 262 Reviews",16% off,200MP + 50MP + 50MP + 10MP | 12MP Front Camera,12 GB RAM | 256 GB ROM,5000 mAh Battery,17.53 cm (6.9 inch) Quad HD+ Display,4.6
815,"vivo Y400 Pro 5G (Nebula Purple, 128 GB)","₹25,999₹29,99913% off","1,453 Ratings & 76 Reviews",13% off,50MP + 2MP | 32MP Front Camera,8 GB RAM | 128 GB ROM,5500 mAh Battery,17.2 cm (6.77 inch) Display,4.4
816,"Coolpad CP12 Neo (Blue, 64 GB)","₹7,299₹9,99927% off",,27% off,13MP Rear Camera | 5MP Front Camera,8 GB RAM | 64 GB ROM | Expandable Upto 512 GB,5000 mAh Battery,16.66 cm (6.56 inch) Display,
817,"vivo Y400 Pro 5G (Nebula Purple, 256 GB)","₹27,999₹31,99912% off","1,453 Ratings & 76 Reviews",12% off,50MP + 2MP | 32MP Front Camera,8 GB RAM | 256 GB ROM,5500 mAh Battery,17.2 cm (6.77 inch) Display,4.4
818,"REDMI 13 5G (Orchid Pink, 128 GB)","₹17,999","49,006 Ratings & 2,413 Reviews",No Offer,108MP Rear Camera,6 GB RAM | 128 GB ROM,5030 mAh Battery,17.25 cm (6.79 inch) Full HD+ Display,4.3
819,Kechaoda A26,"₹838₹1,39940% off","30,256 Ratings & 1,642 Reviews",40% off,800 mAh Battery,32 MB RAM | 32 MB ROM | Expandable Upto 16 GB,3 Months Company Warranty,1.68 cm (0.66 inch) FWVGA Display,4
820,"realme C73 5G (Onyx Black, 128 GB)","₹12,799₹13,9998% off","1,592 Ratings & 80 Reviews",8% off,32MP Rear Camera | 8MP Front Camera,4 GB RAM | 128 GB ROM | Expandable Upto 2 TB,6000 mAh Battery,16.94 cm (6.67 inch) HD+ Display,4.2
821,"Google Pixel 10 Pro (Moonstone, 256 GB)","₹1,09,999",386 Ratings & 34 Reviews,No Offer,48MP + 48MP + 48MP | 42MP Front Camera,16 GB RAM | 256 GB ROM,4870 mAh Battery,16.0 cm (6.3 inch) Quad HD+ Display,4.6
822,LAVA A5_23 Keypad Mobile| 1000 mAh Battery|0.3MP Rear Camera|Expandable Upto 32 GB,"₹987₹1,69941% off",501 Ratings & 19 Reviews,41% off,0.3MP Rear Camera,32 MB RAM | 32 MB ROM | Expandable Upto 32 GB,1000 mAh Battery,6.1 cm (2.4 inch) QVGA Display,3.9
823,itel Ace2 Heera | King Talker | Auto Call Recording | Expendable Storage32GB,"₹865₹1,09921% off",355 Ratings & 19 Reviews,21% off,1000 mAh Battery,32 MB RAM | 32 MB ROM | Expandable Upto 32 GB,1 year manufacturer Warranty,4.57 cm (1.8 inch) Display,4
824,"MOTOROLA Razr 60 (PANTONE Spring Bud, 256 GB)","₹49,999₹54,9999% off","2,163 Ratings & 154 Reviews",9% off,50MP + 13MP | 32MP Front Camera,8 GB RAM | 256 GB ROM,4500 mAh Battery,17.53 cm (6.9 inch) Full HD+ Display,4.4
825,Kechaoda K28 PRO,"₹1,249₹1,99937% off",310 Ratings & 17 Reviews,37% off,0.3MP Rear Camera,32 MB RAM | 64 MB ROM | Expandable Upto 16 GB,3000 mAh Battery,6.1 cm (2.4 inch) QVGA Display,3.8
826,"vivo Y19s 5G (Titanium Silver, 128.0 GB)","₹13,499₹15,99915% off",70 Ratings & 2 Reviews,15% off,13MP + 0.08MP | 5MP Front Camera,4 GB RAM | 128.0 GB ROM | Expandable Upto 2 TB,6000 mAh Battery,17.12 cm (6.74 inch) Display,4.4
827,"Samsung Galaxy M17 5G (Sapphire Black, 128 GB)","₹15,462₹19,49920% off",248 Ratings & 16 Reviews,20% off,50MP Rear Camera,6 GB RAM | 128 GB ROM,5000 mAh Battery,17.02 cm (6.7 inch) Display,4.4
828,"Samsung Galaxy M17 5G (Moonlight Silver, 128 GB)","₹15,347₹19,49921% off",248 Ratings & 16 Reviews,21% off,50MP Rear Camera,6 GB RAM | 128 GB ROM,5000 mAh Battery,17.02 cm (6.7 inch) Display,4.4
829,"realme C73 5G (Jade Green, 64 GB)","₹11,299₹12,99913% off","1,592 Ratings & 80 Reviews",13% off,32MP Rear Camera | 8MP Front Camera,4 GB RAM | 64 GB ROM | Expandable Upto 2 TB,6000 mAh Battery,16.94 cm (6.67 inch) HD+ Display,4.2
830,"IQOO 15 5G (Alpha, 512 GB)","₹78,000₹83,9997% off",17 Ratings & 2 Reviews,7% off,50MP Rear Camera,16 GB RAM | 512 GB ROM,7000 mAh Battery,17.4 cm (6.85 inch) Display,4.6
831,"IQOO 15 5G (Legend, 512 GB)","₹78,000₹83,9997% off",17 Ratings & 2 Reviews,7% off,50MP Rear Camera,16 GB RAM | 512 GB ROM,7000 mAh Battery,17.4 cm (6.85 inch) Display,4.6
832,"Samsung Galaxy S25 Plus 5G (Navy, 256 GB)","₹74,999₹99,99925% off",353 Ratings & 44 Reviews,25% off,50MP + 10MP + 12MP | 12MP Front Camera,12 GB RAM | 256 GB ROM,4900 mAh Battery,17.02 cm (6.7 inch) Quad HD+ Display,4.7
833,"Samsung Galaxy M16 5G (Blush Pink, 128 GB)","₹14,499₹17,49917% off","1,271 Ratings & 61 Reviews",17% off,50MP Rear Camera,6 GB RAM | 128 GB ROM,5000 mAh Battery,17.02 cm (6.7 inch) Display,4.2
834,Samsung Metro SM-B313ez,"₹1,000₹1,99949% off","2,162 Ratings & 201 Reviews",49% off,0.3MP Rear Camera,Expandable Upto 16 GB,1000 mAh Battery,5.08 cm (2 inch) QVGA Display,3.1
835,"I Kall I6 Multimedia Mobile Phone - 2.4"" Display, 2500mAh Battery, Triple-Sim","₹854₹1,69949% off",25 Ratings & 0 Reviews,49% off,0.3MP Rear Camera,32 MB RAM | 32 MB ROM | Expandable Upto 8 GB,2500 mAh Battery,6.1 cm (2.4 inch) Display,3.8
836,"Ai+ Nova 5G (Black, 128 GB)","₹9,999₹12,99923% off","4,641 Ratings & 393 Reviews",23% off,50MP Rear Camera | 5MP Front Camera,8 GB RAM | 128 GB ROM | Expandable Upto 1 TB,5000 mAh Battery,17.13 cm (6.745 inch) HD+ Display,3.9
837,Samsung Metro 313,"₹2,461₹2,89915% off","13,139 Ratings & 993 Reviews",15% off,0.3MP Rear Camera,4 GB RAM | 2.27 MB ROM,1000 mAh Battery,5.08 cm (2 inch) Display,3
838,"OPPO Reno15 Pro Mini 5G (Cocoa Brown, 256 GB)","₹59,999₹64,9997% off",288 Ratings & 67 Reviews,7% off,200MP + 50MP + 50MP | Yes,12 GB RAM | 256 GB ROM,6200 mAh Battery,16.05 cm (6.32 inch) Full HD+ Display,4.7
839,"Nothing Phone (3a) Lite (White, 128 GB)","₹21,999₹22,9994% off",621 Ratings & 41 Reviews,4% off,50MP + 8MP + 2MP | 16MP Front Camera,8 GB RAM | 128 GB ROM,5000 mAh Lithium ion Battery,43.66 cm (17.19 cm) Full HD+ Display,4.4
840,"realme P4x 5G (Lake Green, 128 GB)","₹16,499₹17,9998% off","7,161 Ratings & 549 Reviews",8% off,50MP + 2MP | 8MP Front Camera,6 GB RAM | 128 GB ROM,7000 mAh Battery,17.07 cm (6.72 inch) Full HD+ Display,4.4
841,"Coolpad CP12 Neo (Gold, 64 GB)","₹7,299₹9,99927% off",,27% off,13MP Rear Camera | 5MP Front Camera,8 GB RAM | 64 GB ROM | Expandable Upto 512 GB,5000 mAh Battery,16.66 cm (6.56 inch) Display,
842,Samsung Metro 313,"₹2,461₹2,89915% off","13,139 Ratings & 993 Reviews",15% off,0.3MP Rear Camera,4 GB RAM | 2.27 MB ROM,1000 mAh Battery,5.08 cm (2 inch) Display,3
843,"KARBONN K9 4G Dual SIM, 2.4""LCD,2000mAh Battery,Youtube,Facebook,2MP,SDCard upto128GB","₹2,498₹2,99016% off",23 Ratings & 1 Reviews,16% off,2MP + 0MP | 0MP Front Camera,64 MB RAM | 128 MB ROM | Expandable Upto 128 GB,2000 mAh Battery,6.1 cm (2.4 inch) FWVGA Display,4
844,"REDMI Note 14 Pro 5G (Champagne Gold, 256 GB)","₹30,999","5,513 Ratings & 380 Reviews",No Offer,50MP + 8MP + 2MP | 20MP Front Camera,8 GB RAM | 256 GB ROM,5500 mAh Battery,16.94 cm (6.67 inch) Display,4.4
845,"Motorola g45 5G (Viva Magenta, 128 GB)","₹11,999₹14,99920% off","2,53,008 Ratings & 12,454 Reviews",20% off,50MP + 2MP | 16MP Front Camera,8 GB RAM | 128 GB ROM | Expandable Upto 1 TB,5000 mAh Battery,16.51 cm (6.5 inch) HD+ Display,4.3
846,"Tecno Pova 7 5G (Geek Black, 256 GB)","₹15,999₹19,99920% off","9,322 Ratings & 711 Reviews",20% off,50MP + AI | 13MP Front Camera,8 GB RAM | 256 GB ROM,6000 mAh Battery,17.22 cm (6.78 inch) Full HD+ Display,4.4
847,"LAVA Bold N1 Pro (Titanium Gold, 128 GB)","₹8,390₹8,399",370 Ratings & 22 Reviews,No Offer,50MP Rear Camera,4 GB RAM | 128 GB ROM,5000 mAh Battery,16.76 cm (6.6 inch) Display,4
848,"Google Pixel 10 (Frost, 256 GB)","₹74,999₹79,9996% off","1,658 Ratings & 106 Reviews",6% off,48MP + 13MP + 10.8MP | 10.5MP Front Camera,12 GB RAM | 256 GB ROM,4970 mAh Battery,16.0 cm (6.3 inch) Quad HD+ Display,4.5
849,"vivo Y400 Pro 5G (Freestyle White, 128 GB)","₹25,999₹29,99913% off","1,453 Ratings & 76 Reviews",13% off,50MP + 2MP | 32MP Front Camera,8 GB RAM | 128 GB ROM,5500 mAh Battery,17.2 cm (6.77 inch) Display,4.4
850,"Nothing Phone (3a) Lite (White, 128 GB)","₹21,999₹22,9994% off",621 Ratings & 41 Reviews,4% off,50MP + 8MP + 2MP | 16MP Front Camera,8 GB RAM | 128 GB ROM,5000 mAh Lithium ion Battery,43.66 cm (17.19 cm) Full HD+ Display,4.4
851,"OPPO Reno15 5G (Twilight Blue, 256 GB)","₹45,999₹49,9998% off",348 Ratings & 70 Reviews,8% off,50MP + 50MP + 8MP | Yes,8 GB RAM | 256 GB ROM,6500 mAh Battery,16.74 cm (6.59 inch) Full HD+ Display,4.6
852,"POCO C61 (Diamond Dust Black, 64 GB)","₹7,499₹8,99916% off","1,16,059 Ratings & 4,719 Reviews",16% off,8MP Rear Camera | 5MP Front Camera,4 GB RAM | 64 GB ROM | Expandable Upto 1 TB,5000 mAh Battery,17.04 cm (6.71 inch) HD+ Display,4.1
853,"Samsung Galaxy M16 5G (Blush Pink, 128 GB)","₹14,499₹17,49917% off","1,271 Ratings & 61 Reviews",17% off,50MP Rear Camera,6 GB RAM | 128 GB ROM,5000 mAh Battery,17.02 cm (6.7 inch) Display,4.2
854,"REDMI 13 5G (Orchid Pink, 128 GB)","₹12,499₹17,99930% off","49,006 Ratings & 2,413 Reviews",30% off,108MP + 2MP | 13MP Front Camera,6 GB RAM | 128 GB ROM | Expandable Upto 1 TB,5030 mAh Lithium Polymer Battery,17.25 cm (6.79 inch) Full HD+ Display,4.3
855,"Samsung Galaxy F17 5G (Neo Black, 128 GB)","₹15,499₹16,4996% off",107 Ratings & 8 Reviews,6% off,50MP + 5MP | 13MP Front Camera,4 GB RAM | 128 GB ROM | Expandable Upto 2 TB,5000 mAh Battery,17.02 cm (6.7 inch) Full HD+ Display,4.2
856,"realme P3 Ultra 5G (Orion Red, 256 GB)","₹26,999₹35,99925% off","4,105 Ratings & 374 Reviews",25% off,50MP + 8MP | 16MP Front Camera,12 GB RAM | 256 GB ROM,6000 mAh Battery,17.35 cm (6.83 inch) Display,4.5
857,Kechaoda K-033 Pink,"₹999₹1,49933% off",13 Ratings & 0 Reviews,33% off,0.3MP + 0MP | 0MP Front Camera,32 MB RAM | 32 GB ROM | Expandable Upto 32 MB,800 mAh Battery,3.66 cm (1.44 inch) NA Display,4.4
858,ringme R1+ JUMBO,"₹1,499₹2,99950% off",399 Ratings & 25 Reviews,50% off,1MP Rear Camera,32 MB RAM | 32 MB ROM,4000 mAh Battery,6.1 cm (2.4 inch) Display,4.2
859,"REDMI 15C 5G (Midnight Black, 128 GB)","₹13,749₹15,99914% off",69 Ratings & 3 Reviews,14% off,50MP Rear Camera,6 GB RAM | 128 GB ROM,6000 mAh Battery,17.53 cm (6.9 inch) Display,4.3
860,"REDMI 15C 5G (Moonlight Blue, 128 GB)","₹12,250₹14,99918% off",44 Ratings & 1 Reviews,18% off,50MP Rear Camera,4 GB RAM | 128 GB ROM,6000 mAh Battery,17.53 cm (6.9 inch) Display,4
861,"REDMI 13 5G (Hawaiian Blue, 128 GB)","₹12,499₹17,99930% off","49,006 Ratings & 2,413 Reviews",30% off,108MP + 2MP | 13MP Front Camera,6 GB RAM | 128 GB ROM | Expandable Upto 1 TB,5030 mAh Lithium Polymer Battery,17.25 cm (6.79 inch) Full HD+ Display,4.3
862,"REDMI 13 5G (Orchid Pink, 128 GB)","₹13,999₹19,99930% off","15,051 Ratings & 790 Reviews",30% off,108MP + 2MP | 13MP Front Camera,8 GB RAM | 128 GB ROM | Expandable Upto 1 TB,5030 mAh Lithium Polymer Battery,17.25 cm (6.79 inch) Full HD+ Display,4.2
863,Micromax X1i Smart Plus,"₹999₹2,09952% off",270 Ratings & 15 Reviews,52% off,0.08MP Rear Camera,32 MB RAM | 32 MB ROM,1750 mAh Battery,6.1 cm (2.4 inch) Display,3.6
864,"OPPO K13 Turbo Pro 5G (Purple Phantom, 256 GB)","₹36,999₹44,99917% off",365 Ratings & 35 Reviews,17% off,50MP + 2MP | 16MP Front Camera,12 GB RAM | 256 GB ROM,7000 mAh Battery,17.27 cm (6.8 inch) Full HD+ Display,4.4
865,"Tecno Pova Curve 5G (Neon Cyan, 128 GB)","₹17,999₹19,99910% off","1,478 Ratings & 148 Reviews",10% off,64MP Rear Camera | 13MP Front Camera,8 GB RAM | 128 GB ROM,5500 mAh Battery,17.22 cm (6.78 inch) Display,4.4
866,"realme P4x 5G (Lake Green, 128 GB)","₹16,499₹17,9998% off","7,161 Ratings & 549 Reviews",8% off,50MP + 2MP | 8MP Front Camera,6 GB RAM | 128 GB ROM,7000 mAh Battery,17.07 cm (6.72 inch) Full HD+ Display,4.4
867,"Coolpad CP12 Neo (Gold, 64 GB)","₹7,299₹9,99927% off",,27% off,13MP Rear Camera | 5MP Front Camera,8 GB RAM | 64 GB ROM | Expandable Upto 512 GB,5000 mAh Battery,16.66 cm (6.56 inch) Display,
868,"REDMI 15C 5G (Dusk Purple, 128 GB)","₹12,400₹14,99917% off",44 Ratings & 1 Reviews,17% off,50MP Rear Camera,4 GB RAM | 128 GB ROM,6000 mAh Battery,17.53 cm (6.9 inch) Display,4
869,"REDMI Note 15 5G (Black, 128 GB)","₹23,360₹26,99913% off",60 Ratings & 4 Reviews,13% off,108MP Rear Camera,8 GB RAM | 128 GB ROM,5520 mAh Battery,17.2 cm (6.77 inch) Display,4.6
870,"REDMI 13 5G Prime Edition (Hawaiian Blue, 128 GB)","₹14,966₹19,99925% off",294 Ratings & 11 Reviews,25% off,13MP Rear Camera,8 GB RAM | 128 GB ROM,5030 mAh Battery,17.25 cm (6.79 inch) Display,4.2
871,Samsung Guru 1200,"₹799₹1,69852% off","12,287 Ratings & 842 Reviews",52% off,800 mAh Battery,4 MB RAM | 10 MB ROM,NA,3.86 cm (1.52 inch) NA Display,3
872,"Samsung Galaxy M35 5G (DayBreak Blue, 128 GB)","₹17,990₹25,99930% off","5,910 Ratings & 375 Reviews",30% off,50MP Rear Camera,8 GB RAM | 128 GB ROM,6000 mAh Battery,16.76 cm (6.6 inch) Display,4.3
873,"REDMI Note 14 5G (Mystique White, 256 GB)","₹19,199₹24,99923% off","4,330 Ratings & 240 Reviews",23% off,50MP Rear Camera,8 GB RAM | 256 GB ROM,5110 mAh Battery,16.94 cm (6.67 inch) Display,4.2
874,"OPPO A6x 5G (Olive Green, 128 GB)","₹16,999₹17,4992% off",85 Ratings & 3 Reviews,2% off,13MP Rear Camera | 5MP Front Camera,6 GB RAM | 128 GB ROM,6500 mAh Battery,17.14 cm (6.75 inch) HD+ Display,4.5
875,"realme P3 Pro 5G (Nebula Glow, 128 GB)","₹19,999₹28,99931% off","18,372 Ratings & 1,370 Reviews",31% off,50MP + 2MP | 16MP Front Camera,8 GB RAM | 128 GB ROM,6000 mAh Battery,17.35 cm (6.83 inch) Display,4.4
876,"realme P3 Pro 5G (Galaxy Purple, 256 GB)","₹21,999₹30,99929% off","18,372 Ratings & 1,370 Reviews",29% off,50MP + 2MP | 16MP Front Camera,8 GB RAM | 256 GB ROM,6000 mAh Battery,17.35 cm (6.83 inch) Display,4.4
877,itel it5330 | 2.8 inch Big Display | 1900 mAh Battery | Kingvoice,"₹1,799","25,843 Ratings & 1,492 Reviews",No Offer,0.8MP + 0MP | 0MP Front Camera,32 MB RAM | 32 MB ROM | Expandable Upto 32 GB,1900 mAh Battery,7.11 cm (2.8 inch) Quarter QVGA Display,4.1
878,itel it5330 | 2.8 inch Big Display | 1900 mAh Battery | Kingvoice,"₹1,799","25,843 Ratings & 1,492 Reviews",No Offer,0.8MP + 0MP | 0MP Front Camera,32 MB RAM | 32 MB ROM | Expandable Upto 32 GB,1900 mAh Battery,7.11 cm (2.8 inch) Quarter QVGA Display,4.1
879,"REDMI Note 14 5G (Titan Black, 256 GB)","₹19,199₹24,99923% off","4,330 Ratings & 240 Reviews",23% off,50MP Rear Camera,8 GB RAM | 256 GB ROM,5110 mAh Battery,16.94 cm (6.67 inch) Display,4.2
880,"OPPO A6x 5G (Ice Blue, 128 GB)","₹14,499₹15,9999% off",99 Ratings & 2 Reviews,9% off,13MP Rear Camera | 5MP Front Camera,4 GB RAM | 128 GB ROM,6500 mAh Battery,17.14 cm (6.75 inch) HD+ Display,4.6
881,"OPPO A6x 5G (Olive Green, 128 GB)","₹14,499₹15,9999% off",99 Ratings & 2 Reviews,9% off,13MP Rear Camera | 5MP Front Camera,4 GB RAM | 128 GB ROM,6500 mAh Battery,17.14 cm (6.75 inch) HD+ Display,4.6
882,"IQOO Z10 Lite 5G (Cyber Green, 64 GB)","₹11,290₹12,99913% off","2,387 Ratings & 94 Reviews",13% off,50MP Rear Camera,4 GB RAM | 64 GB ROM,6000 mAh Battery,17.12 cm (6.74 inch) Display,4.2
883,"Apple iPhone 17 (White, 512 GB)","₹1,02,900","4,850 Ratings & 261 Reviews",No Offer,48MP + 48MP | 18MP Front Camera,512 GB ROM,"A19 Chip, 6 Core Processor Processor",16.0 cm (6.3 inch) Super Retina XDR Display,4.7
884,"REDMI 15C 5G (Moonlight Blue, 128 GB)","₹14,179₹15,99911% off",69 Ratings & 3 Reviews,11% off,50MP Rear Camera,6 GB RAM | 128 GB ROM,6000 mAh Battery,17.53 cm (6.9 inch) Display,4.3
885,"MOTOROLA Edge 70 (PANTONE Bronze Green, 256 GB)","₹32,999₹34,9995% off","1,829 Ratings & 172 Reviews",5% off,50MP + 50MP | 50MP Front Camera,8 GB RAM | 256 GB ROM,5000 mAh Battery,17.02 cm (6.7 inch) Display,4.4
886,"Apple iPhone 17 Pro (Deep Blue, 256 GB)","₹1,34,900",838 Ratings & 59 Reviews,No Offer,48MP + 48MP + 48MP | 18MP Front Camera,256 GB ROM,"A19 Chip, 6 Core Processor Processor",16.0 cm (6.3 inch) Super Retina XDR Display,4.7
887,"Ai+ Pulse (Pink, 64 GB)","₹6,999₹7,99912% off","44,538 Ratings & 2,650 Reviews",12% off,50MP Rear Camera | 5MP Front Camera,4 GB RAM | 64 GB ROM | Expandable Upto 1 TB,5000 mAh Battery,17.13 cm (6.745 inch) HD+ Display,4.3
888,"OPPO A6x 5G (Ice Blue, 64 GB)","₹13,499₹14,4996% off",99 Ratings & 2 Reviews,6% off,13MP Rear Camera | 5MP Front Camera,4 GB RAM | 64 GB ROM,6500 mAh Battery,17.14 cm (6.75 inch) HD+ Display,4.6
889,"REDMI Note-14 Pro+ 5G (Titan Black, 512 GB)","₹33,995₹39,99915% off",472 Ratings & 15 Reviews,15% off,50MP + 50MP + 8MP | 20MP Front Camera,12 GB RAM | 512 GB ROM,6200 mAh Battery,16.94 cm (6.67 inch) Display,4.4
890,"realme P4x 5G (Lake Green, 128 GB)","₹16,499₹17,9998% off","7,161 Ratings & 549 Reviews",8% off,50MP + 2MP | 8MP Front Camera,6 GB RAM | 128 GB ROM,7000 mAh Battery,17.07 cm (6.72 inch) Full HD+ Display,4.4
891,"Coolpad CP12 Neo (Gold, 64 GB)","₹7,299₹9,99927% off",,27% off,13MP Rear Camera | 5MP Front Camera,8 GB RAM | 64 GB ROM | Expandable Upto 512 GB,5000 mAh Battery,16.66 cm (6.56 inch) Display,
892,Kechaoda A26,"₹838₹1,39940% off","30,256 Ratings & 1,642 Reviews",40% off,800 mAh Battery,32 MB RAM | 32 MB ROM | Expandable Upto 16 GB,3 Months Company Warranty,1.68 cm (0.66 inch) FWVGA Display,4
893,"Motorola Edge 50 Fusion (Forest Green, 128 GB)","₹18,999₹25,99926% off","1,42,440 Ratings & 9,008 Reviews",26% off,50MP + 13MP | 32MP Front Camera,8 GB RAM | 128 GB ROM,5000 mAh Battery,17.02 cm (6.7 inch) Full HD+ Display,4.4
894,"realme P3 Ultra 5G (Glowing Lunar White, 128 GB)","₹23,999₹31,99925% off","19,876 Ratings & 1,921 Reviews",25% off,50MP + 8MP | 16MP Front Camera,8 GB RAM | 128 GB ROM,6000 mAh Battery,17.35 cm (6.83 inch) Display,4.4
895,"LAVA Shark (Titanium Gold, 64 GB)","₹7,099₹7,7998% off",244 Ratings & 9 Reviews,8% off,50MP + 8MP,4 GB RAM | 64 GB ROM | Expandable Upto 256 GB,5000 mAh Battery,16.94 cm (6.67 inch) HD+ Display,4.2
896,UiSmart Ui06,"₹1,644₹2,09921% off","1,490 Ratings & 130 Reviews",21% off,2MP + 0MP | 0MP Front Camera,512 MB RAM | 32 MB ROM | Expandable Upto 32 TB,1050 mAh Battery,4.5 cm (1.77 inch) QVGA Display,4
897,"Samsung S25 Ultra 5G (Titanium Gray, 256 GB)","₹1,08,988₹1,29,99916% off",360 Ratings & 24 Reviews,16% off,200MP + 50MP + 50MP + 10MP | 12MP Front Camera,12 GB RAM | 256 GB ROM,5000 mAh Battery,17.53 cm (6.9 inch) Quad HD+ Display,4.6
898,KARBONN K140 Pop,"₹955₹1,09012% off","6,206 Ratings & 520 Reviews",12% off,0.3MP Rear Camera,32 MB RAM | 32 MB ROM | Expandable Upto 16 GB,1000 mAh Battery,4.57 cm (1.8 inch) Display,3.9
899,"realme Gt 7 (Icesense Blue, 256 GB)","₹34,999₹45,99923% off",375 Ratings & 41 Reviews,23% off,50MP + 50MP + 8MP + 50MP | 32MP + 32MP Dual Front Camera,8 GB RAM | 256 GB ROM,7000 mAh Battery,17.02 cm (6.7 inch) Full HD+ AMOLED Display,4.5
900,"realme GT 7T (IceSense Black, 256 GB)","₹34,999₹39,99912% off",714 Ratings & 62 Reviews,12% off,50MP + 8MP | 32MP Front Camera,8 GB RAM | 256 GB ROM,7000 mAh Li-ion Battery,17.27 cm (6.8 inch) Full HD+ AMOLED Display,4.3
901,"REDMI Note-14 Pro+ 5G (Spectre Blue, 256 GB)","₹27,580₹36,99925% off",565 Ratings & 28 Reviews,25% off,50MP + 50MP + 8MP | 20MP Front Camera,8 GB RAM | 256 GB ROM,6200 mAh Battery,16.94 cm (6.67 inch) Display,4.4
902,"Motorola G34 5G (Ice Blue, 128 GB)","₹14,999","1,49,320 Ratings & 10,010 Reviews",No Offer,50MP + 2MP | 16MP Front Camera,8 GB RAM | 128 GB ROM,5000 mAh Battery,16.51 cm (6.5 inch) HD+ Display,4.2
903,"Samsung Galaxy A06 5G (Black, 128 GB)","₹12,999₹16,99923% off",90 Ratings & 6 Reviews,23% off,50MP + 2MP | 8MP Front Camera,6 GB RAM | 128 GB ROM,5000 mAh Li-ion Battery,17.02 cm (6.7 inch) HD+ Display,4.1
904,"OPPO K13 Turbo Pro 5G (Purple Phantom, 256 GB)","₹34,999₹41,99916% off",173 Ratings & 13 Reviews,16% off,50MP + 2MP | 16MP Front Camera,8 GB RAM | 256 GB ROM,7000 mAh Battery,17.27 cm (6.8 inch) Full HD+ Display,4.3
905,"OPPO K13 Turbo Pro 5G (Midnight Maverick, 256 GB)","₹34,999₹41,99916% off",173 Ratings & 13 Reviews,16% off,50MP + 2MP | 16MP Front Camera,8 GB RAM | 256 GB ROM,7000 mAh Battery,17.27 cm (6.8 inch) Full HD+ Display,4.3
906,"vivo V60 5G (Auspicious Gold, 512 GB)","₹45,999₹50,9999% off",735 Ratings & 56 Reviews,9% off,50MP + 8MP + 50MP | 50MP Front Camera,16 GB RAM | 512 GB ROM,6500 mAh Battery,17.2 cm (6.77 inch) Display,4.5
907,"REDMI 13c 5G (Startrail Green, 128 GB)","₹9,654₹13,99931% off","47,373 Ratings & 1,852 Reviews",31% off,50MP Rear Camera,4 GB RAM | 128 GB ROM,5000 mAh Battery,17.12 cm (6.74 inch) Display,4.3
908,itel Power 450 | 2.4 inch Big Display | 2500 mAh Battery | Type C Charging,"₹1,498₹1,89921% off","1,373 Ratings & 97 Reviews",21% off,0.8MP Rear Camera,32 MB RAM | 32 MB ROM | Expandable Upto 32 GB,2500 mAh Battery,6.1 cm (2.4 inch) Display,4.1
909,"MOTOROLA Edge 60 Stylus (PANTONE Surf the Web, 256 GB)","₹19,999₹28,99931% off","14,541 Ratings & 1,056 Reviews",31% off,50MP + 13MP | 32MP Front Camera,8 GB RAM | 256 GB ROM | Expandable Upto 1 TB,5000 mAh Battery,16.94 cm (6.67 inch) Display,4.3
910,"realme 15x 5G (Aqua Blue, 128 GB)","₹18,999","4,100 Ratings & 273 Reviews",No Offer,50MP Rear Camera | 50MP Front Camera,6 GB RAM | 128 GB ROM | Expandable Upto 2 TB,7000 mAh Battery,17.27 cm (6.8 inch) Display,4.4
911,"OPPO A6x 5G (Olive Green, 64 GB)","₹13,499₹14,4996% off",99 Ratings & 2 Reviews,6% off,13MP Rear Camera | 5MP Front Camera,4 GB RAM | 64 GB ROM,6500 mAh Battery,17.14 cm (6.75 inch) HD+ Display,4.6
912,"OPPO Reno15 5G (Aurora Blue, 256 GB)","₹48,999₹54,99910% off",142 Ratings & 11 Reviews,10% off,50MP + 50MP + 8MP | Yes,12 GB RAM | 256 GB ROM,6500 mAh Battery,16.74 cm (6.59 inch) Full HD+ Display,4.6
913,itel Power 450 | 2.4 inch Big Display | 2500 mAh Battery | Type C Charging,"₹1,498₹1,89921% off","1,373 Ratings & 97 Reviews",21% off,0.8MP Rear Camera,32 MB RAM | 32 MB ROM | Expandable Upto 32 GB,2500 mAh Battery,6.1 cm (2.4 inch) Display,4.1
914,"POCO M7 Plus 5G (Chrome Silver, 128 GB)","₹13,999₹16,99917% off","6,520 Ratings & 340 Reviews",17% off,50MP AI Dual Camera,6 GB RAM | 128 GB ROM | Expandable Upto 2 TB,7000 mAh Battery,17.53 cm (6.9 inch) Display,4.3
915,"OPPO K13 Turbo Pro 5G (Silver Knight, 256 GB)","₹34,999₹41,99916% off",173 Ratings & 13 Reviews,16% off,50MP + 2MP | 16MP Front Camera,8 GB RAM | 256 GB ROM,7000 mAh Battery,17.27 cm (6.8 inch) Full HD+ Display,4.3
916,"Coolpad CP12 Neo (Blue, 64 GB)","₹7,299₹9,99927% off",,27% off,13MP Rear Camera | 5MP Front Camera,8 GB RAM | 64 GB ROM | Expandable Upto 512 GB,5000 mAh Battery,16.66 cm (6.56 inch) Display,
917,"OPPO K13 Turbo Pro 5G (Purple Phantom, 256 GB)","₹36,999₹44,99917% off",365 Ratings & 35 Reviews,17% off,50MP + 2MP | 16MP Front Camera,12 GB RAM | 256 GB ROM,7000 mAh Battery,17.27 cm (6.8 inch) Full HD+ Display,4.4
918,"realme 15x 5G (Aqua Blue, 128 GB)","₹18,999","4,100 Ratings & 273 Reviews",No Offer,50MP Rear Camera | 50MP Front Camera,6 GB RAM | 128 GB ROM | Expandable Upto 2 TB,7000 mAh Battery,17.27 cm (6.8 inch) Display,4.4
919,"OPPO A6x 5G (Ice Blue, 64 GB)","₹13,499₹14,4996% off",99 Ratings & 2 Reviews,6% off,13MP Rear Camera | 5MP Front Camera,4 GB RAM | 64 GB ROM,6500 mAh Battery,17.14 cm (6.75 inch) HD+ Display,4.6
920,"hmd Touch 4G Dual Sim Feature Phone, Cloud Phone Apps, Wi-Fi & Hotspot (Dark Blue, 128 MB)","₹4,274₹4,99914% off",77 Ratings & 7 Reviews,14% off,2MP Rear Camera,4 MB RAM | 128 MB ROM,1950 mAh Battery,8.13 cm (3.2 inch) Display,3.7
921,"Samsung Galaxy F16 5G (Bling Black, 128 GB)","₹15,499₹18,99918% off","3,511 Ratings & 215 Reviews",18% off,50MP + 5MP + 2MP | 13MP Front Camera,8 GB RAM | 128 GB ROM,5000 mAh Battery,16.91 cm (6.657 inch) Full HD+ Display,4.2
922,"Nothing Phone (3) (Black, 256 GB)","₹79,999₹84,9995% off","3,399 Ratings & 343 Reviews",5% off,50MP + 50MP + 50MP | 50MP Front Camera,12 GB RAM | 256 GB ROM,5500 mAh Battery,16.94 cm (6.67 inch) Display,4.4
923,"Samsung Galaxy A17 5G (Gray, 128 GB)","₹20,499₹22,4998% off",500 Ratings & 25 Reviews,8% off,50MP + 5MP + 2MP | 13MP Front Camera,8 GB RAM | 128 GB ROM | Expandable Upto 2 TB,5000 mAh Battery,17.02 cm (6.7 inch) Full HD+ Display,4.3
924,"vivo V40e 5G (Mint Green, 128 GB)","₹23,765₹33,99930% off","10,745 Ratings & 699 Reviews",30% off,50MP + 8MP | 50MP Front Camera,8 GB RAM | 128 GB ROM,5500 mAh Battery,17.2 cm (6.77 inch) Display,4.4
925,"REDMI Note 14 Pro 5G (Ivy Green, 256 GB)","₹23,999₹30,99922% off","5,513 Ratings & 380 Reviews",22% off,50MP + 8MP + 2MP | 20MP Front Camera,8 GB RAM | 256 GB ROM,5500 mAh Battery,16.94 cm (6.67 inch) Display,4.4
926,"REDMI Note 14 Pro 5G (Titan Black, 256 GB)","₹23,999₹30,99922% off","5,513 Ratings & 380 Reviews",22% off,50MP + 8MP + 2MP | 20MP Front Camera,8 GB RAM | 256 GB ROM,5500 mAh Battery,16.94 cm (6.67 inch) Display,4.4
927,"REDMI Note 14 Pro 5G (Titan Black, 128 GB)","₹21,999₹28,99924% off","5,513 Ratings & 380 Reviews",24% off,50MP + 8MP + 2MP | 20MP Front Camera,8 GB RAM | 128 GB ROM,5500 mAh Battery,16.94 cm (6.67 inch) Display,4.4
928,"REDMI Note 14 Pro 5G (Phantom Purple, 256 GB)","₹23,999₹30,99922% off","5,513 Ratings & 380 Reviews",22% off,50MP + 8MP + 2MP | 20MP Front Camera,8 GB RAM | 256 GB ROM,5500 mAh Battery,16.94 cm (6.67 inch) Display,4.4
929,"Samsung Galaxy A06 5G (Black, 64 GB)","₹10,364₹13,99925% off","2,876 Ratings & 169 Reviews",25% off,50MP + 2MP | 8MP Front Camera,4 GB RAM | 64 GB ROM,5000 mAh Li-ion Battery,17.02 cm (6.7 inch) HD+ Display,4.1
930,"vivo Y400 5G (Glam White, 128 GB)","₹22,999₹25,99911% off",663 Ratings & 24 Reviews,11% off,50MP + 2MP | 32MP Front Camera,8 GB RAM | 128 GB ROM,6000 mAh Battery,17.12 cm (6.74 inch) Display,4.4
931,"vivo V60 5G (Auspicious Gold, 512 GB)","₹45,999₹50,9999% off",735 Ratings & 56 Reviews,9% off,50MP + 8MP + 50MP | 50MP Front Camera,16 GB RAM | 512 GB ROM,6500 mAh Battery,17.2 cm (6.77 inch) Display,4.5
932,"Tecno Pova 7 5G (Magic Silver, 256 GB)","₹15,999₹19,99920% off","9,322 Ratings & 711 Reviews",20% off,50MP + AI | 13MP Front Camera,8 GB RAM | 256 GB ROM,6000 mAh Battery,17.22 cm (6.78 inch) Full HD+ Display,4.4
933,"REDMI Note 14 Pro 5G (Champagne Gold, 256 GB)","₹30,999","5,513 Ratings & 380 Reviews",No Offer,50MP + 8MP + 2MP | 20MP Front Camera,8 GB RAM | 256 GB ROM,5500 mAh Battery,16.94 cm (6.67 inch) Display,4.4
934,"POCO M6 5G - Locked with Airtel Prepaid (Galactic Black, 128 GB)","₹10,499₹12,99919% off","1,55,766 Ratings & 7,470 Reviews",19% off,50MP Rear Camera | 5MP Front Camera,4 GB RAM | 128 GB ROM | Expandable Upto 1 TB,5000 mAh Battery,17.12 cm (6.74 inch) HD+ Display,4.2
935,"POCO M8 (Glacial Blue, 256 GB)","₹20,999₹24,99916% off",731 Ratings & 61 Reviews,16% off,50MP Rear Camera | 20MP Front Camera,8 GB RAM | 256 GB ROM | Expandable Upto 1 TB,5520 mAh Battery,17.2 cm (6.77 inch) Full HD+ Display,4.6
936,"Coolpad CP12 Neo (Blue, 64 GB)","₹7,299₹9,99927% off",,27% off,13MP Rear Camera | 5MP Front Camera,8 GB RAM | 64 GB ROM | Expandable Upto 512 GB,5000 mAh Battery,16.66 cm (6.56 inch) Display,
937,"REDMI Note 15 5G (Mist Purple, 256 GB)","₹28,999",60 Ratings & 4 Reviews,No Offer,108MP Rear Camera,8 GB RAM | 256 GB ROM,5520 mAh Battery,17.2 cm (6.77 inch) Display,4.6
938,Nokia 110 DS Power,"₹1,825₹2,09913% off",,13% off,1750 mAh Battery,4 MB RAM | 4 MB ROM,1 Year Replacement,5.08 cm (2 inch) Display,
939,"REDMI 13c 5G (Starlight Black, 256 GB)","₹11,490₹15,00023% off","7,833 Ratings & 376 Reviews",23% off,50MP Rear Camera,8 GB RAM | 256 GB ROM,5000 mAh Battery,17.12 cm (6.74 inch) Display,4.2
940,itel Power 450 | 2.4 inch Big Display | 2500 mAh Battery | Type C Charging,"₹1,490₹1,89921% off","1,373 Ratings & 97 Reviews",21% off,0.8MP Rear Camera,32 MB RAM | 32 MB ROM | Expandable Upto 32 GB,2500 mAh Battery,6.1 cm (2.4 inch) Display,4.1
941,"Samsung Galaxy A17 5G (Blue, 128 GB)","₹18,698₹22,99918% off",403 Ratings & 23 Reviews,18% off,50MP + 5MP + 2MP | 13MP Front Camera,6 GB RAM | 128 GB ROM | Expandable Upto 2 TB,5000 mAh Battery,17.02 cm (6.7 inch) Full HD+ Display,4.3
942,"vivo V50e 5G (Pearl White, 128 GB)","₹26,999₹33,99920% off","3,220 Ratings & 182 Reviews",20% off,50MP + 8MP | 50MP Front Camera,8 GB RAM | 128 GB ROM,5600 mAh Battery,17.2 cm (6.77 inch) Display,4.4
943,"OPPO A6x 5G (Ice Blue, 128 GB)","₹16,999₹17,4992% off",85 Ratings & 3 Reviews,2% off,13MP Rear Camera | 5MP Front Camera,6 GB RAM | 128 GB ROM,6500 mAh Battery,17.14 cm (6.75 inch) HD+ Display,4.5
944,"REDMI Note 14 5G (Crimson Art, 256 GB)","₹18,990₹24,99924% off","4,330 Ratings & 240 Reviews",24% off,50MP Rear Camera,8 GB RAM | 256 GB ROM,5110 mAh Battery,16.94 cm (6.67 inch) Display,4.2
945,"SIAVANTAGE Pro 4 (Cosmic Gold, 16 GB)","₹3,999₹6,99942% off",52 Ratings & 3 Reviews,42% off,5MP Rear Camera,2 GB RAM | 16 GB ROM,2000 mAh Battery,7.62 cm (3 inch) Display,3.1
946,"Samsung Galaxy M16 5G (Mint Green, 128 GB)","₹13,499₹15,99915% off",559 Ratings & 20 Reviews,15% off,50MP Rear Camera,4 GB RAM | 128 GB ROM,5000 mAh Battery,17.02 cm (6.7 inch) Display,4.1
947,"Samsung Galaxy M16 5G (Thunder Black, 128 GB)","₹13,499₹15,99915% off",559 Ratings & 20 Reviews,15% off,50MP Rear Camera,4 GB RAM | 128 GB ROM,5000 mAh Battery,17.02 cm (6.7 inch) Display,4.1
948,"realme GT 7T (IceSense Blue, 256 GB)","₹34,999₹39,99912% off",714 Ratings & 62 Reviews,12% off,50MP + 8MP | 32MP Front Camera,8 GB RAM | 256 GB ROM,7000 mAh Li-ion Battery,17.27 cm (6.8 inch) Full HD+ AMOLED Display,4.3
949,Kechaoda K28,"₹1,249₹1,49916% off","5,339 Ratings & 383 Reviews",16% off,0.3MP Rear Camera,32 MB RAM | 64 MB ROM | Expandable Upto 16 GB,1700 mAh Battery,6.1 cm (2.4 inch) QVGA Display,4
950,Kechaoda A27,"₹930₹1,59941% off","16,259 Ratings & 869 Reviews",41% off,0MP | 0MP Front Camera,32 MB RAM | 32 MB ROM | Expandable Upto 16 GB,800 mAh Battery,1.68 cm (0.66 inch) QVGA Display,4
951,"vivo V40e 5G (Royal Bronze, 128 GB)","₹24,999₹33,99926% off","10,745 Ratings & 699 Reviews",26% off,50MP + 8MP | 50MP Front Camera,8 GB RAM | 128 GB ROM,5500 mAh Battery,17.2 cm (6.77 inch) Display,4.4
952,"vivo V50e 5G (Sapphire Blue, 256 GB)","₹28,999₹35,99919% off","3,220 Ratings & 182 Reviews",19% off,50MP + 8MP | 50MP Front Camera,8 GB RAM | 256 GB ROM,5600 mAh Battery,17.2 cm (6.77 inch) Display,4.4
953,"realme P3 Ultra 5G (Glowing Lunar White, 256 GB)","₹26,999₹35,99925% off","4,105 Ratings & 374 Reviews",25% off,50MP + 8MP | 16MP Front Camera,12 GB RAM | 256 GB ROM,6000 mAh Battery,17.35 cm (6.83 inch) Display,4.5
954,"OPPO A6x 5G (Olive Green, 64 GB)","₹13,499₹14,4996% off",99 Ratings & 2 Reviews,6% off,13MP Rear Camera | 5MP Front Camera,4 GB RAM | 64 GB ROM,6500 mAh Battery,17.14 cm (6.75 inch) HD+ Display,4.6
955,"Samsung Galaxy S24 Ultra 5G (Titanium Gray, 256 GB)","₹1,08,799₹1,34,99919% off","7,664 Ratings & 558 Reviews",19% off,200MP + 50MP + 12MP + 10MP | 12MP Front Camera,12 GB RAM | 256 GB ROM,5000 mAh Battery,17.27 cm (6.8 inch) Quad HD+ Display,4.6
956,"REDMI Note-14 Pro+ 5G (Titan Black, 256 GB)","₹28,449₹36,99923% off",565 Ratings & 28 Reviews,23% off,50MP + 50MP + 8MP | 20MP Front Camera,8 GB RAM | 256 GB ROM,6200 mAh Battery,16.94 cm (6.67 inch) Display,4.4
957,Nokia 3210 4G,"₹4,154₹5,29921% off",825 Ratings & 64 Reviews,21% off,2MP Rear Camera,64 MB RAM | 64 MB ROM,1450 mAh Battery,6.1 cm (2.4 inch) Display,3.6
958,"OPPO Reno15 5G (Glacier White, 512 GB)","₹53,999₹59,99910% off",142 Ratings & 11 Reviews,10% off,50MP + 50MP + 8MP | Yes,12 GB RAM | 512 GB ROM,6500 mAh Battery,16.74 cm (6.59 inch) Full HD+ Display,4.6
959,"OPPO Reno15 5G (Twilight Blue, 256 GB)","₹48,999₹54,99910% off",142 Ratings & 11 Reviews,10% off,50MP + 50MP + 8MP | Yes,12 GB RAM | 256 GB ROM,6500 mAh Battery,16.74 cm (6.59 inch) Full HD+ Display,4.6
960,"Coolpad CP12 Neo (Gold, 64 GB)","₹7,299₹9,99927% off",,27% off,13MP Rear Camera | 5MP Front Camera,8 GB RAM | 64 GB ROM | Expandable Upto 512 GB,5000 mAh Battery,16.66 cm (6.56 inch) Display,
961,"OPPO Reno15 5G (Glacier White, 512 GB)","₹53,999₹59,99910% off",142 Ratings & 11 Reviews,10% off,50MP + 50MP + 8MP | Yes,12 GB RAM | 512 GB ROM,6500 mAh Battery,16.74 cm (6.59 inch) Full HD+ Display,4.6
962,"realme P3 Ultra 5G (Glowing Lunar White, 256 GB)","₹26,999₹35,99925% off","4,105 Ratings & 374 Reviews",25% off,50MP + 8MP | 16MP Front Camera,12 GB RAM | 256 GB ROM,6000 mAh Battery,17.35 cm (6.83 inch) Display,4.5
963,"realme P3 Ultra 5G (Neptune Blue, 128 GB)","₹23,999₹31,99925% off","19,876 Ratings & 1,921 Reviews",25% off,50MP + 8MP | 16MP Front Camera,8 GB RAM | 128 GB ROM,6000 mAh Battery,17.35 cm (6.83 inch) Display,4.4
964,"Samsung Galaxy S25 Ultra 5G (Titanium Whitesilver, 256 GB)","₹1,09,988₹1,29,99915% off","2,594 Ratings & 262 Reviews",15% off,200MP + 50MP + 50MP + 10MP | 12MP Front Camera,12 GB RAM | 256 GB ROM,5000 mAh Battery,17.53 cm (6.9 inch) Quad HD+ Display,4.6
965,Kechaoda K-0115 light Pink,"₹999₹1,49933% off",22 Ratings & 1 Reviews,33% off,0.3MP Rear Camera,32 MB RAM | 32 MB ROM,850 mAh Battery,3.66 cm (1.44 inch) QVGA Display,4.1
966,"REDMI Note 14 Pro 5G (Phantom Purple, 256 GB)","₹23,999₹30,99922% off","5,513 Ratings & 380 Reviews",22% off,50MP + 8MP + 2MP | 20MP Front Camera,8 GB RAM | 256 GB ROM,5500 mAh Battery,16.94 cm (6.67 inch) Display,4.4
967,"REDMI 15C 5G (Dusk Purple, 128 GB)","₹13,900₹15,99913% off",69 Ratings & 3 Reviews,13% off,50MP Rear Camera,6 GB RAM | 128 GB ROM,6000 mAh Battery,17.53 cm (6.9 inch) Display,4.3
968,LAVA Hero Shakti 2025,"₹929₹1,19922% off",391 Ratings & 17 Reviews,22% off,0MP | 0MP Front Camera,4 MB RAM | 32 GB ROM | Expandable Upto 32 GB,800 mAh Battery,4.57 cm (1.8 inch) HQVGA Display,4.1
969,"REDMI Note 15 5G (Mist Purple, 256 GB)","₹28,999",60 Ratings & 4 Reviews,No Offer,108MP Rear Camera,8 GB RAM | 256 GB ROM,5520 mAh Battery,17.2 cm (6.77 inch) Display,4.6
970,"Samsung Galaxy M16 5G (Mint Green, 128 GB)","₹13,499₹15,99915% off",559 Ratings & 20 Reviews,15% off,50MP Rear Camera,4 GB RAM | 128 GB ROM,5000 mAh Battery,17.02 cm (6.7 inch) Display,4.1
971,"Samsung Galaxy M16 5G (Thunder Black, 128 GB)","₹13,499₹15,99915% off",559 Ratings & 20 Reviews,15% off,50MP Rear Camera,4 GB RAM | 128 GB ROM,5000 mAh Battery,17.02 cm (6.7 inch) Display,4.1
972,"KARBONN K101i Dual SIM,Keypad Mobile,1.8''LCD,1000mAh Battery,TypeC USB,Memory Up to32GB","₹908₹1,19023% off",275 Ratings & 16 Reviews,23% off,0MP | 0MP Front Camera,40 MB RAM | 35 MB ROM | Expandable Upto 32 GB,1000 mAh Battery,4.57 cm (1.8 inch) FWVGA Display,3.9
973,"MOTOROLA g82 5G (Meterorite Grey, 128 GB)","₹14,999₹23,99937% off","9,970 Ratings & 1,135 Reviews",37% off,50MP + 8MP + 2MP | 16MP Front Camera,6 GB RAM | 128 GB ROM | Expandable Upto 1 TB,5000 mAh Lithium Battery,16.76 cm (6.6 inch) Full HD+ Display,4.1
974,"realme P4 Pro 5G (Midnight Ivy, 256 GB)","₹29,999₹30,9993% off","17,945 Ratings & 1,419 Reviews",3% off,50MP + 8MP | 50MP Front Camera,8 GB RAM | 256 GB ROM,7000 mAh Battery,17.27 cm (6.8 inch) Display,4.4
975,"realme P4 Pro 5G (Birch Wood, 256 GB)","₹29,999₹30,9993% off","17,945 Ratings & 1,419 Reviews",3% off,50MP + 8MP | 50MP Front Camera,8 GB RAM | 256 GB ROM,7000 mAh Battery,17.27 cm (6.8 inch) Display,4.4
976,"realme P4 Pro 5G (Midnight Ivy, 128 GB)","₹27,999₹28,9993% off","17,945 Ratings & 1,419 Reviews",3% off,50MP + 8MP | 50MP Front Camera,8 GB RAM | 128 GB ROM,7000 mAh Battery,17.27 cm (6.8 inch) Display,4.4
977,"hmd Touch 4G Dual Sim Feature Phone, Cloud Phone Apps, Wi-Fi & Hotspot (Dark Blue, 128 MB)","₹4,274₹4,99914% off",77 Ratings & 7 Reviews,14% off,2MP Rear Camera,4 MB RAM | 128 MB ROM,1950 mAh Battery,8.13 cm (3.2 inch) Display,3.7
978,"realme 15 5G (Flowing Silver, 128 GB)","₹28,999₹29,9993% off","10,672 Ratings & 863 Reviews",3% off,50MP + 8MP | 50MP Front Camera,8 GB RAM | 128 GB ROM,7000 mAh Battery,17.27 cm (6.8 inch) Display,4.4
979,"realme 15 5G (Flowing Silver, 256 GB)","₹30,999₹31,9993% off","10,672 Ratings & 863 Reviews",3% off,50MP + 8MP | 50MP Front Camera,8 GB RAM | 256 GB ROM,7000 mAh Battery,17.27 cm (6.8 inch) Display,4.4
980,"realme 15 5G (Silk Pink, 256 GB)","₹30,999₹31,9993% off","10,672 Ratings & 863 Reviews",3% off,50MP + 8MP | 50MP Front Camera,8 GB RAM | 256 GB ROM,7000 mAh Battery,17.27 cm (6.8 inch) Display,4.4
981,"realme 15 5G (Velvet Green, 256 GB)","₹30,999₹31,9993% off","10,672 Ratings & 863 Reviews",3% off,50MP + 8MP | 50MP Front Camera,8 GB RAM | 256 GB ROM,7000 mAh Battery,17.27 cm (6.8 inch) Display,4.4
982,"realme 15 5G (Velvet Green, 128 GB)","₹28,999₹29,9993% off","10,672 Ratings & 863 Reviews",3% off,50MP + 8MP | 50MP Front Camera,8 GB RAM | 128 GB ROM,7000 mAh Battery,17.27 cm (6.8 inch) Display,4.4
983,"realme 15 5G (Silk Pink, 128 GB)","₹28,999₹29,9993% off","10,672 Ratings & 863 Reviews",3% off,50MP + 8MP | 50MP Front Camera,8 GB RAM | 128 GB ROM,7000 mAh Battery,17.27 cm (6.8 inch) Display,4.4
