,Product Name,Offer,Camera,Memory,Battery,Display,Ratting Number,Sale Price,Actual Price,No of Reviews,No of Rattings
0,"realme P4x 5G (Lake Green, 128 GB)",8% off,50MP + 2MP | 8MP Front Camera,6 GB RAM | 128 GB ROM,7000 mAh Battery,17.07 cm (6.72 inch) Full HD+ Display,4.4,16499,17999,7161,549
1,"Coolpad CP12 Neo (Gold, 64 GB)",27% off,13MP Rear Camera | 5MP Front Camera,8 GB RAM | 64 GB ROM | Expandable Upto 512 GB,5000 mAh Battery,16.66 cm (6.56 inch) Display,,7299,9999,7161,549
2,"MOTOROLA g06 power (Pantone tapestry, 64 GB)",20% off,50MP Rear Camera | 8MP Front Camera,4 GB RAM | 64 GB ROM | Expandable Upto 1 TB,7000 mAh Battery,17.48 cm (6.88 inch) HD+ Display,4.3,7999,9999,6394,382
3,"MOTOROLA g06 power (Pantone Laurel Oak, 64 GB)",20% off,50MP Rear Camera | 8MP Front Camera,4 GB RAM | 64 GB ROM | Expandable Upto 1 TB,7000 mAh Battery,17.48 cm (6.88 inch) HD+ Display,4.3,7999,9999,6394,382
4,"MOTOROLA g06 power (Pantone Tendril, 64 GB)",20% off,50MP Rear Camera | 8MP Front Camera,4 GB RAM | 64 GB ROM | Expandable Upto 1 TB,7000 mAh Battery,17.48 cm (6.88 inch) HD+ Display,4.3,7999,9999,6394,382
5,"MOTOROLA g57 power 5G (Pantone Fluidity, 128 GB)",22% off,50MP + 8MP | 8MP Front Camera,8 GB RAM | 128 GB ROM,7000 mAh Battery,17.07 cm (6.72 inch) Full HD+ Display,4.4,13999,17999,16678,906
6,"Samsung Galaxy F06 5G (Bahama Blue, 64 GB)",28% off,50MP + 2MP | 8MP Front Camera,4 GB RAM | 64 GB ROM | Expandable Upto 1500 GB,5000 mAh Battery,17.02 cm (6.7 inch) HD+ Display,4.2,8999,12499,40373,2384
7,"POCO C75 5G (Silver Stardust, 64 GB)",22% off,50MP Rear Camera | 5MP Front Camera,4 GB RAM | 64 GB ROM | Expandable Upto 1 TB,5160 mAh Battery,17.48 cm (6.88 inch) HD+ Display,4.2,8499,10999,153570,6712
8,"Ai+ Pulse (Black, 128 GB)",25% off,50MP Rear Camera | 5MP Front Camera,6 GB RAM | 128 GB ROM | Expandable Upto 1 TB,5000 mAh Battery,17.13 cm (6.745 inch) HD+ Display,4.1,7499,9999,6922,406
9,"POCO C75 5G (Aqua Bliss, 128 GB)",17% off,50MP Rear Camera | 5MP Front Camera,4 GB RAM | 128 GB ROM | Expandable Upto 1 TB,5160 mAh Battery,17.48 cm (6.88 inch) HD+ Display,4.2,9499,11499,153570,6712
10,"POCO C71 (Power Black, 64 GB)",13% off,32MP Rear Camera | 8MP Front Camera,4 GB RAM | 64 GB ROM | Expandable Upto 2 TB,5200 mAh Battery,17.48 cm (6.88 inch) HD+ Display,3.9,7799,8999,57971,2557
11,"Ai+ Pulse (Sparkle Red, 64 GB)",12% off,50MP Rear Camera | 5MP Front Camera,4 GB RAM | 64 GB ROM | Expandable Upto 1 TB,5000 mAh Battery,17.13 cm (6.745 inch) HD+ Display,4.3,6999,7999,44538,2650
12,Samsung Guru Music 2 B310ED,52% off,0MP | 0MP Front Camera,32 MB RAM | 32 MB ROM | Expandable Upto 100 MB,800 mAh Battery,4.57 cm (1.8 inch) VGA Display,3.1,943,1998,31559,2117
13,"Samsung Galaxy F06 5G (Lit Violet, 64 GB)",28% off,50MP + 2MP | 8MP Front Camera,4 GB RAM | 64 GB ROM | Expandable Upto 1500 GB,5000 mAh Battery,17.02 cm (6.7 inch) HD+ Display,4.2,8999,12499,40373,2384
14,"POCO C75 5G (Enchanted Green, 64 GB)",22% off,50MP Rear Camera | 5MP Front Camera,4 GB RAM | 64 GB ROM | Expandable Upto 1 TB,5160 mAh Battery,17.48 cm (6.88 inch) HD+ Display,4.2,8499,10999,153570,6712
15,"POCO C71 (Power Black, 128 GB)",12% off,32MP Rear Camera | 8MP Front Camera,6 GB RAM | 128 GB ROM | Expandable Upto 2 TB,5200 mAh Battery,17.48 cm (6.88 inch) HD+ Display,4.1,8799,9999,33722,1570
16,"vivo T4 Lite 5G Charger in the Box (Prism Blue, 128 GB)",13% off,50MP + 2MP | 5MP Front Camera,6 GB RAM | 128 GB ROM | Expandable Upto 2 TB,6000 mAh Battery,17.12 cm (6.74 inch) HD+ Display,4.4,12999,14999,60553,1861
17,"vivo T4 Lite 5G Charger in the Box (Prism Blue, 64 GB)",15% off,50MP + 2MP | 5MP Front Camera,4 GB RAM | 64 GB ROM | Expandable Upto 2 TB,6000 mAh Battery,17.12 cm (6.74 inch) HD+ Display,4.4,10999,12999,44918,1300
18,"POCO C71 (Cool Blue, 128 GB)",12% off,32MP Rear Camera | 8MP Front Camera,6 GB RAM | 128 GB ROM | Expandable Upto 2 TB,5200 mAh Battery,17.48 cm (6.88 inch) HD+ Display,4.1,8799,9999,33722,1570
19,"Ai+ Pulse (Black, 64 GB)",12% off,50MP Rear Camera | 5MP Front Camera,4 GB RAM | 64 GB ROM | Expandable Upto 1 TB,5000 mAh Battery,17.13 cm (6.745 inch) HD+ Display,4.3,6999,7999,44538,2650
20,Samsung Guru Music 2 B310ED,56% off,0MP | 0MP Front Camera,32 MB RAM | 32 MB ROM | Expandable Upto 100 MB,800 mAh Battery,4.57 cm (1.8 inch) VGA Display,3.1,775,1798,31559,2117
21,"vivo T4 Lite 5G Charger in the Box (Prism Blue, 256 GB)",11% off,50MP + 2MP | 5MP Front Camera,8 GB RAM | 256 GB ROM | Expandable Upto 2 TB,6000 mAh Battery,17.12 cm (6.74 inch) HD+ Display,4.3,14999,16999,22914,988
22,"REDMI A4 (Starry Black, 128 GB)",11% off,50MP Rear Camera,4 GB RAM | 128 GB ROM,5160 mAh Battery,17.48 cm (6.88 inch) Display,4.3,10569,11999,14848,618
23,"Ai+ Nova 5G (Pink, 128 GB)",18% off,50MP Rear Camera | 5MP Front Camera,6 GB RAM | 128 GB ROM | Expandable Upto 1 TB,5000 mAh Battery,17.13 cm (6.745 inch) HD+ Display,4.2,8999,10999,25287,1590
24,"Samsung Galaxy F07 (Green, 64 GB)",25% off,50MP + 2MP | 8MP Front Camera,4 GB RAM | 64 GB ROM | Expandable Upto 2 TB,5000 mAh Battery,17.02 cm (6.7 inch) HD+ Display,4.3,7499,9999,3899,194
25,"vivo T4x 5G (Marine Blue, 256 GB)",11% off,50MP + 2MP | 8MP Front Camera,8 GB RAM | 256 GB ROM,6500 mAh Battery,17.07 cm (6.72 inch) Display,4.4,18499,20999,158575,7418
26,"realme P4x 5G (Lake Green, 128 GB)",8% off,50MP + 2MP | 8MP Front Camera,6 GB RAM | 128 GB ROM,7000 mAh Battery,17.07 cm (6.72 inch) Full HD+ Display,4.4,16499,17999,7161,549
27,"Coolpad CP12 Neo (Gold, 64 GB)",27% off,13MP Rear Camera | 5MP Front Camera,8 GB RAM | 64 GB ROM | Expandable Upto 512 GB,5000 mAh Battery,16.66 cm (6.56 inch) Display,,7299,9999,7161,549
28,"vivo T4x 5G (Pronto Purple, 128 GB)",15% off,50MP + 2MP | 8MP Front Camera,8 GB RAM | 128 GB ROM,6500 mAh Battery,17.07 cm (6.72 inch) Display,4.4,16499,19499,158575,7418
29,"realme C71 (Sea Blue, 128 GB)",11% off,13MP Rear Camera | 5MP Front Camera,6 GB RAM | 128 GB ROM | Expandable Upto 2 TB,6300 mAh Battery,17.14 cm (6.75 inch) HD+ Display,4.2,9699,10999,9030,336
30,"realme P3x 5G (Lunar Silver, 128 GB)",23% off,50MP Rear Camera | 8MP Front Camera,6 GB RAM | 128 GB ROM,6000 mAh Battery,17.07 cm (6.72 inch) Full HD Display,4.4,12999,16999,73678,2827
31,"realme Narzo 80 Lite 4G (Beach Gold, 128 GB)",13% off,32MP Rear Camera,6 GB RAM | 128 GB ROM,6300 mAh Battery,17.12 cm (6.74 inch) HD+ Display,4.3,9499,10999,1683,84
32,Samsung SM-B310 EZBAPKS,52% off,0MP | 0MP Front Camera,100 MB RAM | 100 MB ROM | Expandable Upto 100 MB,800 mAh Battery,4.57 cm (1.8 inch) VGA Display,3.1,898,1899,1176,71
33,"Ai+ Pulse (Blue, 64 GB)",12% off,50MP Rear Camera | 5MP Front Camera,4 GB RAM | 64 GB ROM | Expandable Upto 1 TB,5000 mAh Battery,17.13 cm (6.745 inch) HD+ Display,4.3,6999,7999,44538,2650
34,"REDMI Note 14 SE 5G (Crimson Art, 128 GB)",30% off,50MP + 8MP + 2MP | 20MP Front Camera,6 GB RAM | 128 GB ROM,5110 mAh Battery,16.94 cm (6.67 inch) Full HD+ Display,4.3,13999,19999,27089,1188
35,"POCO C75 5G (Aqua Bliss, 64 GB)",22% off,50MP Rear Camera | 5MP Front Camera,4 GB RAM | 64 GB ROM | Expandable Upto 1 TB,5160 mAh Battery,17.48 cm (6.88 inch) HD+ Display,4.2,8499,10999,153570,6712
36,"MOTOROLA g05 (Forest Green, 64 GB)",27% off,50MP Rear Camera | 8MP Front Camera,4 GB RAM | 64 GB ROM | Expandable Upto 1 TB,5100 mAh Battery,16.94 cm (6.67 inch) HD+ Display,4.2,7299,9999,79805,4779
37,LAVA A2 Smart,22% off,1.3MP + 0MP | 0MP Front Camera,4 MB RAM | 24 MB ROM | Expandable Upto 32 GB,1200 mAh Battery,6.1 cm (2.4 inch) HVGA Display,4,1198,1549,570,34
38,"realme C61 (Marble Black, 64 GB)",19% off,32MP Rear Camera | 5MP Front Camera,4 GB RAM | 64 GB ROM | Expandable Upto 2 TB,5000 mAh Battery,17.13 cm (6.745 inch) HD+ Display,4.3,7249,8999,44186,1448
39,"realme Narzo 80 Lite 5G (Onyx Black, 128 GB)",18% off,32MP Rear Camera,4 GB RAM | 128 GB ROM,6000 mAh Battery,16.94 cm (6.67 inch) Display,4.3,11442,13999,797,43
40,"POCO M7 5G (Mint Green, 128 GB)",16% off,50MP Rear Camera | 8MP Front Camera,6 GB RAM | 128 GB ROM | Expandable Upto 1 TB,5160 mAh Battery,17.48 cm (6.88 inch) HD+ Display,4.1,10799,12999,75020,3468
41,"POCO M7 5G (Satin Black, 128 GB)",16% off,50MP Rear Camera | 8MP Front Camera,6 GB RAM | 128 GB ROM | Expandable Upto 1 TB,5160 mAh Battery,17.48 cm (6.88 inch) HD+ Display,4.1,10799,12999,75020,3468
42,"Ai+ Pulse (Green, 128 GB)",25% off,50MP Rear Camera | 5MP Front Camera,6 GB RAM | 128 GB ROM | Expandable Upto 1 TB,5000 mAh Battery,17.13 cm (6.745 inch) HD+ Display,4.1,7499,9999,6922,406
43,"vivo T4x 5G (Pronto Purple, 128 GB)",13% off,50MP + 2MP | 8MP Front Camera,6 GB RAM | 128 GB ROM,6500 mAh Battery,17.07 cm (6.72 inch) Display,4.5,15499,17999,210240,9148
44,"REDMI A4 (Sparkle Purple, 128 GB)",13% off,50MP Rear Camera,4 GB RAM | 128 GB ROM,5160 mAh Battery,17.48 cm (6.88 inch) Display,4.3,10376,11999,14848,618
45,"MOTOROLA g67 power 5G (Pantone Parachute, 128 GB)",15% off,50MP + 8MP | 32MP Front Camera,8 GB RAM | 128 GB ROM,7000 mAh Battery,17.02 cm (6.7 inch) Full HD+ Display,4.4,15999,18999,8022,446
46,"MOTOROLA G96 5G (Pantone Dresden Blue, 256 GB)",17% off,50MP + 8MP | 32MP Front Camera,8 GB RAM | 256 GB ROM,5500 mAh Battery,16.94 cm (6.67 inch) Full HD+ Display,4.4,18999,22999,87695,4418
47,"MOTOROLA g57 power 5G (Pantone Regatta, 128 GB)",22% off,50MP + 8MP | 8MP Front Camera,8 GB RAM | 128 GB ROM,7000 mAh Battery,17.07 cm (6.72 inch) Full HD+ Display,4.4,13999,17999,16678,906
48,"vivo T4x 5G (Glacial Teal, 128 GB)",13% off,50MP + 2MP | 8MP Front Camera,6 GB RAM | 128 GB ROM,6500 mAh Battery,17.07 cm (6.72 inch) Display,4.5,15499,17999,210240,9148
49,"Ai+ Pulse (Sparkle Red, 128 GB)",25% off,50MP Rear Camera | 5MP Front Camera,6 GB RAM | 128 GB ROM | Expandable Upto 1 TB,5000 mAh Battery,17.13 cm (6.745 inch) HD+ Display,4.1,7499,9999,6922,406
50,"Coolpad CP12 Neo (Blue, 64 GB)",27% off,13MP Rear Camera | 5MP Front Camera,8 GB RAM | 64 GB ROM | Expandable Upto 512 GB,5000 mAh Battery,16.66 cm (6.56 inch) Display,,7299,9999,7161,549
51,"IQOO Z10 Lite 5G (Cyber Green, 128 GB)",12% off,50MP Rear Camera,6 GB RAM | 128 GB ROM,6000 mAh Battery,17.12 cm (6.74 inch) Display,4.3,13055,14999,3309,136
52,"Samsung Galaxy F06 5G (Lit Violet, 128 GB)",28% off,50MP + 2MP | 8MP Front Camera,4 GB RAM | 128 GB ROM | Expandable Upto 1500 GB,5000 mAh Battery,17.02 cm (6.7 inch) HD+ Display,4.2,9999,13999,40373,2384
53,"POCO M7 5G (Ocean Blue, 128 GB)",16% off,50MP Rear Camera | 8MP Front Camera,6 GB RAM | 128 GB ROM | Expandable Upto 1 TB,5160 mAh Battery,17.48 cm (6.88 inch) HD+ Display,4.1,10799,12999,75020,3468
54,"POCO M7 Pro 5G (Lavender Frost, 128 GB)",28% off,50MP + 2MP | 20MP Front Camera,6 GB RAM | 128 GB ROM,5110 mAh Battery,16.94 cm (6.67 inch) Full HD+ Display,4.3,13499,18999,37585,2682
55,"IQOO Z10 Lite 5G (Titanium Blue, 128 GB)",13% off,50MP Rear Camera,4 GB RAM | 128 GB ROM,6000 mAh Battery,17.12 cm (6.74 inch) Display,4.2,12137,13999,2387,94
56,"vivo T4x 5G (Marine Blue, 128 GB)",13% off,50MP + 2MP | 8MP Front Camera,6 GB RAM | 128 GB ROM,6500 mAh Battery,17.07 cm (6.72 inch) Display,4.5,15499,17999,210240,9148
57,"Ai+ Pulse (Purple, 64 GB)",12% off,50MP Rear Camera | 5MP Front Camera,4 GB RAM | 64 GB ROM | Expandable Upto 1 TB,5000 mAh Battery,17.13 cm (6.745 inch) HD+ Display,4.3,6999,7999,44538,2650
58,"Nothing Phone (3a) Pro (Grey, 256 GB)",8% off,50MP (Main) + 50MP (3X Periscope)+ 8MP (Ultra-Wide) | 50MP Front Camera,8 GB RAM | 256 GB ROM,5000 mAh Battery,43.66 cm (17.19 cm) Full HD+ Display,4.5,31999,34999,13583,1018
59,"Samsung Galaxy F06 5G (Bahama Blue, 128 GB)",29% off,50MP + 2MP | 8MP Front Camera,6 GB RAM | 128 GB ROM | Expandable Upto 1500 GB,5000 mAh Battery,17.02 cm (6.7 inch) HD+ Display,4.2,10999,15499,21133,1335
60,"CMF by Nothing Phone 2 Pro (Light Green, 128 GB)",21% off,50MP + 50MP + 8MP | 16MP Front Camera,8 GB RAM | 128 GB ROM | Expandable Upto 2 TB,5000 mAh Battery,17.2 cm (6.77 inch) Display,4.4,17999,22999,73700,5058
61,"vivo T4x 5G (Glacial Teal, 128 GB)",15% off,50MP + 2MP | 8MP Front Camera,8 GB RAM | 128 GB ROM,6500 mAh Battery,17.07 cm (6.72 inch) Display,4.4,16499,19499,158575,7418
62,"Samsung Galaxy F06 5G (Lit Violet, 128 GB)",29% off,50MP + 2MP | 8MP Front Camera,6 GB RAM | 128 GB ROM | Expandable Upto 1500 GB,5000 mAh Battery,17.02 cm (6.7 inch) HD+ Display,4.2,10999,15499,21133,1335
63,FONEME FM-2 F316,50% off,0.3MP Rear Camera,8 MB RAM | 16 MB ROM,1000 mAh Battery,4.57 cm (1.8 inch) Display,3.6,499,999,345,14
64,"MOTOROLA G96 5G (Pantone Greener Pastures, 256 GB)",17% off,50MP + 8MP | 32MP Front Camera,8 GB RAM | 256 GB ROM,5500 mAh Battery,16.94 cm (6.67 inch) Full HD+ Display,4.4,18999,22999,87695,4418
65,"Tecno Spark Go 1 (Magic Skin Green, 64 GB)",18% off,13MP Rear Camera | 8MP Front Camera,4 GB RAM | 64 GB ROM | Expandable Upto 1 TB,5000 mAh Battery,16.94 cm (6.67 inch) Display,4.3,7299,8999,6605,314
66,"vivo T4 Lite 5G Charger in the Box (Titanium Gold, 128 GB)",14% off,50MP + 2MP | 5MP Front Camera,4 GB RAM | 128 GB ROM | Expandable Upto 2 TB,6000 mAh Battery,17.12 cm (6.74 inch) HD+ Display,4.4,11999,13999,44918,1300
67,"realme Narzo 80 Lite 4G (Obsidian Black, 64 GB)",5% off,32MP Rear Camera,4 GB RAM | 64 GB ROM,6300 mAh Battery,17.12 cm (6.74 inch) HD+ Display,4.3,8497,8999,2181,84
68,LAVA A1 Josh,28% off,0MP | 0MP Front Camera,4 MB RAM | 2 MB ROM | Expandable Upto 32 GB,1000 mAh Battery,5.08 cm (2 inch) HVGA Display,4.2,999,1399,22836,2136
69,"Tecno Spark Go 2 (Titanium Grey, 64 GB)",16% off,13MP Rear Camera,4 GB RAM | 64 GB ROM | Expandable Upto 1 TB,5000 mAh Lithium Polymer Battery,16.94 cm (6.67 inch) Display,4.3,7499,8999,2501,150
70,"REDMI A4 (Sparkle Purple, 128 GB)",7% off,50MP + 50MP | 5MP Dual Front Camera,6 GB RAM | 128 GB ROM,5160 mAh Battery,17.48 cm (6.88 inch) Display,4.2,11990,12999,2231,78
71,"REDMI 14C 5G (Stardust Purple, 128 GB)",25% off,50MP Rear Camera | 8MP Front Camera,4 GB RAM | 128 GB ROM | Expandable Upto 1 TB,5160 mAh Battery,17.48 cm (6.88 inch) HD+ Display,4.2,10499,13999,9171,453
72,"REDMI Note 14 SE 5G (Titan Black, 128 GB)",30% off,50MP + 8MP + 2MP | 20MP Front Camera,6 GB RAM | 128 GB ROM,5110 mAh Battery,16.94 cm (6.67 inch) Full HD+ Display,4.3,13999,19999,27089,1188
73,"vivo T4 Lite 5G Charger in the Box (Titanium Gold, 256 GB)",11% off,50MP + 2MP | 5MP Front Camera,8 GB RAM | 256 GB ROM | Expandable Upto 2 TB,6000 mAh Battery,17.12 cm (6.74 inch) HD+ Display,4.3,14999,16999,22914,988
74,"REDMI A4 (Starry Black, 128 GB)",11% off,50MP + 50MP | 5MP Dual Front Camera,6 GB RAM | 128 GB ROM,5160 mAh Battery,17.48 cm (6.88 inch) Display,4.2,11477,12999,2231,78
75,"Acer Super ZX 5G (Carbon Black, 128 GB)",51% off,64MP Rear Camera,8 GB RAM | 128 GB ROM,5000 mAh Battery,17.02 cm (6.7 inch) Display,3.9,10699,21999,61,5
76,"Coolpad CP12 Neo (Gold, 64 GB)",27% off,13MP Rear Camera | 5MP Front Camera,8 GB RAM | 64 GB ROM | Expandable Upto 512 GB,5000 mAh Battery,16.66 cm (6.56 inch) Display,,7299,9999,7161,549
77,"vivo T4 Lite 5G Charger in the Box (Titanium Gold, 64 GB)",15% off,50MP + 2MP | 5MP Front Camera,4 GB RAM | 64 GB ROM | Expandable Upto 2 TB,6000 mAh Battery,17.12 cm (6.74 inch) HD+ Display,4.4,10999,12999,44918,1300
78,"MOTOROLA Edge 60 Fusion 5G (PANTONE Amazonite, 256 GB)",11% off,50MP + 13MP | 32MP Front Camera,8 GB RAM | 256 GB ROM | Expandable Upto 1 TB,5500 mAh Battery,16.94 cm (6.67 inch) Display,4.4,22999,25999,123143,6345
79,"POCO M7 5G (Ocean Blue, 128 GB)",15% off,50MP Rear Camera | 8MP Front Camera,8 GB RAM | 128 GB ROM | Expandable Upto 1 TB,5160 mAh Battery,17.48 cm (6.88 inch) HD+ Display,4.3,11799,13999,16767,794
80,"MOTOROLA g35 5G (Leaf Green, 128 GB)",4% off,50MP + 8MP | 16MP Front Camera,4 GB RAM | 128 GB ROM | Expandable Upto 1 TB,5000 mAh Battery,17.07 cm (6.72 inch) Full HD+ Display,4.2,11999,12499,125085,7606
81,"MOTOROLA g35 5G (Midnight Black, 128 GB)",4% off,50MP + 8MP | 16MP Front Camera,4 GB RAM | 128 GB ROM | Expandable Upto 1 TB,5000 mAh Battery,17.07 cm (6.72 inch) Full HD+ Display,4.2,11999,12499,125085,7606
82,leysky hotline A26 mini Magic Voice Phone,40% off,800 mAh Battery,16 MB RAM | 16 MB ROM | Expandable Upto 16 GB,Mediatek Processor,1.68 cm (0.66 inch) NA Display,3.7,777,1299,7,1
83,"MOTOROLA g35 5G (Midnight Black, 128 GB)",16% off,50MP + 8MP | 16MP Front Camera,8 GB RAM | 128 GB ROM | Expandable Upto 1 TB,5000 mAh Battery,17.07 cm (6.72 inch) Full HD+ Display,4.2,12999,15499,8730,419
84,"POCO M7 Plus 5G (Aqua Blue, 128 GB)",18% off,50MP Rear Camera,4 GB RAM | 128 GB ROM | Expandable Upto 2 TB,7000 mAh Battery,17.53 cm (6.9 inch) Display,4.1,12999,15999,1767,120
85,"POCO C71 (Desert Gold, 128 GB)",12% off,32MP Rear Camera | 8MP Front Camera,6 GB RAM | 128 GB ROM | Expandable Upto 2 TB,5200 mAh Battery,17.48 cm (6.88 inch) HD+ Display,4.1,8799,9999,33722,1570
86,Nokia All-New 105 Single Sim Keypad Phone with Built-in UPI Payments,21% off,0MP | 0MP Front Camera,32 MB RAM | 32 MB ROM,1000 mAh Battery,4.5 cm (1.77 inch) Display,3.7,1259,1599,106497,6795
87,"realme C71 (Sea Blue, 64 GB)",No Offer,13MP Rear Camera | 5MP Front Camera,4 GB RAM | 64 GB ROM | Expandable Upto 2 TB,6300 mAh Battery,17.14 cm (6.75 inch) HD+ Display,4.3,8990,8999,1031,35
88,"realme P4x 5G (Lake Green, 256 GB)",4% off,50MP + 2MP | 8MP Front Camera,8 GB RAM | 256 GB ROM,7000 mAh Battery,17.07 cm (6.72 inch) Full HD+ Display,4.3,19999,20999,2359,201
89,"POCO M7 Pro 5G (Lunar Dust, 128 GB)",28% off,50MP + 2MP | 20MP Front Camera,6 GB RAM | 128 GB ROM,5110 mAh Battery,16.94 cm (6.67 inch) Full HD+ Display,4.3,13499,18999,37585,2682
90,"vivo T4x 5G (Pronto Purple, 256 GB)",11% off,50MP + 2MP | 8MP Front Camera,8 GB RAM | 256 GB ROM,6500 mAh Battery,17.07 cm (6.72 inch) Display,4.4,18499,20999,158575,7418
91,"MOTOROLA Edge 60 Fusion 5G (PANTONE Mykonos Blue, 256 GB)",10% off,50MP + 13MP | 32MP Front Camera,12 GB RAM | 256 GB ROM | Expandable Upto 1 TB,5500 mAh Battery,16.94 cm (6.67 inch) Display,4.4,24999,27999,48591,2510
92,"Ai+ Nova 5G (Black, 128 GB)",18% off,50MP Rear Camera | 5MP Front Camera,6 GB RAM | 128 GB ROM | Expandable Upto 1 TB,5000 mAh Battery,17.13 cm (6.745 inch) HD+ Display,4.2,8999,10999,25287,1590
93,"POCO C71 (Desert Gold, 64 GB)",13% off,32MP Rear Camera | 8MP Front Camera,4 GB RAM | 64 GB ROM | Expandable Upto 2 TB,5200 mAh Battery,17.48 cm (6.88 inch) HD+ Display,3.9,7799,8999,57971,2557
94,"POCO M7 Pro 5G (Olive Twilight, 128 GB)",28% off,50MP + 2MP | 20MP Front Camera,6 GB RAM | 128 GB ROM,5110 mAh Battery,16.94 cm (6.67 inch) Full HD+ Display,4.3,13499,18999,37585,2682
95,Samsung Guru 1200,44% off,800 mAh Battery,4 MB RAM | 10 MB ROM,No Brand Warranty,3.86 cm (1.52 inch) Display,3,722,1299,12287,842
96,"realme P4x 5G (Lake Green, 128 GB)",8% off,50MP + 2MP | 8MP Front Camera,6 GB RAM | 128 GB ROM,7000 mAh Battery,17.07 cm (6.72 inch) Full HD+ Display,4.4,16499,17999,7161,549
97,"Coolpad CP12 Neo (Gold, 64 GB)",27% off,13MP Rear Camera | 5MP Front Camera,8 GB RAM | 64 GB ROM | Expandable Upto 512 GB,5000 mAh Battery,16.66 cm (6.56 inch) Display,,7299,9999,7161,549
98,"realme P3x 5G (Midnight Blue, 128 GB)",22% off,50MP Rear Camera | 8MP Front Camera,8 GB RAM | 128 GB ROM,6000 mAh Battery,17.07 cm (6.72 inch) Full HD Display,4.4,13999,17999,24294,999
99,"IQOO Z10 Lite 5G (Titanium Blue, 256 GB)",10% off,50MP Rear Camera,8 GB RAM | 256 GB ROM,6000 mAh Battery,17.12 cm (6.74 inch) Display,4.3,15268,16999,2429,114
100,"IQOO Z10 5G (Stellar Black / Black, 128 GB)",16% off,50MP Rear Camera,8 GB RAM | 128 GB ROM,7300 mAh Battery,17.02 cm (6.7 inch) Display,4.4,21600,25999,5331,258
101,"MOTOROLA g35 5G (Guava Red, 128 GB)",4% off,50MP + 8MP | 16MP Front Camera,4 GB RAM | 128 GB ROM | Expandable Upto 1 TB,5000 mAh Battery,17.07 cm (6.72 inch) Full HD+ Display,4.2,11999,12499,125085,7606
102,"realme Narzo 80 Lite 5G (Onyx Black, 128 GB)",17% off,32MP Rear Camera,6 GB RAM | 128 GB ROM,6000 mAh Battery,16.94 cm (6.67 inch) Display,4.3,12393,14999,7153,298
103,"REDMI Note 14 SE 5G (Mystique White, 128 GB)",30% off,50MP + 8MP + 2MP | 20MP Front Camera,6 GB RAM | 128 GB ROM,5110 mAh Battery,16.94 cm (6.67 inch) Full HD+ Display,4.3,13999,19999,27089,1188
104,"POCO M7 Plus 5G (Carbon Black, 128 GB)",16% off,50MP AI Dual Camera,8 GB RAM | 128 GB ROM | Expandable Upto 2 TB,7000 mAh Battery,17.53 cm (6.9 inch) Display,4.3,14999,17999,3988,230
105,"POCO M6 Plus 5G (Graphite Black, 128 GB)",30% off,108MP + 2MP | 13MP Front Camera,8 GB RAM | 128 GB ROM | Expandable Upto 1 TB,5030 mAh Battery,17.25 cm (6.79 inch) Full HD+ Display,4.2,12447,17999,18911,1086
106,"MOTOROLA g35 5G (Guava Red, 128 GB)",16% off,50MP + 8MP | 16MP Front Camera,8 GB RAM | 128 GB ROM | Expandable Upto 1 TB,5000 mAh Battery,17.07 cm (6.72 inch) Full HD+ Display,4.2,12999,15499,8730,419
107,"IQOO Z10X 5G (Titanium, 128 GB)",14% off,50MP Rear Camera,6 GB RAM | 128 GB ROM,6500 mAh Battery,17.02 cm (6.7 inch) Display,4.4,14988,17499,9230,463
108,Samsung Guru 1200,59% off,800 mAh Battery,4 MB RAM | 10 MB ROM,,3.86 cm (1.52 inch) Display,3,773,1899,12287,842
109,"MOTOROLA Edge 60 Pro (Pantone Shadow, 512 GB)",11% off,50MP + 50MP + 10MP | 50MP Front Camera,16 GB RAM | 512 GB ROM,6000 mAh Battery,17.02 cm (6.7 inch) Display,4.4,37999,42999,2611,193
110,"Nokia 105 Classic Single Sim Keypad Phone, Without Charger",20% off,0MP Front Camera,32 MB RAM | 32 MB ROM,800 mAh Battery,4.5 cm (1.77 inch) Display,3.9,994,1249,8265,326
111,"Ai+ Pulse (Purple, 128 GB)",25% off,50MP Rear Camera | 5MP Front Camera,6 GB RAM | 128 GB ROM | Expandable Upto 1 TB,5000 mAh Battery,17.13 cm (6.745 inch) HD+ Display,4.1,7499,9999,6922,406
112,"realme P4 Power 5G (TransBlue, 128 GB)",21% off,50MP + 8MP | Yes,8 GB RAM | 128 GB ROM,10001 mAh Battery,17.27 cm (6.8 inch) Full HD+ AMOLED Display,4.6,25999,32999,1008,90
113,"realme P4x 5G (Matte Silver, 128 GB)",8% off,50MP + 2MP | 8MP Front Camera,6 GB RAM | 128 GB ROM,7000 mAh Battery,17.07 cm (6.72 inch) Full HD+ Display,4.4,16499,17999,7161,549
114,"Samsung Galaxy S24 5G Snapdragon (Cobalt Violet, 128 GB)",42% off,50MP + 12MP | 12MP Front Camera,8 GB RAM | 128 GB ROM,4000 mAh Battery,15.75 cm (6.2 inch) Full HD+ Display,4.6,42999,74999,54305,3030
115,"MOTOROLA Edge 60 Pro (Pantone Shadow, 256 GB)",18% off,50MP + 50MP + 10MP | 50MP Front Camera,8 GB RAM | 256 GB ROM,6000 mAh Battery,17.02 cm (6.7 inch) Display,4.3,29999,36999,46783,3440
116,"MOTOROLA G96 5G (Pantone Ashleigh Blue, 128 GB)",14% off,50MP + 8MP | 32MP Front Camera,8 GB RAM | 128 GB ROM,5500 mAh Battery,16.94 cm (6.67 inch) Full HD+ Display,4.4,17999,20999,87695,4418
117,"REDMI A4 (Sparkle Purple, 64 GB)",No Offer,50MP Rear Camera,4 GB RAM | 64 GB ROM,5160 mAh Battery,17.48 cm (6.88 inch) Display,4.3,10895,10999,14848,618
118,"Nothing Phone (3a) Pro (Grey, 256 GB)",8% off,50MP (Main) + 50MP (3X Periscope)+ 8MP (Ultra-Wide) | 50MP Front Camera,12 GB RAM | 256 GB ROM,5000 mAh Battery,43.66 cm (17.19 cm) Full HD+ Display,4.5,33999,36999,8004,482
119,Samsung 1200,50% off,800 mAh Battery,32 MB RAM | 32 MB ROM,NO WARRANTY,3.81 cm (1.5 inch) Display,3.1,797,1599,5852,389
120,"Coolpad CP12 Neo (Blue, 64 GB)",27% off,13MP Rear Camera | 5MP Front Camera,8 GB RAM | 64 GB ROM | Expandable Upto 512 GB,5000 mAh Battery,16.66 cm (6.56 inch) Display,,7299,9999,7161,549
121,"vivo T4R 5G (Arctic White, 256 GB)",7% off,50MP (OIS) + 2MP | 32MP Front Camera,12 GB RAM | 256 GB ROM,5700 mAh Battery,17.2 cm (6.77 inch) Display,4.4,24999,26999,5251,247
122,"Nokia 105 Single SIM, Keypad Mobile Phone with Wireless FM Radio",No Offer,0MP Front Camera,32 MB RAM | 32 MB ROM,800 mAh Lithium Ion Battery,4.5 cm (1.77 inch) QVGA Display,4,1399,1399,80148,4887
123,"OnePlus Nord CE5 5G (Marble Mist, 128 GB)",3% off,50MP Rear Camera,8 GB RAM | 128 GB ROM,7100 mAh Battery,17.2 cm (6.77 inch) Display,4.5,26104,26999,8008,438
124,"IQOO Z10X 5G (Titanium, 128 GB)",14% off,50MP Rear Camera,6 GB RAM | 128 GB ROM,6500 mAh Battery,17.02 cm (6.7 inch) Display,4.4,14988,17499,9230,463
125,Jio PRIMA2 4G,25% off,0.3MP Rear Camera,500 MB RAM | 4 GB ROM | Expandable Upto 128 GB,1800 mAh Battery,6.1 cm (2.4 inch) QVGA Display,3.9,3149,4199,1997,107
126,"IQOO Z10X 5G (Titanium, 128 GB)",14% off,50MP Rear Camera,8 GB RAM | 128 GB ROM,6500 mAh Battery,17.02 cm (6.7 inch) Display,4.4,16190,18999,5237,240
127,"MOTOROLA G86 Power 5G (Pantone Cosmic Sky, 128 GB)",10% off,50MP + 8MP | 32MP Front Camera,8 GB RAM | 128 GB ROM | Expandable Upto 1 TB,6720 mAh Battery,17.02 cm (6.7 inch) Super HD Display,4.3,17999,19999,29362,1881
128,"Ai+ Pulse (Blue, 64 GB)",12% off,50MP Rear Camera | 5MP Front Camera,4 GB RAM | 64 GB ROM | Expandable Upto 1 TB,5000 mAh Battery,17.13 cm (6.745 inch) HD+ Display,4.3,6999,7999,44538,2650
129,"IQOO Z10X 5G (Titanium, 256 GB)",9% off,50MP Rear Camera,8 GB RAM | 256 GB ROM,6500 mAh Battery,17.02 cm (6.7 inch) Display,4.4,18590,20499,5237,240
130,"OnePlus Nord CE5 5G (Black Infinity, 256 GB)",9% off,50MP Rear Camera,8 GB RAM | 256 GB ROM,7100 mAh Battery,17.2 cm (6.77 inch) Display,4.5,27923,30999,8008,438
131,"realme Narzo 80 Lite 5G (Crystal Purple, 128 GB)",14% off,32MP Rear Camera,6 GB RAM | 128 GB ROM,6000 mAh Battery,16.94 cm (6.67 inch) Display,4.3,12764,14999,7153,298
132,"realme Narzo 90x 5G (Flash Blue, 128 GB)",19% off,50MP Rear Camera,6 GB RAM | 128 GB ROM,7000 mAh Battery,17.27 cm (6.8 inch) Display,4.4,13745,16999,870,53
133,Samsung Guru Music 2 B310ED,56% off,0MP | 0MP Front Camera,32 MB RAM | 32 MB ROM | Expandable Upto 100 MB,800 mAh Battery,4.57 cm (1.8 inch) VGA Display,3.1,775,1798,31559,2117
134,"IQOO Z10R 5G (Aquamarine, 128 GB)",13% off,50MP Rear Camera,8 GB RAM | 128 GB ROM,5700 mAh Battery,17.2 cm (6.77 inch) Display,4.4,20358,23499,3776,217
135,"Nothing Phone (3a) Pro (Black, 128 GB)",9% off,50MP (Main) + 50MP (3X Periscope)+ 8MP (Ultra-Wide) | 50MP Front Camera,8 GB RAM | 128 GB ROM,5000 mAh Battery,43.66 cm (17.19 cm) Full HD+ Display,4.5,29999,32999,13583,1018
136,"realme P4 Power 5G (TransBlue, 128 GB)",21% off,50MP + 8MP | Yes,8 GB RAM | 128 GB ROM,10001 mAh Battery,17.27 cm (6.8 inch) Full HD+ AMOLED Display,4.6,25999,32999,1008,90
137,"realme P4 Power 5G (TransBlue, 256 GB)",20% off,50MP + 8MP | Yes,8 GB RAM | 256 GB ROM,10001 mAh Battery,17.27 cm (6.8 inch) Full HD+ AMOLED Display,4.6,27999,34999,1008,90
138,"realme P4 Power 5G (TransSilver, 128 GB)",21% off,50MP + 8MP | Yes,8 GB RAM | 128 GB ROM,10001 mAh Battery,17.27 cm (6.8 inch) Full HD+ AMOLED Display,4.6,25999,32999,1008,90
139,"Ai+ Pulse (Sparkle Red, 64 GB)",12% off,50MP Rear Camera | 5MP Front Camera,4 GB RAM | 64 GB ROM | Expandable Upto 1 TB,5000 mAh Battery,17.13 cm (6.745 inch) HD+ Display,4.3,6999,7999,44538,2650
140,"Nothing Phone (3a) Pro (Grey, 256 GB)",8% off,50MP (Main) + 50MP (3X Periscope)+ 8MP (Ultra-Wide) | 50MP Front Camera,12 GB RAM | 256 GB ROM,5000 mAh Battery,43.66 cm (17.19 cm) Full HD+ Display,4.5,33999,36999,8004,482
141,"vivo T4R 5G (Twilight Blue, 256 GB)",7% off,50MP (OIS) + 2MP | 32MP Front Camera,12 GB RAM | 256 GB ROM,5700 mAh Battery,17.2 cm (6.77 inch) Display,4.4,24999,26999,5251,247
142,"REDMI Note 14 SE 5G (Mystique White, 128 GB)",30% off,50MP + 8MP + 2MP | 20MP Front Camera,6 GB RAM | 128 GB ROM,5110 mAh Battery,16.94 cm (6.67 inch) Full HD+ Display,4.3,13999,19999,27089,1188
143,"OnePlus Nord CE5 5G (Black Infinity, 128 GB)",10% off,50MP Rear Camera,8 GB RAM | 128 GB ROM,7100 mAh Battery,17.2 cm (6.77 inch) Display,4.5,25814,28999,8008,438
144,"realme P4 Power 5G (TransSilver, 256 GB)",18% off,50MP + 8MP | Yes,12 GB RAM | 256 GB ROM,10001 mAh Battery,17.27 cm (6.8 inch) Full HD+ AMOLED Display,4.6,30999,37999,230,30
145,"vivo T4 Lite 5G Charger in the Box (Prism Blue, 64 GB)",15% off,50MP + 2MP | 5MP Front Camera,4 GB RAM | 64 GB ROM | Expandable Upto 2 TB,6000 mAh Battery,17.12 cm (6.74 inch) HD+ Display,4.4,10999,12999,44918,1300
146,"Coolpad CP12 Neo (Blue, 64 GB)",27% off,13MP Rear Camera | 5MP Front Camera,8 GB RAM | 64 GB ROM | Expandable Upto 512 GB,5000 mAh Battery,16.66 cm (6.56 inch) Display,,7299,9999,7161,549
147,"realme NARZO 80 Pro 5G (Nitro Orange, 256 GB)",24% off,50MP Rear Camera,8 GB RAM | 256 GB ROM,6000 mAh Battery,17.02 cm (6.7 inch) Display,4.5,19690,25999,909,46
148,Kechaoda K112,17% off,0.3MP + 0MP | 0MP Front Camera,32 MB RAM | 64 MB ROM | Expandable Upto 32 GB,3600 mAh Battery,6.1 cm (2.4 inch) QVGA Display,4,1649,1999,31974,2831
149,LAVA A1 Josh BOL,30% off,1000 mAh Battery,4 MB RAM | 4 MB ROM | Expandable Upto 32 GB,1 Year Manufacturer Replacement Guarantee for Phone and 6 months Replacement for Accessories in the Box,4.5 cm (1.77 inch) Quarter QVGA Display,4.1,966,1399,23569,1042
150,"Apple iPhone 16 (Ultramarine, 128 GB)",No Offer,48MP + 12MP | 12MP Front Camera,128 GB ROM,"A18 Chip, 6 Core Processor Processor",15.49 cm (6.1 inch) Super Retina XDR Display,4.6,69900,69900,208117,6671
151,"realme Narzo 90x 5G (Nitro Blue, 128 GB)",14% off,50MP Rear Camera,8 GB RAM | 128 GB ROM,7000 mAh Battery,17.27 cm (6.8 inch) Display,4.3,15305,17999,251,10
152,"MOTOROLA g35 5G (Leaf Green, 128 GB)",4% off,50MP + 8MP | 16MP Front Camera,4 GB RAM | 128 GB ROM | Expandable Upto 1 TB,5000 mAh Battery,17.07 cm (6.72 inch) Full HD+ Display,4.2,11999,12499,125085,7606
153,"Samsung Galaxy A35 5G (Awesome Navy, 128 GB)",41% off,50MP + 8MP + 5MP | 13MP Front Camera,8 GB RAM | 128 GB ROM | Expandable Upto 1 TB,5000 mAh Battery,16.76 cm (6.6 inch) Full HD+ Display,4.4,19999,33999,73136,4305
154,"Infinix Note 50s 5G+ (Titanium Grey, 128 GB)",10% off,64MP + 2MP | 13MP Front Camera,6 GB RAM | 128 GB ROM,5500 mAh Battery,17.22 cm (6.78 inch) Full HD+ Display,4.4,17999,19999,10385,651
155,"IQOO Z10R 5G (Moonstone, 256 GB)",8% off,50MP Rear Camera,8 GB RAM | 256 GB ROM,5700 mAh Battery,17.2 cm (6.77 inch) Display,4.4,22975,24999,3776,217
156,LAVA A1 Josh BOL,30% off,0MP | 0MP Front Camera,4 MB RAM | 4 MB ROM | Expandable Upto 32 GB,1000 mAh Battery,4.5 cm (1.77 inch) Quarter QVGA Display,4.1,968,1399,23569,1042
157,Kechaoda K112,17% off,0.3MP + 0MP | 0MP Front Camera,32 MB RAM | 64 MB ROM | Expandable Upto 32 GB,3600 mAh Battery,6.1 cm (2.4 inch) QVGA Display,4,1649,1999,31974,2831
158,"OPPO K13x 5G 6000mAh and 45W SUPERVOOC Charger & AI (Breeze Blue, 128 GB)",No Offer,50MP + 2MP | 8MP Front Camera,6 GB RAM | 128 GB ROM | Expandable Upto 2 TB,6000 mAh Battery,16.94 cm (6.67 inch) HD+ Display,4.5,16999,16999,85191,6211
159,"REDMI A4 (Sparkle Purple, 128 GB)",7% off,50MP + 50MP | 5MP Dual Front Camera,6 GB RAM | 128 GB ROM,5160 mAh Battery,17.48 cm (6.88 inch) Display,4.2,11990,12999,2231,78
160,"REDMI A4 (Starry Black, 128 GB)",11% off,50MP + 50MP | 5MP Dual Front Camera,6 GB RAM | 128 GB ROM,5160 mAh Battery,17.48 cm (6.88 inch) Display,4.2,11477,12999,2231,78
161,"MOTOROLA Edge 60 Fusion 5G (PANTONE Zephyr, 128 GB)",16% off,50MP + 13MP | 32MP Front Camera,8 GB RAM | 128 GB ROM | Expandable Upto 1 TB,5500 mAh Battery,16.94 cm (6.67 inch) Display,4.4,20999,24999,123143,6345
162,"IQOO Z10R 5G (Aquamarine, 256 GB)",8% off,50MP Rear Camera,12 GB RAM | 256 GB ROM,5700 mAh Battery,17.2 cm (6.77 inch) Display,4.3,24799,26999,504,34
163,"realme P3 Lite 5G Charger in the Box (Lily White, 128 GB)",17% off,32MP Rear Camera | 8MP Front Camera,4 GB RAM | 128 GB ROM | Expandable Upto 2 TB,6000 mAh Battery,16.94 cm (6.67 inch) Display,4.4,10749,12999,9486,381
164,"realme P3 Lite 5G Charger in the Box (Midnight Lily, 128 GB)",17% off,32MP Rear Camera | 8MP Front Camera,4 GB RAM | 128 GB ROM | Expandable Upto 2 TB,6000 mAh Battery,16.94 cm (6.67 inch) Display,4.4,10749,12999,9486,381
165,"MOTOROLA g35 5G (Guava Red, 128 GB)",4% off,50MP + 8MP | 16MP Front Camera,4 GB RAM | 128 GB ROM | Expandable Upto 1 TB,5000 mAh Battery,17.07 cm (6.72 inch) Full HD+ Display,4.2,11999,12499,125085,7606
166,"realme Narzo 90x 5G (Nitro Blue, 128 GB)",15% off,50MP Rear Camera,6 GB RAM | 128 GB ROM,7000 mAh Battery,17.27 cm (6.8 inch) Display,4.4,14309,16999,870,53
167,"POCO F7 5G (Frost White, 512 GB)",5% off,50MP Rear Camera | 20MP Front Camera,12 GB RAM | 512 GB ROM,7550 mAh Li-Polymer + Silicon Carbon Battery,17.35 cm (6.83 inch) Display,4.4,35999,37999,21347,2042
168,"Samsung Galaxy F06 5G (Bahama Blue, 64 GB)",28% off,50MP + 2MP | 8MP Front Camera,4 GB RAM | 64 GB ROM | Expandable Upto 1500 GB,5000 mAh Battery,17.02 cm (6.7 inch) HD+ Display,4.2,8999,12499,40373,2384
169,"REDMI A4 (Sparkle Purple, 128 GB)",7% off,50MP + 50MP | 5MP Dual Front Camera,6 GB RAM | 128 GB ROM,5160 mAh Battery,17.48 cm (6.88 inch) Display,4.2,11990,12999,2231,78
170,"realme P4x 5G (Lake Green, 128 GB)",8% off,50MP + 2MP | 8MP Front Camera,6 GB RAM | 128 GB ROM,7000 mAh Battery,17.07 cm (6.72 inch) Full HD+ Display,4.4,16499,17999,7161,549
171,"Coolpad CP12 Neo (Gold, 64 GB)",27% off,13MP Rear Camera | 5MP Front Camera,8 GB RAM | 64 GB ROM | Expandable Upto 512 GB,5000 mAh Battery,16.66 cm (6.56 inch) Display,,7299,9999,7161,549
172,"IQOO Z10R 5G (Aquamarine, 256 GB)",8% off,50MP Rear Camera,12 GB RAM | 256 GB ROM,5700 mAh Battery,17.2 cm (6.77 inch) Display,4.3,24799,26999,504,34
173,"Ai+ Pulse (Green, 64 GB)",12% off,50MP Rear Camera | 5MP Front Camera,4 GB RAM | 64 GB ROM | Expandable Upto 1 TB,5000 mAh Battery,17.13 cm (6.745 inch) HD+ Display,4.3,6999,7999,44538,2650
174,Kechaoda A27,40% off,800 mAh Battery,32 MB RAM | 32 MB ROM | Expandable Upto 16 GB,Processor clock: 400 MHz Processor,1.68 cm (0.66 inch) Display,4,899,1499,16259,869
175,LAVA A1 Josh BOL,30% off,1000 mAh Battery,4 MB RAM | 4 MB ROM | Expandable Upto 32 GB,1 Year Manufacturer Replacement Guarantee for Phone and 6 months Replacement for Accessories in the Box,4.5 cm (1.77 inch) Quarter QVGA Display,4.1,966,1399,23569,1042
176,"MOTOROLA Edge 60 Fusion 5G (PANTONE Zephyr, 256 GB)",11% off,50MP + 13MP | 32MP Front Camera,8 GB RAM | 256 GB ROM | Expandable Upto 1 TB,5500 mAh Battery,16.94 cm (6.67 inch) Display,4.4,22999,25999,123143,6345
177,"Google Pixel 9A (Obsidian, 256 GB)",20% off,48MP + 12MP | 12MP Front Camera,8 GB RAM | 256 GB ROM,5100 mAh Battery,15.96 cm (6.285 inch) Full HD+ Display,4.5,39999,49999,7149,476
178,"realme P4 Power 5G (TransOrange, 256 GB)",20% off,50MP + 8MP | Yes,8 GB RAM | 256 GB ROM,10001 mAh Battery,17.27 cm (6.8 inch) Full HD+ AMOLED Display,4.6,27999,34999,1008,90
179,"realme P4 Power 5G (TransSilver, 256 GB)",20% off,50MP + 8MP | Yes,8 GB RAM | 256 GB ROM,10001 mAh Battery,17.27 cm (6.8 inch) Full HD+ AMOLED Display,4.6,27999,34999,1008,90
180,"realme Narzo 80 Lite 5G (Onyx Black, 128 GB)",17% off,32MP Rear Camera,6 GB RAM | 128 GB ROM,6000 mAh Battery,16.94 cm (6.67 inch) Display,4.3,12393,14999,7153,298
181,"realme Narzo 80 Lite 5G (Crystal Purple, 128 GB)",18% off,32MP Rear Camera,4 GB RAM | 128 GB ROM,6000 mAh Battery,16.94 cm (6.67 inch) Display,4.3,11386,13999,797,43
182,"Samsung Galaxy M07 (Black, 64 GB)",20% off,50MP + 2MP | 8MP Front Camera,4 GB RAM | 64 GB ROM | Expandable Upto 2 TB,5000 mAh Battery,17.02 cm (6.7 inch) HD+ Display,4.3,7990,9999,68,1
183,"Ai+ Nova 5G (Purple, 128 GB)",18% off,50MP Rear Camera | 5MP Front Camera,6 GB RAM | 128 GB ROM | Expandable Upto 1 TB,5000 mAh Battery,17.13 cm (6.745 inch) HD+ Display,4.2,8999,10999,25287,1590
184,"POCO C85 5G (Power Black, 128 GB)",22% off,50MP Rear Camera | 8MP Front Camera,6 GB RAM | 128 GB ROM | Expandable Upto 1 TB,6000 mAh Lithium-Ion Polymer Battery,17.53 cm (6.9 inch) HD+ Display,4.3,11999,15499,250,12
185,"POCO C71 (Cool Blue, 128 GB)",12% off,32MP Rear Camera | 8MP Front Camera,6 GB RAM | 128 GB ROM | Expandable Upto 2 TB,5200 mAh Battery,17.48 cm (6.88 inch) HD+ Display,4.1,8799,9999,33722,1570
186,"POCO M8 (Carbon Black, 256 GB)",16% off,50MP Rear Camera | 20MP Front Camera,8 GB RAM | 256 GB ROM | Expandable Upto 1 TB,5520 mAh Battery,17.2 cm (6.77 inch) Full HD+ Display,4.6,20999,24999,731,61
187,"OPPO K13x 5G 6000mAh and 45W SUPERVOOC Charger & AI (Midnight Violet, 128 GB)",No Offer,50MP + 2MP | 8MP Front Camera,6 GB RAM | 128 GB ROM | Expandable Upto 2 TB,6000 mAh Battery,16.94 cm (6.67 inch) HD+ Display,4.5,16999,16999,85191,6211
188,"OPPO K13x 5G 6000mAh and 45W SUPERVOOC Charger & AI (Midnight Violet, 128 GB)",No Offer,50MP + 2MP | 8MP Front Camera,8 GB RAM | 128 GB ROM | Expandable Upto 2 TB,6000 mAh Battery,16.94 cm (6.67 inch) HD+ Display,4.5,18999,18999,15207,863
189,"POCO M7 5G (Satin Black, 128 GB)",16% off,50MP Rear Camera | 8MP Front Camera,6 GB RAM | 128 GB ROM | Expandable Upto 1 TB,5160 mAh Battery,17.48 cm (6.88 inch) HD+ Display,4.1,10799,12999,75020,3468
190,"realme Narzo 80 Lite 4G (Obsidian Black, 64 GB)",5% off,32MP Rear Camera,4 GB RAM | 64 GB ROM,6300 mAh Battery,17.12 cm (6.74 inch) HD+ Display,4.3,8497,8999,2181,84
191,Micromax X778,30% off,0.3MP Rear Camera,32 MB RAM | 32 MB ROM,2700 mAh Battery,6.1 cm (2.4 inch) Display,3.8,1386,1999,4952,389
192,"IQOO Z10 Lite 5G (Titanium Blue, 256 GB)",10% off,50MP Rear Camera,8 GB RAM | 256 GB ROM,6000 mAh Battery,17.12 cm (6.74 inch) Display,4.3,15268,16999,2429,114
193,"OPPO Reno15c 5G (Afterglow Pink, 256 GB)",19% off,50MP + 8MP + 2MP | Yes,12 GB RAM | 256 GB ROM,7000 mAh Battery,16.69 cm (6.57 inch) Full HD+ Display,4.1,37999,46999,7,1
194,Micromax X778,28% off,0.3MP Rear Camera,32 MB RAM | 32 MB ROM,2700 mAh Battery,6.1 cm (2.4 inch) Display,3.8,1430,1999,4952,389
195,"POCO M7 Plus 5G (Chrome Silver, 128 GB)",16% off,50MP AI Dual Camera,8 GB RAM | 128 GB ROM | Expandable Upto 2 TB,7000 mAh Battery,17.53 cm (6.9 inch) Display,4.3,14999,17999,3988,230
196,"Coolpad CP12 Neo (Blue, 64 GB)",27% off,13MP Rear Camera | 5MP Front Camera,8 GB RAM | 64 GB ROM | Expandable Upto 512 GB,5000 mAh Battery,16.66 cm (6.56 inch) Display,,7299,9999,7161,549
197,Nokia All-New 105 Single Sim Keypad Phone with Built-in UPI Payments,21% off,0MP | 0MP Front Camera,32 MB RAM | 32 MB ROM,1000 mAh Battery,4.5 cm (1.77 inch) Display,3.7,1259,1599,106497,6795
198,"IQOO Z10R 5G (Moonstone, 128 GB)",14% off,50MP Rear Camera,8 GB RAM | 128 GB ROM,5700 mAh Battery,17.2 cm (6.77 inch) Display,4.4,20148,23499,3776,217
199,itel it5262,13% off,0.8MP Rear Camera,4 MB RAM | 4 MB ROM | Expandable Upto 32 GB,2000 mAh Battery,6.1 cm (2.4 inch) Display,4,1379,1599,2462,135
200,"Samsung Galaxy M07 (Black, 64 GB)",20% off,50MP + 2MP | 8MP Front Camera,4 GB RAM | 64 GB ROM | Expandable Upto 2 TB,5000 mAh Battery,17.02 cm (6.7 inch) HD+ Display,4.3,7990,9999,68,1
201,Samsung Guru Music 2 B310ED,52% off,0MP | 0MP Front Camera,32 MB RAM | 32 MB ROM | Expandable Upto 100 MB,800 mAh Battery,4.57 cm (1.8 inch) VGA Display,3.1,943,1998,31559,2117
202,"POCO M7 Plus 5G (Carbon Black, 128 GB)",16% off,50MP AI Dual Camera,8 GB RAM | 128 GB ROM | Expandable Upto 2 TB,7000 mAh Battery,17.53 cm (6.9 inch) Display,4.3,14999,17999,3988,230
203,"POCO M6 Plus 5G (Graphite Black, 128 GB)",30% off,108MP + 2MP | 13MP Front Camera,8 GB RAM | 128 GB ROM | Expandable Upto 1 TB,5030 mAh Battery,17.25 cm (6.79 inch) Full HD+ Display,4.2,12447,17999,18911,1086
204,Kechaoda A26_Pink,40% off,0MP | 0MP Front Camera,32 MB RAM | 16 GB ROM | Expandable Upto 32 MB,800 mAh Battery,1.68 cm (0.66 inch) NA Display,4,899,1499,2371,65
205,LAVA Gem 2025,20% off,0.3MP + 0MP | 0MP Front Camera,4 MB RAM | 32 GB ROM | Expandable Upto 32 GB,2575 mAh Battery,7.11 cm (2.8 inch) HVGA Display,4.1,1677,2099,4360,276
206,"MOTOROLA G96 5G (Pantone Cattleya Orchid, 256 GB)",17% off,50MP + 8MP | 32MP Front Camera,8 GB RAM | 256 GB ROM,5500 mAh Battery,16.94 cm (6.67 inch) Full HD+ Display,4.4,18999,22999,87695,4418
207,"POCO M7 Plus 5G (Aqua Blue, 128 GB)",17% off,50MP AI Dual Camera,6 GB RAM | 128 GB ROM | Expandable Upto 2 TB,7000 mAh Battery,17.53 cm (6.9 inch) Display,4.3,13999,16999,6520,340
208,"MOTOROLA Signature (PANTONE Martini Olive, 512 GB)",18% off,50MP + 50MP + 50MP | 50MP Front Camera,16 GB RAM | 512 GB ROM,5200 mAh Battery,17.27 cm (6.8 inch) Super HD Display,4.5,64999,79999,114,21
209,"realme C61 (Marble Black, 64 GB)",19% off,32MP Rear Camera | 5MP Front Camera,4 GB RAM | 64 GB ROM | Expandable Upto 2 TB,5000 mAh Battery,17.13 cm (6.745 inch) HD+ Display,4.3,7249,8999,44186,1448
210,KARBONN K9,23% off,2MP + 0MP | 0MP Front Camera,32 MB RAM | 32 MB ROM | Expandable Upto 32 GB,1800 mAh Battery,6.1 cm (2.4 inch) FWVGA Display,4.2,1439,1890,220,10
211,"OnePlus Nord CE5 5G (Nexus Blue, 128 GB)",10% off,50MP Rear Camera,8 GB RAM | 128 GB ROM,7100 mAh Battery,17.2 cm (6.77 inch) Display,4.5,25911,28999,8008,438
212,"OPPO K13x 5G 6000mAh and 45W SUPERVOOC Charger & AI (Sunset Peach, 128 GB)",No Offer,50MP + 2MP | 8MP Front Camera,6 GB RAM | 128 GB ROM | Expandable Upto 2 TB,6000 mAh Battery,16.94 cm (6.67 inch) HD+ Display,4.5,16999,16999,85191,6211
213,"OnePlus 15R 5G (Charcoal Black, 256 GB)",12% off,50MP Rear Camera,12 GB RAM | 256 GB ROM,7400 mAh Battery,17.35 cm (6.83 inch) Display,4.6,47921,54999,368,19
214,"OPPO K13x 5G 6000mAh and 45W SUPERVOOC Charger & AI (Midnight Violet, 128 GB)",No Offer,50MP + 2MP | 8MP Front Camera,4 GB RAM | 128 GB ROM | Expandable Upto 2 TB,6000 mAh Battery,16.94 cm (6.67 inch) HD+ Display,4.4,15999,15999,22897,1726
215,"IQOO Z10 Lite 5G (Cyber Green, 128 GB)",14% off,50MP Rear Camera,4 GB RAM | 128 GB ROM,6000 mAh Battery,17.12 cm (6.74 inch) Display,4.2,12030,13999,2387,94
216,"realme P4x 5G (Lake Green, 128 GB)",8% off,50MP + 2MP | 8MP Front Camera,6 GB RAM | 128 GB ROM,7000 mAh Battery,17.07 cm (6.72 inch) Full HD+ Display,4.4,16499,17999,7161,549
217,"Coolpad CP12 Neo (Gold, 64 GB)",27% off,13MP Rear Camera | 5MP Front Camera,8 GB RAM | 64 GB ROM | Expandable Upto 512 GB,5000 mAh Battery,16.66 cm (6.56 inch) Display,,7299,9999,7161,549
218,Jmax Super 2,50% off,0.3MP Rear Camera,32 MB RAM | 32 MB ROM,1100 mAh Battery,4.57 cm (1.8 inch) Display,3.9,599,1199,2031,159
219,"MOTOROLA Edge 60 Pro (Pantone Shadow, 256 GB)",18% off,50MP + 50MP + 10MP | 50MP Front Camera,8 GB RAM | 256 GB ROM,6000 mAh Battery,17.02 cm (6.7 inch) Display,4.3,29999,36999,46783,3440
220,Kechaoda A26_Pink,40% off,0MP | 0MP Front Camera,32 MB RAM | 16 GB ROM | Expandable Upto 32 MB,800 mAh Battery,1.68 cm (0.66 inch) NA Display,4,899,1499,2371,65
221,"POCO X7 5G (Glacier Green, 256 GB)",28% off,50MP + 8MP + 2MP | 20MP Front Camera,8 GB RAM | 256 GB ROM,5500 mAh Battery,16.94 cm (6.67 inch) Display,4.3,19999,27999,29521,2217
222,Samsung Guru1200,57% off,800 mAh Battery,4 MB RAM | 10 MB ROM,No Warranty,3.86 cm (1.52 inch) Display,3,726,1698,614,42
223,Nokia All-New 105 Single Sim Keypad Phone with Built-in UPI Payments,21% off,0MP | 0MP Front Camera,32 MB RAM | 32 MB ROM,1000 mAh Battery,4.5 cm (1.77 inch) Display,3.7,1259,1599,106497,6795
224,"OnePlus 15R 5G (Mint Breeze, 256 GB)",12% off,50MP Rear Camera,12 GB RAM | 256 GB ROM,7400 mAh Battery,17.35 cm (6.83 inch) Display,4.6,47874,54999,368,19
225,"IQOO Z10 Lite 5G (Cyber Green, 128 GB)",12% off,50MP Rear Camera,6 GB RAM | 128 GB ROM,6000 mAh Battery,17.12 cm (6.74 inch) Display,4.3,13055,14999,3309,136
226,"POCO M7 Pro 5G (Olive Twilight, 128 GB)",28% off,50MP + 2MP | 20MP Front Camera,6 GB RAM | 128 GB ROM,5110 mAh Battery,16.94 cm (6.67 inch) Full HD+ Display,4.3,13499,18999,37585,2682
227,"IQOO Z10 Lite 5G (Titanium Blue, 128 GB)",6% off,50MP Rear Camera,6 GB RAM | 128 GB ROM,6000 mAh Battery,17.12 cm (6.74 inch) Display,4.3,13999,14999,3309,136
228,"OPPO K13x 5G 6000mAh and 45W SUPERVOOC Charger & AI (Sunset Peach, 128 GB)",No Offer,50MP + 2MP | 8MP Front Camera,4 GB RAM | 128 GB ROM | Expandable Upto 2 TB,6000 mAh Battery,16.94 cm (6.67 inch) HD+ Display,4.4,15999,15999,22897,1726
229,"MOTOROLA g67 power 5G (Pantone Curacao Blue, 128 GB)",15% off,50MP + 8MP | 32MP Front Camera,8 GB RAM | 128 GB ROM,7000 mAh Battery,17.02 cm (6.7 inch) Full HD+ Display,4.4,15999,18999,8022,446
230,Samsung Guru 1200,56% off,800 mAh Battery,4 MB RAM | 10 MB ROM,No Warranty,3.86 cm (1.52 inch) Display,3,807,1854,12287,842
231,"realme C61 (Safari Green, 128 GB)",25% off,32MP Rear Camera | 5MP Front Camera,6 GB RAM | 128 GB ROM | Expandable Upto 2 TB,5000 mAh Battery,17.13 cm (6.745 inch) HD+ Display,4.3,8199,10999,21979,793
232,"REDMI A4 (Sparkle Purple, 128 GB)",13% off,50MP Rear Camera,4 GB RAM | 128 GB ROM,5160 mAh Battery,17.48 cm (6.88 inch) Display,4.3,10376,11999,14848,618
233,"Apple iPhone 15 (Pink, 128 GB)",8% off,48MP + 12MP | 12MP Front Camera,128 GB ROM,"A16 Bionic Chip, 6 Core Processor Processor",15.49 cm (6.1 inch) Super Retina XDR Display,4.6,54900,59900,272171,9517
234,"Ai+ Pulse (Pink, 128 GB)",25% off,50MP Rear Camera | 5MP Front Camera,6 GB RAM | 128 GB ROM | Expandable Upto 1 TB,5000 mAh Battery,17.13 cm (6.745 inch) HD+ Display,4.1,7499,9999,6922,406
235,itel it5027 Slim Keypad Mobile | 2.4 inch Display| Type C Charging,32% off,0.3MP Rear Camera,4 MB RAM | 4 MB ROM,1200 mAh Battery,6.1 cm (2.4 inch) Display,4.1,1119,1649,1464,94
236,"OnePlus 15R 5G (Mint Breeze, 512 GB)",11% off,50MP Rear Camera,12 GB RAM | 512 GB ROM,7400 mAh Battery,17.35 cm (6.83 inch) Display,4.6,52866,59999,368,19
237,"Samsung Galaxy S24 5G Snapdragon (Cobalt Violet, 256 GB)",40% off,50MP + 12MP | 12MP Front Camera,8 GB RAM | 256 GB ROM,4000 mAh Battery,15.75 cm (6.2 inch) Full HD+ Display,4.6,47999,79999,54305,3030
238,"Nokia 106 Single Sim Keypad Phone with Built-in UPI App, MP3 Player",32% off,1000 mAh Battery,32 MB RAM | 32 MB ROM,SC6531E Processor,17.02 cm (6.7 inch) Display,3.8,1149,1699,7734,413
239,Samsung Guru FM Plus,54% off,800 mAh Battery,NA ROM,No Warranty,3.81 cm (1.5 inch) VGA Display,4.1,781,1699,16041,1252
240,"realme P4x 5G (Lake Green, 128 GB)",8% off,50MP + 2MP | 8MP Front Camera,6 GB RAM | 128 GB ROM,7000 mAh Battery,17.07 cm (6.72 inch) Full HD+ Display,4.4,16499,17999,7161,549
241,"Coolpad CP12 Neo (Gold, 64 GB)",27% off,13MP Rear Camera | 5MP Front Camera,8 GB RAM | 64 GB ROM | Expandable Upto 512 GB,5000 mAh Battery,16.66 cm (6.56 inch) Display,,7299,9999,7161,549
242,"Nokia 106 Single Sim Keypad Phone with Built-in UPI App, MP3 Player",32% off,1000 mAh Battery,32 MB RAM | 32 MB ROM,SC6531E Processor,17.02 cm (6.7 inch) Display,3.8,1149,1699,7734,413
243,"Samsung Galaxy S24 5G Snapdragon (Marble Gray, 256 GB)",40% off,50MP + 12MP | 12MP Front Camera,8 GB RAM | 256 GB ROM,4000 mAh Battery,15.75 cm (6.2 inch) Full HD+ Display,4.6,47999,79999,54305,3030
244,LAVA Gem 2025,20% off,0.3MP + 0MP | 0MP Front Camera,4 MB RAM | 32 GB ROM | Expandable Upto 32 GB,2575 mAh Battery,7.11 cm (2.8 inch) HVGA Display,4.1,1677,2099,4360,276
245,"Tecno Spark Go 5G (Bikaner Red, 128 GB)",8% off,50MP Rear Camera | 5MP Front Camera,4 GB RAM | 128 GB ROM | Expandable Upto 1 TB,6000 mAh Battery,17.12 cm (6.74 inch) Display,4.3,10999,11999,1618,138
246,"Tecno Spark Go 5G (Sky Blue, 128 GB)",8% off,50MP Rear Camera | 5MP Front Camera,4 GB RAM | 128 GB ROM | Expandable Upto 1 TB,6000 mAh Battery,17.12 cm (6.74 inch) Display,4.3,10999,11999,1618,138
247,"Ai+ Pulse (Black, 64 GB)",12% off,50MP Rear Camera | 5MP Front Camera,4 GB RAM | 64 GB ROM | Expandable Upto 1 TB,5000 mAh Battery,17.13 cm (6.745 inch) HD+ Display,4.3,6999,7999,44538,2650
248,Jio Bharat v4 black with upi,58% off,0.3MP Rear Camera | 0MP Front Camera,32 MB RAM | 32 MB ROM | Expandable Upto 128 MB,1000 mAh Battery,11.43 cm (4.5 inch) QVGA Display,4.1,709,1699,14,0
249,"vivo T4 Pro 5G (Nitro Blue, 128 GB)",15% off,50MP + 2MP + 50MP | 32MP Front Camera,8 GB RAM | 128 GB ROM,6500 mAh Battery,17.2 cm (6.77 inch) Display,4.5,27999,32999,15511,997
250,"vivo T4 Pro 5G (Blaze Gold, 256 GB)",14% off,50MP + 2MP + 50MP | 32MP Front Camera,8 GB RAM | 256 GB ROM,6500 mAh Battery,17.2 cm (6.77 inch) Display,4.5,29999,34999,15511,997
251,"vivo T4 Pro 5G (Blaze Gold, 256 GB)",13% off,50MP + 2MP + 50MP | 32MP Front Camera,12 GB RAM | 256 GB ROM,6500 mAh Battery,17.2 cm (6.77 inch) Display,4.5,31999,36999,3988,277
252,"vivo T4 Pro 5G (Blaze Gold, 128 GB)",15% off,50MP + 2MP + 50MP | 32MP Front Camera,8 GB RAM | 128 GB ROM,6500 mAh Battery,17.2 cm (6.77 inch) Display,4.5,27999,32999,15511,997
253,"Ai+ Pulse (Black, 128 GB)",25% off,50MP Rear Camera | 5MP Front Camera,6 GB RAM | 128 GB ROM | Expandable Upto 1 TB,5000 mAh Battery,17.13 cm (6.745 inch) HD+ Display,4.1,7499,9999,6922,406
254,"OPPO Reno15c 5G (Afterglow Pink, 256 GB)",19% off,50MP + 8MP + 2MP | Yes,12 GB RAM | 256 GB ROM,7000 mAh Battery,16.69 cm (6.57 inch) Full HD+ Display,4.1,37999,46999,7,1
255,"Samsung Galaxy A35 5G (Awesome Iceblue, 128 GB)",41% off,50MP + 8MP + 5MP | 13MP Front Camera,8 GB RAM | 128 GB ROM | Expandable Upto 1 TB,5000 mAh Battery,16.76 cm (6.6 inch) Full HD+ Display,4.4,19999,33999,73136,4305
256,"Ai+ Nova 5G (Pink, 128 GB)",18% off,50MP Rear Camera | 5MP Front Camera,6 GB RAM | 128 GB ROM | Expandable Upto 1 TB,5000 mAh Battery,17.13 cm (6.745 inch) HD+ Display,4.2,8999,10999,25287,1590
257,"OnePlus 15R 5G (Electric Violet, 256 GB)",7% off,50MP Rear Camera,12 GB RAM | 256 GB ROM,7400 mAh Battery,17.35 cm (6.83 inch) Display,4.6,50999,54999,368,19
258,"MOTOROLA Edge 60 Fusion 5G (PANTONE Slipstream, 128 GB)",16% off,50MP + 13MP | 32MP Front Camera,8 GB RAM | 128 GB ROM | Expandable Upto 1 TB,5500 mAh Battery,16.94 cm (6.67 inch) Display,4.4,20999,24999,123143,6345
259,"vivo T4 Pro 5G (Nitro Blue, 256 GB)",14% off,50MP + 2MP + 50MP | 32MP Front Camera,8 GB RAM | 256 GB ROM,6500 mAh Battery,17.2 cm (6.77 inch) Display,4.5,29999,34999,15511,997
260,KARBONN K9,23% off,2MP + 0MP | 0MP Front Camera,32 MB RAM | 32 MB ROM | Expandable Upto 32 GB,1800 mAh Battery,6.1 cm (2.4 inch) FWVGA Display,4.2,1439,1890,220,10
261,"REDMI A4 (Starry Black, 64 GB)",7% off,50MP Rear Camera,4 GB RAM | 64 GB ROM,5160 mAh Battery,17.48 cm (6.88 inch) Display,4.3,10194,10999,14848,618
262,"realme Narzo 90x 5G (Flash Blue, 128 GB)",15% off,50MP Rear Camera,8 GB RAM | 128 GB ROM,7000 mAh Battery,17.27 cm (6.8 inch) Display,4.3,15298,17999,251,10
263,itel it5027 Slim Keypad Mobile | 2.4 inch Display| Type C Charging,32% off,0.3MP Rear Camera,4 MB RAM | 4 MB ROM,1200 mAh Battery,6.1 cm (2.4 inch) Display,4.1,1109,1649,1464,94
264,"Ai+ Pulse (Purple, 128 GB)",25% off,50MP Rear Camera | 5MP Front Camera,6 GB RAM | 128 GB ROM | Expandable Upto 1 TB,5000 mAh Battery,17.13 cm (6.745 inch) HD+ Display,4.1,7499,9999,6922,406
265,"Samsung Galaxy F36 5G (Red, 128 GB)",21% off,50MP + 8MP + 2MP | 13MP Front Camera,6 GB RAM | 128 GB ROM | Expandable Upto 2 TB,5000 mAh Battery,17.02 cm (6.7 inch) Full HD+ Display,4.3,17999,22999,9496,562
266,"realme P4x 5G (Lake Green, 128 GB)",8% off,50MP + 2MP | 8MP Front Camera,6 GB RAM | 128 GB ROM,7000 mAh Battery,17.07 cm (6.72 inch) Full HD+ Display,4.4,16499,17999,7161,549
267,"Coolpad CP12 Neo (Gold, 64 GB)",27% off,13MP Rear Camera | 5MP Front Camera,8 GB RAM | 64 GB ROM | Expandable Upto 512 GB,5000 mAh Battery,16.66 cm (6.56 inch) Display,,7299,9999,7161,549
268,"OnePlus Nord 5 5G (Marble Sands, 256 GB)",2% off,50MP + 50MP + 8MP | 50MP Front Camera,8 GB RAM | 256 GB ROM,6800 mAh Battery,17.35 cm (6.83 inch) Full HD+ AMOLED Display,4.5,33998,34999,2360,153
269,"Apple iPhone 17 Pro (Cosmic Orange, 256 GB)",No Offer,48MP + 48MP + 48MP | 18MP Front Camera,256 GB ROM,"A19 Chip, 6 Core Processor Processor",16.0 cm (6.3 inch) Super Retina XDR Display,4.7,134900,134900,838,59
270,"POCO C85 5G (Mystic Purple, 128 GB)",22% off,50MP Rear Camera | 8MP Front Camera,6 GB RAM | 128 GB ROM | Expandable Upto 1 TB,6000 mAh Lithium-Ion Polymer Battery,17.53 cm (6.9 inch) HD+ Display,4.3,11999,15499,250,12
271,"vivo T4 Pro 5G (Nitro Blue, 256 GB)",13% off,50MP + 2MP + 50MP | 32MP Front Camera,12 GB RAM | 256 GB ROM,6500 mAh Battery,17.2 cm (6.77 inch) Display,4.5,31999,36999,3988,277
272,"IQOO Z10 5G (Glacier Silver / Silver, 256 GB)",7% off,50MP Rear Camera,12 GB RAM | 256 GB ROM,7300 mAh Battery,17.02 cm (6.7 inch) Display,4.4,27769,29999,1192,67
273,"OPPO K13x 5G 6000mAh and 45W SUPERVOOC Charger & AI (Midnight Violet, 128 GB)",No Offer,50MP + 2MP | 8MP Front Camera,4 GB RAM | 128 GB ROM | Expandable Upto 2 TB,6000 mAh Battery,16.94 cm (6.67 inch) HD+ Display,4.4,15999,15999,22897,1726
274,MOTOROLA Moto A300,21% off,1.3MP + 0MP | 0MP Front Camera,4 MB RAM | 32 MB ROM | Expandable Upto 64 GB,1000 mAh Battery,5.08 cm (2 inch) HVGA Display,4.1,1329,1699,769,37
275,"POCO C71 (Desert Gold, 64 GB)",13% off,32MP Rear Camera | 8MP Front Camera,4 GB RAM | 64 GB ROM | Expandable Upto 2 TB,5200 mAh Battery,17.48 cm (6.88 inch) HD+ Display,3.9,7799,8999,57971,2557
276,"OPPO Reno15c 5G (Twilight Blue, 256 GB)",19% off,50MP + 8MP + 2MP | Yes,12 GB RAM | 256 GB ROM,7000 mAh Battery,16.69 cm (6.57 inch) Full HD+ Display,4.1,37999,46999,7,1
277,"OPPO Reno15c 5G (Twilight Blue, 256 GB)",18% off,50MP + 8MP + 2MP | Yes,8 GB RAM | 256 GB ROM,7000 mAh Battery,16.69 cm (6.57 inch) Full HD+ Display,4.4,34999,42999,39,0
278,"OnePlus 15R 5G (Charcoal Black, 512 GB)",12% off,50MP Rear Camera,12 GB RAM | 512 GB ROM,7400 mAh Battery,17.35 cm (6.83 inch) Display,4.6,52693,59999,368,19
279,"MOTOROLA Edge 60 Fusion 5G (PANTONE Slipstream, 256 GB)",11% off,50MP + 13MP | 32MP Front Camera,8 GB RAM | 256 GB ROM | Expandable Upto 1 TB,5500 mAh Battery,16.94 cm (6.67 inch) Display,4.4,22999,25999,123143,6345
280,"LAVA Storm Play 5G (Frosty Blue, 128 GB)",11% off,50MP Rear Camera,6 GB RAM | 128 GB ROM,5000 mAh Battery,17.02 cm (6.7 inch) Display,4.2,11999,13499,257,23
281,Samsung Guru Music 2 (SM-B310E),34% off,800 mAh Battery,4 MB RAM | 10 GB ROM,0,4.83 cm (1.9 inch) Display,,857,1299,7161,549
282,"Ai+ Pulse (Green, 128 GB)",25% off,50MP Rear Camera | 5MP Front Camera,6 GB RAM | 128 GB ROM | Expandable Upto 1 TB,5000 mAh Battery,17.13 cm (6.745 inch) HD+ Display,4.1,7499,9999,6922,406
283,"MOTOROLA G86 Power 5G (Pantone Golden Cypress, 128 GB)",10% off,50MP + 8MP | 32MP Front Camera,8 GB RAM | 128 GB ROM | Expandable Upto 1 TB,6720 mAh Battery,17.02 cm (6.7 inch) Super HD Display,4.3,17999,19999,29362,1881
284,"OnePlus Nord 5 5G (Dry Ice, 256 GB)",2% off,50MP Rear Camera,8 GB RAM | 256 GB ROM,6800 mAh Battery,17.35 cm (6.83 inch) Display,4.5,33999,34999,2360,153
285,"REDMI 15 5G (Midnight Black, 256 GB)",10% off,50MP Rear Camera,8 GB RAM | 256 GB ROM,7000 mAh Battery,17.53 cm (6.9 inch) Display,4.3,17885,19999,3067,154
286,"MOTOROLA Edge 60 Fusion 5G (PANTONE Amazonite, 128 GB)",16% off,50MP + 13MP | 32MP Front Camera,8 GB RAM | 128 GB ROM | Expandable Upto 1 TB,5500 mAh Battery,16.94 cm (6.67 inch) Display,4.4,20999,24999,123143,6345
287,"IQOO Z10R 5G (Moonstone, 256 GB)",6% off,50MP Rear Camera,12 GB RAM | 256 GB ROM,5700 mAh Battery,17.2 cm (6.77 inch) Display,4.3,25250,26999,504,34
288,"IQOO Z10 Lite 5G (Titanium Blue, 128 GB)",13% off,50MP Rear Camera,4 GB RAM | 128 GB ROM,6000 mAh Battery,17.12 cm (6.74 inch) Display,4.2,12137,13999,2387,94
289,"Apple iPhone 16 Plus (Teal, 256 GB)",No Offer,48MP + 12MP | 12MP Front Camera,256 GB ROM,"A18 Chip, 6 Core Processor Processor",17.02 cm (6.7 inch) Super Retina XDR Display,4.6,89900,89900,4342,229
290,"realme P4x 5G (Lake Green, 128 GB)",8% off,50MP + 2MP | 8MP Front Camera,6 GB RAM | 128 GB ROM,7000 mAh Battery,17.07 cm (6.72 inch) Full HD+ Display,4.4,16499,17999,7161,549
291,"Coolpad CP12 Neo (Gold, 64 GB)",27% off,13MP Rear Camera | 5MP Front Camera,8 GB RAM | 64 GB ROM | Expandable Upto 512 GB,5000 mAh Battery,16.66 cm (6.56 inch) Display,,7299,9999,7161,549
292,"MOTOROLA G96 5G (Pantone Ashleigh Blue, 256 GB)",17% off,50MP + 8MP | 32MP Front Camera,8 GB RAM | 256 GB ROM,5500 mAh Battery,16.94 cm (6.67 inch) Full HD+ Display,4.4,18999,22999,87695,4418
293,"Samsung Galaxy A55 5G (Awesome Navy, 128 GB)",35% off,50MP + 12MP + 5MP | 32MP Front Camera,8 GB RAM | 128 GB ROM | Expandable Upto 1 TB,5000 mAh Battery,16.76 cm (6.6 inch) Full HD+ Display,4.4,27553,42999,6918,419
294,"realme C71 (Obsidian Black, 64 GB)",5% off,13MP Rear Camera | 5MP Front Camera,4 GB RAM | 64 GB ROM | Expandable Upto 2 TB,6300 mAh Battery,17.14 cm (6.75 inch) HD+ Display,4.3,8471,8999,1031,35
295,Kechaoda A27,40% off,0MP | 0MP Front Camera,32 MB RAM | 32 MB ROM | Expandable Upto 16 GB,800 mAh Battery,1.68 cm (0.66 inch) QVGA Display,4,899,1499,16259,869
296,"REDMI 13 5G (Hawaiian Blue, 128 GB)",27% off,108MP Rear Camera,8 GB RAM | 128 GB ROM,5030 mAh Battery,17.25 cm (6.79 inch) Display,4.2,14488,19999,15051,790
297,"Apple iPhone 16 (Pink, 256 GB)",No Offer,48MP + 12MP | 12MP Front Camera,256 GB ROM,"A18 Chip, 6 Core Processor Processor",15.49 cm (6.1 inch) Super Retina XDR Display,4.6,79900,79900,208117,6671
298,"OnePlus Nord 5 5G (Dry Ice, 256 GB)",No Offer,50MP Rear Camera,12 GB RAM | 256 GB ROM,6800 mAh Battery,17.35 cm (6.83 inch) Display,4.5,37955,37999,1656,127
299,"Samsung M06 5G (Blazing Black, 128 GB)",24% off,50MP Rear Camera,4 GB RAM | 128 GB ROM,5000 mAh Battery,17.02 cm (6.7 inch) Display,4.1,10614,13999,1082,66
300,"Apple iPhone 16 Plus (Teal, 128 GB)",No Offer,48MP + 12MP | 12MP Front Camera,128 GB ROM,"A18 Chip, 6 Core Processor Processor",17.02 cm (6.7 inch) Super Retina XDR Display,4.6,79900,79900,4342,229
301,KARBONN Jumbo K9,33% off,1.3MP + 0MP | 2MP Front Camera,Expandable Upto 8 GB,1800 mAh Li-Ion Battery,6.1 cm (2.4 inch) FWVGA Display,4,1255,1890,16557,1504
302,Kechaoda K115,33% off,0.3MP + 0MP | 0MP Front Camera,32 MB RAM | 32 MB ROM | Expandable Upto 16 GB,850 mAh Battery,3.66 cm (1.44 inch) QVGA Display,4.1,999,1499,43589,2715
303,"Tecno Spark Go 1 (Magic Skin Green, 64 GB)",18% off,13MP Rear Camera | 8MP Front Camera,4 GB RAM | 64 GB ROM | Expandable Upto 1 TB,5000 mAh Battery,16.94 cm (6.67 inch) Display,4.3,7299,8999,6605,314
304,"Tecno Spark Go 1 (Startrail Black, 64 GB)",18% off,13MP Rear Camera | 8MP Front Camera,4 GB RAM | 64 GB ROM | Expandable Upto 1 TB,5000 mAh Battery,16.94 cm (6.67 inch) Display,4.3,7299,8999,6605,314
305,"REDMI 15 5G (Midnight Black, 128 GB)",9% off,50MP Rear Camera,6 GB RAM | 128 GB ROM,7000 mAh Battery,17.53 cm (6.9 inch) Display,4.3,15425,16999,1468,89
306,"MOTOROLA Edge 60 Pro (Pantone Shadow, 512 GB)",11% off,50MP + 50MP + 10MP | 50MP Front Camera,16 GB RAM | 512 GB ROM,6000 mAh Battery,17.02 cm (6.7 inch) Display,4.4,37999,42999,2611,193
307,"IQOO Z10R 5G (Aquamarine, 256 GB)",10% off,50MP Rear Camera,8 GB RAM | 256 GB ROM,5700 mAh Battery,17.2 cm (6.77 inch) Display,4.4,22490,24999,3776,217
308,"Google Pixel 9A (Iris, 256 GB)",20% off,48MP + 12MP | 12MP Front Camera,8 GB RAM | 256 GB ROM,5100 mAh Battery,15.96 cm (6.285 inch) Full HD+ Display,4.5,39999,49999,7149,476
309,"MOTOROLA Edge 60 Pro (Pantone Sparkling Grape, 256 GB)",18% off,50MP + 50MP + 10MP | 50MP Front Camera,8 GB RAM | 256 GB ROM,6000 mAh Battery,17.02 cm (6.7 inch) Display,4.3,29999,36999,46783,3440
310,"Ai+ Nova 5G (Black, 128 GB)",18% off,50MP Rear Camera | 5MP Front Camera,6 GB RAM | 128 GB ROM | Expandable Upto 1 TB,5000 mAh Battery,17.13 cm (6.745 inch) HD+ Display,4.2,8999,10999,25287,1590
311,"REDMI A4 (Starry Black, 128 GB)",11% off,50MP Rear Camera,4 GB RAM | 128 GB ROM,5160 mAh Battery,17.48 cm (6.88 inch) Display,4.3,10569,11999,14848,618
312,"realme C71 (Sea Blue, 64 GB)",No Offer,13MP Rear Camera | 5MP Front Camera,4 GB RAM | 64 GB ROM | Expandable Upto 2 TB,6300 mAh Battery,17.14 cm (6.75 inch) HD+ Display,4.3,8990,8999,1031,35
313,Kechaoda K115,33% off,0.3MP + 0.5MP | 0MP Front Camera,32 MB RAM | 32 MB ROM | Expandable Upto 32 GB,850 mAh Battery,3.66 cm (1.44 inch) QVGA Display,4.1,999,1499,43589,2715
314,MOTOROLA A10V DS Keypad Phone with Voice Feature|800 mAh Battery|Wireless FM Recording,39% off,800 mAh Battery,4 MB RAM | 0.03 GB ROM | Expandable Upto 64 GB,1 Year Handset Warranty and 6 Months Warranty on Accessories,4.57 cm (1.8 inch) Display,4,975,1599,10034,646
315,"OPPO Reno15c 5G (Afterglow Pink, 256 GB)",18% off,50MP + 8MP + 2MP | Yes,8 GB RAM | 256 GB ROM,7000 mAh Battery,16.69 cm (6.57 inch) Full HD+ Display,4.4,34999,42999,39,0
316,"realme P4x 5G (Lake Green, 128 GB)",8% off,50MP + 2MP | 8MP Front Camera,6 GB RAM | 128 GB ROM,7000 mAh Battery,17.07 cm (6.72 inch) Full HD+ Display,4.4,16499,17999,7161,549
317,"Coolpad CP12 Neo (Gold, 64 GB)",27% off,13MP Rear Camera | 5MP Front Camera,8 GB RAM | 64 GB ROM | Expandable Upto 512 GB,5000 mAh Battery,16.66 cm (6.56 inch) Display,,7299,9999,7161,549
318,leysky hotline A26 mini Magic Voice Phone,40% off,800 mAh Battery,16 MB RAM | 16 MB ROM | Expandable Upto 16 GB,Mediatek Processor,1.68 cm (0.66 inch) NA Display,3.7,777,1299,7,1
319,"Samsung Galaxy F55 5G (Apricot Crush, 256 GB)",28% off,50MP + 8MP + 2MP | 50MP Front Camera,8 GB RAM | 256 GB ROM | Expandable Upto 1 TB,5000 mAh Battery,17.02 cm (6.7 inch) Full HD+ Display,4,22999,31999,3225,258
320,"Samsung Galaxy A16 5G (Light Green, 128 GB)",20% off,50MP + 5MP + 2MP | 13MP Front Camera,6 GB RAM | 128 GB ROM,5000 mAh Battery,17.02 cm (6.7 inch) Full HD+ Display,4.2,15999,19999,4458,197
321,"IQOO Neo 10 (Titanium Chrome, 256 GB)",2% off,50MP + 50MP + 8MP | 32MP + 32MP Dual Front Camera,8 GB RAM | 256 GB ROM,7000 mAh Battery,17.22 cm (6.78 inch) Full HD+ E3 Super AMOLED Display,4.6,37883,38999,1389,100
322,"IQOO Neo 10 (Titanium Chrome, 256 GB)",No Offer,50MP + 50MP + 8MP | 32MP + 32MP Dual Front Camera,12 GB RAM | 256 GB ROM,7000 mAh Battery,17.22 cm (6.78 inch) Full HD+ E3 Super AMOLED Display,4.5,40980,40999,1004,77
323,Samsung Guru 1200,59% off,800 mAh Battery,4 MB RAM | 10 MB ROM,,3.86 cm (1.52 inch) Display,3,773,1899,12287,842
324,"hmd 105 Dual Sim Keypad Phone with Built-in UPI App, Wireless FM Radio",32% off,1000 mAh Battery,4 MB RAM | 4 MB ROM | Expandable Upto 32 GB,SC6531E Processor,5.08 cm (2 inch) Display,3.8,1009,1499,4520,327
325,"MOTOROLA Edge 60 Fusion 5G (PANTONE Mykonos Blue, 256 GB)",11% off,50MP + 13MP | 32MP Front Camera,8 GB RAM | 256 GB ROM | Expandable Upto 1 TB,5500 mAh Battery,16.94 cm (6.67 inch) Display,4.4,22999,25999,123143,6345
326,Kechaoda K115,33% off,0.3MP Rear Camera,32 MB RAM | 32 MB ROM,850 mAh Battery,3.66 cm (1.44 inch) QVGA Display,4.1,999,1499,43589,2715
327,leysky hotline A26 Mini Magic Voice Phone,38% off,800 mAh Battery,16 MB RAM | 16 MB ROM | Expandable Upto 16 GB,Mediatek Processor,1.68 cm (0.66 inch) NA Display,3.7,799,1299,7,1
328,Kechaoda K115,33% off,0.3MP + 0MP | 0MP Front Camera,32 MB RAM | 32 MB ROM | Expandable Upto 32 GB,850 mAh Battery,3.66 cm (1.44 inch) QVGA Display,4.1,999,1499,43589,2715
329,"IQOO Neo 10 (Inferno Red, 128 GB)",No Offer,50MP + 50MP + 8MP | 32MP + 32MP Dual Front Camera,8 GB RAM | 128 GB ROM,7000 mAh Battery,17.22 cm (6.78 inch) Full HD+ E3 Super AMOLED Display,4.6,36999,36999,1389,100
330,itel Ace 3 Shine,24% off,1000 mAh Battery,4 MB RAM | 4 MB ROM | Expandable Upto 32 GB,Unisoc Processor,4.57 cm (1.8 inch) QVGA Display,4.1,938,1249,1607,67
331,"Apple iPhone 17 Pro (Silver, 512 GB)",No Offer,48MP + 48MP + 48MP | 18MP Front Camera,512 GB ROM,"A19 Chip, 6 Core Processor Processor",16.0 cm (6.3 inch) Super Retina XDR Display,4.7,154900,154900,838,59
332,"realme 16 Pro+ 5G (Camellia Pink, 256 GB)",No Offer,200MP + 50MP + 8MP | 50MP Front Camera,8 GB RAM | 256 GB ROM,7000 mAh Battery,17.27 cm (6.8 inch) Full HD+ AMOLED Display,4.6,45999,45999,702,92
333,"realme 16 Pro+ 5G (Master Gold, 128 GB)",No Offer,200MP + 50MP + 8MP | 50MP Front Camera,8 GB RAM | 128 GB ROM,7000 mAh Battery,17.27 cm (6.8 inch) Full HD+ AMOLED Display,4.6,43999,43999,702,92
334,"realme 16 Pro+ 5G (Camellia Pink, 256 GB)",No Offer,200MP + 50MP + 8MP | 50MP Front Camera,12 GB RAM | 256 GB ROM,7000 mAh Battery,17.27 cm (6.8 inch) Full HD+ AMOLED Display,4.7,48999,48999,445,73
335,"Samsung Galaxy S24 5G Snapdragon (Amber Yellow, 256 GB)",40% off,50MP + 12MP | 12MP Front Camera,8 GB RAM | 256 GB ROM,4000 mAh Battery,15.75 cm (6.2 inch) Full HD+ Display,4.6,47999,79999,54305,3030
336,"Coolpad CP12 Neo (Blue, 64 GB)",27% off,13MP Rear Camera | 5MP Front Camera,8 GB RAM | 64 GB ROM | Expandable Upto 512 GB,5000 mAh Battery,16.66 cm (6.56 inch) Display,,7299,9999,7161,549
337,"OPPO K13 5G with 7000mAh and 80W SUPERVOOC Charger In-The-Box (Icy Purple, 128 GB)",No Offer,50MP + 2MP | 16MP Front Camera,8 GB RAM | 128 GB ROM,7000 mAh Battery,16.94 cm (6.67 inch) Display,4.5,22999,22999,79451,4669
338,"Nokia 110 Dual Sim with Built-in UPI App, MP3 Player, Rear Camera",24% off,0.08MP Rear Camera,32 MB RAM | 32 MB ROM,1000 mAh Battery,17.02 cm (6.7 inch) Display,3.6,1579,2099,3812,235
339,"POCO M7 Pro 5G (Lavender Frost, 256 GB)",26% off,50MP + 2MP | 20MP Front Camera,8 GB RAM | 256 GB ROM,5110 mAh Battery,16.94 cm (6.67 inch) Full HD+ Display,4.3,15499,20999,14276,1159
340,"POCO M7 Plus 5G (Carbon Black, 128 GB)",18% off,50MP Rear Camera,4 GB RAM | 128 GB ROM | Expandable Upto 2 TB,7000 mAh Battery,17.53 cm (6.9 inch) Display,4.1,12999,15999,1767,120
341,"REDMI 15 5G (Frosted White, 256 GB)",10% off,50MP Rear Camera,8 GB RAM | 256 GB ROM,7000 mAh Battery,17.53 cm (6.9 inch) Display,4.3,17988,19999,3067,154
342,"vivo X200T (Seaside Lilac, 256 GB)",25% off,50MP + 50MP + 50MP | 32MP Front Camera,12 GB RAM | 256 GB ROM,6200 mAh Battery,16.94 cm (6.67 inch) Full HD+ AMOLED Display,4.7,59999,79999,344,73
343,"vivo X200T (Seaside Lilac, 512 GB)",20% off,50MP + 50MP + 50MP | 32MP Front Camera,12 GB RAM | 512 GB ROM,6200 mAh Battery,16.94 cm (6.67 inch) Full HD+ AMOLED Display,4.7,69999,87999,344,73
344,"vivo X200T (Stellar Black, 256 GB)",25% off,50MP + 50MP + 50MP | 32MP Front Camera,12 GB RAM | 256 GB ROM,6200 mAh Battery,16.94 cm (6.67 inch) Full HD+ AMOLED Display,4.7,59999,79999,344,73
345,FONEME FM-2 F316,50% off,0.3MP Rear Camera,8 MB RAM | 16 MB ROM,1000 mAh Battery,4.57 cm (1.8 inch) Display,3.6,499,999,345,14
346,"Samsung M06 5G (Blazing Black, 128 GB)",20% off,50MP Rear Camera,6 GB RAM | 128 GB ROM,5000 mAh Battery,17.02 cm (6.7 inch) Display,4.1,12249,15499,831,61
347,Kechaoda A27,40% off,0MP | 0MP Front Camera,32 MB RAM | 32 MB ROM | Expandable Upto 16 GB,800 mAh Battery,1.68 cm (0.66 inch) FWVGA Display,4,899,1499,16259,869
348,Kechaoda A27,40% off,800 mAh Battery,32 MB RAM | 32 MB ROM | Expandable Upto 16 GB,3 Months Company Warranty,1.68 cm (0.66 inch) FWVGA+ Display,4,899,1499,16259,869
349,"REDMI 15 5G (Sandy Purple, 256 GB)",8% off,50MP Rear Camera,8 GB RAM | 256 GB ROM,7000 mAh Battery,17.53 cm (6.9 inch) Display,4.3,18325,19999,3067,154
350,"realme P4x 5G (Matte Silver, 128 GB)",8% off,50MP + 2MP | 8MP Front Camera,6 GB RAM | 128 GB ROM,7000 mAh Battery,17.07 cm (6.72 inch) Full HD+ Display,4.4,16499,17999,7161,549
351,"realme P4x 5G (Matte Silver, 128 GB)",5% off,50MP + 2MP | 8MP Front Camera,8 GB RAM | 128 GB ROM,7000 mAh Battery,17.07 cm (6.72 inch) Full HD+ Display,4.3,17999,18999,2359,201
352,"POCO C71 (Power Black, 128 GB)",12% off,32MP Rear Camera | 8MP Front Camera,6 GB RAM | 128 GB ROM | Expandable Upto 2 TB,5200 mAh Battery,17.48 cm (6.88 inch) HD+ Display,4.1,8799,9999,33722,1570
353,"IQOO Z10 5G (Stellar Black, 256 GB)",7% off,50MP Rear Camera,8 GB RAM | 256 GB ROM,7300 mAh Battery,17.2 cm (6.77 inch) Display,4.4,25800,27999,5331,258
354,Kechaoda K33,54% off,0.3MP + 0MP | 0MP Front Camera,32 MB RAM | 32 GB ROM | Expandable Upto 32 MB,800 mAh Battery,3.66 cm (1.44 inch) NA Display,4,998,2200,11171,622
355,"IQOO Neo 10 (Inferno Red, 256 GB)",3% off,50MP + 50MP + 8MP | 32MP + 32MP Dual Front Camera,8 GB RAM | 256 GB ROM,7000 mAh Battery,17.22 cm (6.78 inch) Full HD+ E3 Super AMOLED Display,4.6,37640,38999,1389,100
356,HOTLINE Amaze H310,50% off,1.3MP + 0.3MP,32 MB RAM | 32 MB ROM | Expandable Upto 32 GB,1000 mAh Battery,4.57 cm (1.8 inch) NA Display,3.4,491,999,874,47
357,"OPPO K13 5G with 7000mAh and 80W SUPERVOOC Charger In-The-Box (Prism Black, 128 GB)",No Offer,50MP + 2MP | 16MP Front Camera,8 GB RAM | 128 GB ROM,7000 mAh Battery,16.94 cm (6.67 inch) Display,4.5,22999,22999,79451,4669
358,"OPPO K13 5G with 7000mAh and 80W SUPERVOOC Charger In-The-Box (Icy Purple, 256 GB)",No Offer,50MP + 2MP | 16MP Front Camera,8 GB RAM | 256 GB ROM,7000 mAh Battery,16.94 cm (6.67 inch) Display,4.5,24999,24999,79451,4669
359,"Samsung Galaxy M17 5G (Sapphire Black, 128 GB)",15% off,50MP Rear Camera,4 GB RAM | 128 GB ROM,5000 mAh Battery,17.02 cm (6.7 inch) Display,4.4,13945,16499,238,13
360,"realme P4x 5G (Lake Green, 128 GB)",8% off,50MP + 2MP | 8MP Front Camera,6 GB RAM | 128 GB ROM,7000 mAh Battery,17.07 cm (6.72 inch) Full HD+ Display,4.4,16499,17999,7161,549
361,"Coolpad CP12 Neo (Gold, 64 GB)",27% off,13MP Rear Camera | 5MP Front Camera,8 GB RAM | 64 GB ROM | Expandable Upto 512 GB,5000 mAh Battery,16.66 cm (6.56 inch) Display,,7299,9999,7161,549
362,"OPPO K13 5G with 7000mAh and 80W SUPERVOOC Charger In-The-Box (Icy Purple, 256 GB)",No Offer,50MP + 2MP | 16MP Front Camera,8 GB RAM | 256 GB ROM,7000 mAh Battery,16.94 cm (6.67 inch) Display,4.5,24999,24999,79451,4669
363,"Nokia 105 Classic Single Sim Keypad Phone, Charger in-Box",15% off,0MP Front Camera,32 MB RAM | 32 MB ROM,800 mAh Battery,4.5 cm (1.77 inch) Display,3.6,1179,1399,7348,418
364,Kechaoda K33,54% off,0.3MP + 0MP | 0MP Front Camera,32 MB RAM | 32 GB ROM | Expandable Upto 32 MB,800 mAh Battery,3.66 cm (1.44 inch) NA Display,4,998,2200,11171,622
365,Kechaoda A27,40% off,0.5MP | 0MP Front Camera,32 MB RAM | 32 MB ROM | Expandable Upto 16 GB,800 mAh Battery,1.68 cm (0.66 inch) NA Display,4,899,1499,16259,869
366,"POCO M7 Pro 5G (Lavender Frost, 128 GB)",28% off,50MP + 2MP | 20MP Front Camera,6 GB RAM | 128 GB ROM,5110 mAh Battery,16.94 cm (6.67 inch) Full HD+ Display,4.3,13499,18999,37585,2682
367,"Samsung M06 5G (Blazing Black, 128 GB)",20% off,50MP Rear Camera,6 GB RAM | 128 GB ROM,5000 mAh Battery,17.02 cm (6.7 inch) Display,4.1,12249,15499,831,61
368,"KARBONN Jumbo K9 Keypad Mobile Phone 2.4inch LCD2 MP Camera,1800mAh Battery,FM Vibratore",31% off,2MP + 0MP,45 MB RAM | 32 MB ROM | Expandable Upto 32 GB,1800 mAh Battery,6.1 cm (2.4 inch) WQXGA+ Display,4,1293,1890,388,16
369,"OPPO A59 5G (Starry Black, 128 GB)",23% off,13MP + 2MP | 8MP Front Camera,4 GB RAM | 128 GB ROM | Expandable Upto 1 TB,5000 mAh Battery,16.66 cm (6.56 inch) HD+ Display,4.3,13800,17999,1280,61
370,Kechaoda A27,40% off,800 mAh Battery,32 MB RAM | 32 MB ROM | Expandable Upto 16 GB,3 Months Company Warranty,1.68 cm (0.66 inch) FWVGA+ Display,4,899,1499,16259,869
371,"vivo X200T (Stellar Black, 512 GB)",20% off,50MP + 50MP + 50MP | 32MP Front Camera,12 GB RAM | 512 GB ROM,6200 mAh Battery,16.94 cm (6.67 inch) Full HD+ AMOLED Display,4.7,69999,87999,344,73
372,"Tecno Spark Go 5G (Ink Black, 128 GB)",8% off,50MP Rear Camera | 5MP Front Camera,4 GB RAM | 128 GB ROM | Expandable Upto 1 TB,6000 mAh Battery,17.12 cm (6.74 inch) Display,4.3,10999,11999,1618,138
373,Jmax DELUXE 6,40% off,0.3MP Rear Camera,32 MB RAM | 32 MB ROM,1000 mAh Battery,4.57 cm (1.8 inch) Display,4,599,999,700,57
374,Samsung SM-B310 EZBAPKS,52% off,0MP | 0MP Front Camera,100 MB RAM | 100 MB ROM | Expandable Upto 100 MB,800 mAh Battery,4.57 cm (1.8 inch) VGA Display,3.1,898,1899,1176,71
375,"MOTOROLA Signature (PANTONE Martini Olive, 1 TB)",17% off,50MP + 50MP + 50MP | 50MP Front Camera,16 GB RAM | 1 TB ROM,5200 mAh Battery,17.27 cm (6.8 inch) Super HD Display,4.5,69999,84999,114,21
376,"realme 16 Pro 5G (Orchid Purple, 256 GB)",No Offer,200MP + 8MP | 50MP Front Camera,12 GB RAM | 256 GB ROM,7000 mAh Battery,17.22 cm (6.78 inch) Full HD+ Display,4.5,39999,39999,383,43
377,"Samsung Galaxy A16 5G (Gold, 128 GB)",19% off,50MP + 5MP + 2MP | 13MP Front Camera,6 GB RAM | 128 GB ROM,5000 mAh Battery,17.02 cm (6.7 inch) Full HD+ Display,4.2,16099,19999,4458,197
378,"realme P4x 5G (Lake Green, 256 GB)",4% off,50MP + 2MP | 8MP Front Camera,8 GB RAM | 256 GB ROM,7000 mAh Battery,17.07 cm (6.72 inch) Full HD+ Display,4.3,19999,20999,2359,201
379,"realme 16 Pro+ 5G (Master Gold, 256 GB)",No Offer,200MP + 50MP + 8MP | 50MP Front Camera,12 GB RAM | 256 GB ROM,7000 mAh Battery,17.27 cm (6.8 inch) Full HD+ AMOLED Display,4.7,48999,48999,445,73
380,"realme 16 Pro+ 5G (Master Grey, 256 GB)",No Offer,200MP + 50MP + 8MP | 50MP Front Camera,12 GB RAM | 256 GB ROM,7000 mAh Battery,17.27 cm (6.8 inch) Full HD+ AMOLED Display,4.7,48999,48999,445,73
381,"Samsung Galaxy A55 5G (Awesome Navy, 256 GB)",34% off,50MP + 12MP + 5MP | 32MP Front Camera,8 GB RAM | 256 GB ROM | Expandable Upto 1 TB,5000 mAh Battery,16.76 cm (6.6 inch) Full HD+ Display,4.4,29968,45999,6918,419
382,MOTOROLA Moto A100,30% off,0MP | 0MP Front Camera,36 MB RAM | 36 MB ROM | Expandable Upto 0 MB,800 mAh Battery,3.66 cm (1.44 inch) HQVGA Display,4.2,1049,1499,38,3
383,"vivo T4 Ultra 5G (Phoenix Gold, 256 GB)",12% off,50MP + 8MP + 50MP Periscope | 32MP Front Camera,8 GB RAM | 256 GB ROM,5500 mAh Battery,16.94 cm (6.67 inch) Full HD+ AMOLED Display,4.5,35999,40999,5528,505
384,Kechaoda K9,20% off,0.3MP Rear Camera,32 MB RAM | 64 MB ROM | Expandable Upto 16 GB,1700 mAh Battery,6.1 cm (2.4 inch) QVGA Display,4.1,1198,1499,3746,305
385,"BlackZone GT 17 PRO MAXX (Orange, 128 GB)",28% off,32MP Rear Camera,8 GB RAM | 128 GB ROM,5000 mAh Battery,16.76 cm (6.6 inch) Display,,9999,13999,7161,549
386,"Coolpad CP12 Neo (Gold, 64 GB)",27% off,13MP Rear Camera | 5MP Front Camera,8 GB RAM | 64 GB ROM | Expandable Upto 512 GB,5000 mAh Battery,16.66 cm (6.56 inch) Display,,7299,9999,7161,549
387,"REDMI 14C 5G (Starlight Blue, 128 GB)",20% off,50MP Rear Camera | 8MP Front Camera,6 GB RAM | 128 GB ROM | Expandable Upto 1 TB,5160 mAh Battery,17.48 cm (6.88 inch) HD+ Display,4.3,11999,14999,10036,488
388,"IQOO Z10 5G (Stellar Black / Black, 256 GB)",12% off,50MP Rear Camera,8 GB RAM | 256 GB ROM,7300 mAh Battery,17.2 cm (6.77 inch) Display,4.4,24508,27999,5331,258
389,"Samsung Galaxy A16 5G (Light Green, 128 GB)",21% off,50MP + 5MP + 2MP | 13MP Front Camera,6 GB RAM | 128 GB ROM,5000 mAh Battery,17.02 cm (6.7 inch) Full HD+ Display,4.2,15774,19999,4458,197
390,"realme 16 Pro 5G (Master Gold, 256 GB)",No Offer,200MP + 8MP | 50MP Front Camera,12 GB RAM | 256 GB ROM,7000 mAh Battery,17.22 cm (6.78 inch) Full HD+ Display,4.5,39999,39999,383,43
391,"MOTOROLA Signature (PANTONE Carbon, 256 GB)",20% off,50MP + 50MP + 50MP | 50MP Front Camera,12 GB RAM | 256 GB ROM,5200 mAh Battery,17.27 cm (6.8 inch) Super HD Display,4.4,59999,74999,117,22
392,"realme C71 (Obsidian Black, 128 GB)",11% off,13MP Rear Camera | 5MP Front Camera,6 GB RAM | 128 GB ROM | Expandable Upto 2 TB,6300 mAh Battery,17.14 cm (6.75 inch) HD+ Display,4.2,9699,10999,9030,336
393,"realme C71 (Sea Blue, 128 GB)",11% off,13MP Rear Camera | 5MP Front Camera,6 GB RAM | 128 GB ROM | Expandable Upto 2 TB,6300 mAh Battery,17.14 cm (6.75 inch) HD+ Display,4.2,9699,10999,9030,336
394,"MOTOROLA Edge 60 Pro (Pantone Sparkling Grape, 512 GB)",11% off,50MP + 50MP + 10MP | 50MP Front Camera,16 GB RAM | 512 GB ROM,6000 mAh Battery,17.02 cm (6.7 inch) Display,4.4,37999,42999,2611,193
395,Samsung Guru 1200,44% off,800 mAh Battery,4 MB RAM | 10 MB ROM,No Brand Warranty,3.86 cm (1.52 inch) Display,3,717,1299,12287,842
396,Kechaoda K9,16% off,0.3MP Rear Camera,32 MB RAM | 64 MB ROM | Expandable Upto 16 GB,1700 mAh Battery,6.1 cm (2.4 inch) QVGA Display,4.1,1249,1499,3746,305
397,"IQOO Z10 5G (Stellar Black, 256 GB)",7% off,50MP Rear Camera,8 GB RAM | 256 GB ROM,7300 mAh Battery,17.2 cm (6.77 inch) Display,4.4,25800,27999,5331,258
398,"Tecno Pova 7 Pro 5G (Neon Cyan, 256 GB)",21% off,64MP + 8MP | 13MP Front Camera,8 GB RAM | 256 GB ROM,6000 mAh Battery,17.22 cm (6.78 inch) Full HD+ AMOLED Display,4.4,18749,23999,3994,420
399,"REDMI 14C 5G (Stardust Purple, 128 GB)",25% off,50MP Rear Camera | 8MP Front Camera,4 GB RAM | 128 GB ROM | Expandable Upto 1 TB,5160 mAh Battery,17.48 cm (6.88 inch) HD+ Display,4.2,10499,13999,9171,453
400,"Tecno Pova 7 Pro 5G (Dynamic Grey, 128 GB)",19% off,64MP + 8MP | 13MP Front Camera,8 GB RAM | 128 GB ROM,6000 mAh Battery,17.22 cm (6.78 inch) Full HD+ AMOLED Display,4.4,17749,21999,3994,420
401,"Tecno Spark Go 5G (Turquoise Green, 128 GB)",8% off,50MP Rear Camera | 5MP Front Camera,4 GB RAM | 128 GB ROM | Expandable Upto 1 TB,6000 mAh Battery,17.12 cm (6.74 inch) Display,4.3,10999,11999,1618,138
402,"POCO M7 5G (Ocean Blue, 128 GB)",15% off,50MP Rear Camera | 8MP Front Camera,8 GB RAM | 128 GB ROM | Expandable Upto 1 TB,5160 mAh Battery,17.48 cm (6.88 inch) HD+ Display,4.3,11799,13999,16767,794
403,itel Ace2 Power,No Offer,2500 mAh Battery,32 MB RAM | 32 MB ROM | Expandable Upto 32 GB,"12+1 Months Domestic Warranty for device
6 months for accessories",4.57 cm (1.8 inch) Display,4.1,1399,1399,889,45
404,"OnePlus Nord 5 5G (Phantom Grey, 256 GB)",No Offer,50MP Rear Camera,12 GB RAM | 256 GB ROM,6800 mAh Battery,17.35 cm (6.83 inch) Display,4.5,37980,37999,1656,127
405,"Infinix GT 30 5G+ Cyber Blue 128 (Cyber Blue, 128 GB)",22% off,64MP + 8MP | 13MP Front Camera,8 GB RAM | 128 GB ROM,5500 mAh Battery,17.22 cm (6.78 inch) Display,4.5,19499,24999,308,16
406,FONEME FM-2 F316,50% off,0.3MP Rear Camera,8 MB RAM | 16 MB ROM,1000 mAh Battery,4.57 cm (1.8 inch) Display,3.6,499,999,345,14
407,"IQOO Z10 5G (Stellar Black / Black, 128 GB)",16% off,50MP Rear Camera,8 GB RAM | 128 GB ROM,7300 mAh Battery,17.02 cm (6.7 inch) Display,4.4,21600,25999,5331,258
408,"IQOO Z10 5G (Stellar Black / Black, 128 GB)",16% off,50MP Rear Camera,8 GB RAM | 128 GB ROM,7300 mAh Battery,17.02 cm (6.7 inch) Display,4.4,21600,25999,5331,258
409,"vivo Y19e (Titanium Silver, 64 GB)",16% off,13MP + 0.08MP | 5MP Front Camera,4 GB RAM | 64 GB ROM | Expandable Upto 2 TB,5500 mAh Battery,17.12 cm (6.74 inch) Display,4.3,9999,11999,3674,112
410,"Coolpad CP12 Neo (Blue, 64 GB)",27% off,13MP Rear Camera | 5MP Front Camera,8 GB RAM | 64 GB ROM | Expandable Upto 512 GB,5000 mAh Battery,16.66 cm (6.56 inch) Display,,7299,9999,7161,549
411,"REDMI 15 5G (Sandy Purple, 128 GB)",9% off,50MP Rear Camera,8 GB RAM | 128 GB ROM,7000 mAh Battery,17.53 cm (6.9 inch) Display,4.3,16299,17999,3067,154
412,"OnePlus Nord 5 5G (Phantom Grey, 256 GB)",No Offer,50MP Rear Camera,12 GB RAM | 256 GB ROM,6800 mAh Battery,17.35 cm (6.83 inch) Display,4.5,37980,37999,1656,127
413,"POCO M7 Plus 5G (Aqua Blue, 128 GB)",18% off,50MP Rear Camera,4 GB RAM | 128 GB ROM | Expandable Upto 2 TB,7000 mAh Battery,17.53 cm (6.9 inch) Display,4.1,12999,15999,1767,120
414,"MOTOROLA g05 (Forest Green, 64 GB)",27% off,50MP Rear Camera | 8MP Front Camera,4 GB RAM | 64 GB ROM | Expandable Upto 1 TB,5100 mAh Battery,16.94 cm (6.67 inch) HD+ Display,4.2,7299,9999,79805,4779
415,"realme P4 5G (Steel Grey, 128 GB)",No Offer,50MP + 8MP | 16MP Front Camera,8 GB RAM | 128 GB ROM,7000 mAh Battery,17.2 cm (6.77 inch) Display,4.4,21999,21999,14874,1000
416,"Samsung Galaxy S24 FE 5G (Graphite, 128 GB)",33% off,50MP + 12MP + 8MP | 10MP Front Camera,8 GB RAM | 128 GB ROM,4700 mAh Battery,17.02 cm (6.7 inch) Full HD+ Display,4.5,39999,59999,76669,4928
417,"Nokia 130 Music Dual Sim with Music Player, Dedicated Music Buttons",14% off,0MP Front Camera,4 MB RAM | 4 MB ROM,1450 mAh Battery,6.1 cm (2.4 inch) Display,3.9,1889,2199,23784,1331
418,"Samsung Galaxy F16 5G (Vibing Blue, 128 GB)",20% off,50MP + 5MP + 2MP | 13MP Front Camera,6 GB RAM | 128 GB ROM,5000 mAh Battery,16.91 cm (6.657 inch) Full HD+ Display,4.2,13999,17499,10357,599
419,"Samsung Galaxy S24 FE 5G (Graphite, 256 GB)",30% off,50MP + 12MP + 8MP | 10MP Front Camera,8 GB RAM | 256 GB ROM,4700 mAh Battery,17.02 cm (6.7 inch) Full HD+ Display,4.5,45999,65999,76669,4928
420,"Acer Super ZX 5G (Carbon Black,, 128 GB)",49% off,64MP Rear Camera,6 GB RAM | 128 GB ROM,5000 mAh Battery,17.02 cm (6.7 inch) Display,3.9,10196,19999,72,9
421,"realme 16 Pro 5G (Pebble Grey, 256 GB)",No Offer,200MP + 8MP | 50MP Front Camera,12 GB RAM | 256 GB ROM,7000 mAh Battery,17.22 cm (6.78 inch) Full HD+ Display,4.5,39999,39999,383,43
422,"OPPO K13 5G with 7000mAh and 80W SUPERVOOC Charger In-The-Box (Prism Black, 256 GB)",No Offer,50MP + 2MP | 16MP Front Camera,8 GB RAM | 256 GB ROM,7000 mAh Battery,16.94 cm (6.67 inch) Display,4.5,24999,24999,79451,4669
423,"Samsung Galaxy S24 5G Snapdragon (Cobalt Violet, 128 GB)",42% off,50MP + 12MP | 12MP Front Camera,8 GB RAM | 128 GB ROM,4000 mAh Battery,15.75 cm (6.2 inch) Full HD+ Display,4.6,42999,74999,54305,3030
424,"realme 16 Pro 5G (Orchid Purple, 256 GB)",No Offer,200MP + 8MP | 50MP Front Camera,8 GB RAM | 256 GB ROM,7000 mAh Battery,17.22 cm (6.78 inch) Full HD+ Display,4.5,36999,36999,1022,113
425,"Apple iPhone 15 (Black, 256 GB)",7% off,48MP + 12MP | 12MP Front Camera,256 GB ROM,"A16 Bionic Chip, 6 Core Processor Processor",15.49 cm (6.1 inch) Super Retina XDR Display,4.6,64900,69900,272171,9517
426,"Apple iPhone 16 Plus (Black, 256 GB)",No Offer,48MP + 12MP | 12MP Front Camera,256 GB ROM,"A18 Chip, 6 Core Processor Processor",17.02 cm (6.7 inch) Super Retina XDR Display,4.6,89900,89900,4342,229
427,MOTOROLA Moto A300,21% off,1.3MP + 0MP | 0MP Front Camera,4 MB RAM | 32 MB ROM | Expandable Upto 64 GB,1000 mAh Battery,5.08 cm (2 inch) NA Display,4.1,1329,1699,769,37
428,"realme P4 5G (Forge Red, 128 GB)",4% off,50MP + 8MP | 16MP Front Camera,6 GB RAM | 128 GB ROM,7000 mAh Battery,17.2 cm (6.77 inch) Display,4.4,19999,20999,20163,1273
429,"Ai+ Pulse (Sparkle Red, 128 GB)",25% off,50MP Rear Camera | 5MP Front Camera,6 GB RAM | 128 GB ROM | Expandable Upto 1 TB,5000 mAh Battery,17.13 cm (6.745 inch) HD+ Display,4.1,7499,9999,6922,406
430,"realme 15T 5G (Flowing Silver, 128 GB)",No Offer,50MP + 2MP | 50MP Front Camera,8 GB RAM | 128 GB ROM,7000 mAh Battery,16.69 cm (6.57 inch) Full HD Display,4.3,22999,22999,6256,404
431,"Samsung Galaxy F36 5G (Black, 128 GB)",21% off,50MP + 8MP + 2MP | 13MP Front Camera,6 GB RAM | 128 GB ROM | Expandable Upto 2 TB,5000 mAh Battery,17.02 cm (6.7 inch) Full HD+ Display,4.3,17999,22999,9496,562
432,"Tecno Spark Go 2 (Turquoise Green, 64 GB)",16% off,13MP Rear Camera,4 GB RAM | 64 GB ROM | Expandable Upto 1 TB,5000 mAh Lithium Polymer Battery,16.94 cm (6.67 inch) Display,4.3,7499,8999,2501,150
433,"Tecno Pova 7 Pro 5G (Neon Cyan, 128 GB)",19% off,64MP + 8MP | 13MP Front Camera,8 GB RAM | 128 GB ROM,6000 mAh Battery,17.22 cm (6.78 inch) Full HD+ AMOLED Display,4.4,17749,21999,3994,420
434,"realme 14 Pro+ 5G (Pearl White, 512 GB)",5% off,50MP + 50MP + 8MP | 32MP Front Camera,12 GB RAM | 512 GB ROM,6000 mAh Battery,17.35 cm (6.83 inch) Display,4.4,37999,39999,8965,963
435,"Tecno Spark Go 2 (Ink Black, 64 GB)",16% off,13MP Rear Camera,4 GB RAM | 64 GB ROM | Expandable Upto 1 TB,5000 mAh Lithium Polymer Battery,16.94 cm (6.67 inch) Display,4.3,7499,8999,2501,150
436,"Coolpad CP12 Neo (Blue, 64 GB)",27% off,13MP Rear Camera | 5MP Front Camera,8 GB RAM | 64 GB ROM | Expandable Upto 512 GB,5000 mAh Battery,16.66 cm (6.56 inch) Display,,7299,9999,7161,549
437,"Tecno Spark Go 2 (Titanium Grey, 64 GB)",16% off,13MP Rear Camera,4 GB RAM | 64 GB ROM | Expandable Upto 1 TB,5000 mAh Lithium Polymer Battery,16.94 cm (6.67 inch) Display,4.3,7499,8999,2501,150
438,"Tecno Pova 7 Pro 5G (Geek Black, 128 GB)",19% off,64MP + 8MP | 13MP Front Camera,8 GB RAM | 128 GB ROM,6000 mAh Battery,17.22 cm (6.78 inch) Full HD+ AMOLED Display,4.4,17749,21999,3994,420
439,"Mobilezone Rock X Flip Dual Sim Keypad Mobile with 1.8""Display Flip/Fold Call & SMS",58% off,0.3MP Rear Camera,32 MB RAM | 32 MB ROM,1800 mAh Battery,4.57 cm (1.8 inch) Display,4,1384,3299,6,0
440,"POCO F7 5G (Frost White, 256 GB)",5% off,50MP Rear Camera | 20MP Front Camera,12 GB RAM | 256 GB ROM,7550 mAh Li-Polymer + Silicon Carbon Battery,17.35 cm (6.83 inch) Display,4.4,33999,35999,21347,2042
441,"realme 16 Pro 5G (Master Gold, 128 GB)",No Offer,200MP + 8MP | 50MP Front Camera,8 GB RAM | 128 GB ROM,7000 mAh Battery,17.22 cm (6.78 inch) Full HD+ Display,4.5,34999,34999,1022,113
442,"I Kall Z10 Smartphone - 6.53 inch HD Display with 5000mAh Battery, 20MP Rear Camera (Orange, 64 GB)",17% off,20MP Rear Camera | 8MP Front Camera,4 GB RAM | 64 GB ROM | Expandable Upto 128 GB,4000 mAh Battery,16.59 cm (6.53 inch) Display,3,6599,7999,117,5
443,leysky hotline A26 mini Magic Voice Phone,40% off,800 mAh Battery,16 MB RAM | 16 MB ROM | Expandable Upto 16 GB,Mediatek Processor,1.68 cm (0.66 inch) NA Display,3.7,777,1299,7,1
444,"IQOO Neo 10R 5G (Raging Blue, 128 GB)",13% off,50MP Rear Camera,8 GB RAM | 128 GB ROM,6400 mAh Battery,17.22 cm (6.78 inch) Display,4.5,27695,31999,6011,382
445,"realme 14 Pro+ 5G (Pearl White, 256 GB)",7% off,50MP + 50MP + 8MP | 32MP Front Camera,12 GB RAM | 256 GB ROM,6000 mAh Battery,17.35 cm (6.83 inch) Display,4.4,34999,37999,8965,963
446,"Samsung Galaxy M06 5G (Sage Green, 64 GB)",23% off,50MP Rear Camera,4 GB RAM | 64 GB ROM,5000 mAh Battery,17.02 cm (6.7 inch) Display,4,9590,12499,294,16
447,"IQOO Z10 5G (Glacier Silver, 128 GB)",16% off,50MP Rear Camera,8 GB RAM | 128 GB ROM,7300 mAh Battery,17.02 cm (6.7 inch) Display,4.4,21598,25999,5331,258
448,LAVA A2 Smart,22% off,1.3MP + 0MP | 0MP Front Camera,4 MB RAM | 24 MB ROM | Expandable Upto 32 GB,1200 mAh Battery,6.1 cm (2.4 inch) HVGA Display,4,1198,1549,570,34
449,LAVA A2 Smart,22% off,1.3MP + 0MP | 0MP Front Camera,4 MB RAM | 24 MB ROM | Expandable Upto 32 GB,1200 mAh Battery,6.1 cm (2.4 inch) HVGA Display,4,1198,1549,570,34
450,"realme 16 Pro+ 5G (Master Gold, 256 GB)",No Offer,200MP + 50MP + 8MP | 50MP Front Camera,8 GB RAM | 256 GB ROM,7000 mAh Battery,17.27 cm (6.8 inch) Full HD+ AMOLED Display,4.6,45999,45999,702,92
451,"realme 16 Pro+ 5G (Master Grey, 256 GB)",No Offer,200MP + 50MP + 8MP | 50MP Front Camera,8 GB RAM | 256 GB ROM,7000 mAh Battery,17.27 cm (6.8 inch) Full HD+ AMOLED Display,4.6,45999,45999,702,92
452,Kechaoda K115,33% off,0.3MP + 0MP | 0MP Front Camera,32 MB RAM | 32 MB ROM | Expandable Upto 32 GB,850 mAh Battery,3.66 cm (1.44 inch) QVGA Display,4.1,999,1499,43589,2715
453,leysky hotline A26 Mini Magic Voice Phone,38% off,800 mAh Battery,16 MB RAM | 16 MB ROM | Expandable Upto 16 GB,Mediatek Processor,1.68 cm (0.66 inch) NA Display,3.7,799,1299,7,1
454,"Tecno Pova 7 Pro 5G (Dynamic Grey, 256 GB)",21% off,64MP + 8MP | 13MP Front Camera,8 GB RAM | 256 GB ROM,6000 mAh Battery,17.22 cm (6.78 inch) Full HD+ AMOLED Display,4.4,18749,23999,3994,420
455,"Samsung Galaxy M06 5G (Blazing Black, 64 GB)",24% off,50MP Rear Camera,4 GB RAM | 64 GB ROM,5000 mAh Battery,17.02 cm (6.7 inch) Display,4,9479,12499,294,16
456,"realme P4x 5G (Lake Green, 128 GB)",8% off,50MP + 2MP | 8MP Front Camera,6 GB RAM | 128 GB ROM,7000 mAh Battery,17.07 cm (6.72 inch) Full HD+ Display,4.4,16499,17999,7161,549
457,"Coolpad CP12 Neo (Gold, 64 GB)",27% off,13MP Rear Camera | 5MP Front Camera,8 GB RAM | 64 GB ROM | Expandable Upto 512 GB,5000 mAh Battery,16.66 cm (6.56 inch) Display,,7299,9999,7161,549
458,"hmd 105 Dual Sim Keypad Phone with Built-in UPI App, Wireless FM Radio",32% off,1000 mAh Battery,4 MB RAM | 4 MB ROM | Expandable Upto 32 GB,SC6531E Processor,5.08 cm (2 inch) Display,3.8,1009,1499,4520,327
459,"realme 16 Pro+ 5G (Master Grey, 256 GB)",No Offer,200MP + 50MP + 8MP | 50MP Front Camera,8 GB RAM | 256 GB ROM,7000 mAh Battery,17.27 cm (6.8 inch) Full HD+ AMOLED Display,4.6,45999,45999,702,92
460,"realme 16 Pro+ 5G (Master Gold, 256 GB)",No Offer,200MP + 50MP + 8MP | 50MP Front Camera,8 GB RAM | 256 GB ROM,7000 mAh Battery,17.27 cm (6.8 inch) Full HD+ AMOLED Display,4.6,45999,45999,702,92
461,"Samsung Galaxy S24 FE 5G (Blue, 256 GB)",30% off,50MP + 12MP + 8MP | 10MP Front Camera,8 GB RAM | 256 GB ROM,4700 mAh Battery,17.02 cm (6.7 inch) Full HD+ Display,4.5,45999,65999,76669,4928
462,"Samsung Galaxy S24 FE 5G (Mint, 256 GB)",30% off,50MP + 12MP + 8MP | 10MP Front Camera,8 GB RAM | 256 GB ROM,4700 mAh Battery,17.02 cm (6.7 inch) Full HD+ Display,4.5,45999,65999,76669,4928
463,"Samsung Galaxy S24 FE 5G (Mint, 128 GB)",33% off,50MP + 12MP + 8MP | 10MP Front Camera,8 GB RAM | 128 GB ROM,4700 mAh Battery,17.02 cm (6.7 inch) Full HD+ Display,4.5,39999,59999,76669,4928
464,"Samsung Galaxy S24 FE 5G (Blue, 128 GB)",33% off,50MP + 12MP + 8MP | 10MP Front Camera,8 GB RAM | 128 GB ROM,4700 mAh Battery,17.02 cm (6.7 inch) Full HD+ Display,4.5,39999,59999,76669,4928
465,"realme Gt 7 (Icesense Black, 256 GB)",23% off,50MP + 50MP + 50MP + 8MP | 32MP + 32MP Dual Front Camera,8 GB RAM | 256 GB ROM,7000 mAh Battery,17.22 cm (6.78 inch) Full HD+ AMOLED Display,4.5,34999,45999,375,41
466,"REDMI 15 5G (Midnight Black, 128 GB)",28% off,50MP Rear Camera,8 GB RAM | 128 GB ROM,7000 mAh Battery,17.53 cm (6.9 inch) Display,4.3,16398,22999,3067,154
467,"MOTOROLA Edge 60 Pro (Pantone Walnut, 256 GB)",18% off,50MP + 50MP + 10MP | 50MP Front Camera,8 GB RAM | 256 GB ROM,6000 mAh Battery,17.02 cm (6.7 inch) Display,4.3,29999,36999,46783,3440
468,"I Kall I6 Multimedia Mobile Phone - 2.4"" Display, 2500mAh Battery, Triple-Sim",47% off,0.3MP Rear Camera,32 MB RAM | 32 MB ROM | Expandable Upto 8 GB,2500 mAh Battery,6.1 cm (2.4 inch) Display,3.8,899,1699,25,0
469,"REDMI 13 5G (Hawaiian Blue, 128 GB)",16% off,108MP Rear Camera,6 GB RAM | 128 GB ROM,5030 mAh Battery,17.25 cm (6.79 inch) Full HD+ Display,4.3,14999,17999,49006,2413
470,"REDMI 13c 5G (Startrail Green, 128 GB)",18% off,50MP Rear Camera,6 GB RAM | 128 GB ROM,5000 mAh Battery,17.12 cm (6.74 inch) Display,4.3,12990,15999,43121,1759
471,"MOTOROLA Edge 60 Fusion 5G (PANTONE Zephyr, 256 GB)",10% off,50MP + 13MP | 32MP Front Camera,12 GB RAM | 256 GB ROM | Expandable Upto 1 TB,5500 mAh Battery,16.94 cm (6.67 inch) Display,4.4,24999,27999,48591,2510
472,"IQOO Z10 5G (Glacier Silver, 128 GB)",16% off,50MP Rear Camera,8 GB RAM | 128 GB ROM,7300 mAh Battery,17.02 cm (6.7 inch) Display,4.4,21598,25999,5331,258
473,"LAVA Storm Play 5G (Dune Titanium, 128 GB)",11% off,50MP Rear Camera,6 GB RAM | 128 GB ROM,5000 mAh Battery,17.02 cm (6.7 inch) Display,4.2,11999,13499,257,23
474,"OnePlus 13s 5G (Green Silk, 256 GB)",13% off,50MP Rear Camera,12 GB RAM | 256 GB ROM,5850 mAh Battery,16.05 cm (6.32 inch) Display,4.6,50099,57999,1396,105
475,LAVA A2 Smart,22% off,1.3MP + 0MP | 0MP Front Camera,4 MB RAM | 24 MB ROM | Expandable Upto 32 GB,1200 mAh Battery,6.1 cm (2.4 inch) HVGA Display,4,1198,1549,570,34
476,LAVA A2 Smart,22% off,1.3MP + 0MP | 0MP Front Camera,4 MB RAM | 24 MB ROM | Expandable Upto 32 GB,1200 mAh Battery,6.1 cm (2.4 inch) HVGA Display,4,1198,1549,570,34
477,"MOTOROLA Signature (PANTONE Carbon, 1 TB)",17% off,50MP + 50MP + 50MP | 50MP Front Camera,16 GB RAM | 1 TB ROM,5200 mAh Battery,17.27 cm (6.8 inch) Super HD Display,4.5,69999,84999,114,21
478,"IQOO Neo 10R 5G (MoonKnight Titanium, 256 GB)",8% off,50MP Rear Camera,12 GB RAM | 256 GB ROM,6400 mAh Battery,17.22 cm (6.78 inch) Display,4.5,32785,35999,3044,196
479,"realme Gt 7 (Icesense Blue, 512 GB)",22% off,50MP + 50MP + 50MP + 8MP | 32MP + 32MP Dual Front Camera,12 GB RAM | 512 GB ROM,7000 mAh Battery,17.22 cm (6.78 inch) Full HD+ AMOLED Display,4.4,40999,52999,372,29
480,"realme P4x 5G (Lake Green, 128 GB)",8% off,50MP + 2MP | 8MP Front Camera,6 GB RAM | 128 GB ROM,7000 mAh Battery,17.07 cm (6.72 inch) Full HD+ Display,4.4,16499,17999,7161,549
481,"Coolpad CP12 Neo (Gold, 64 GB)",27% off,13MP Rear Camera | 5MP Front Camera,8 GB RAM | 64 GB ROM | Expandable Upto 512 GB,5000 mAh Battery,16.66 cm (6.56 inch) Display,,7299,9999,7161,549
482,"Samsung Galaxy M17 5G (Moonlight Silver, 128 GB)",13% off,50MP Rear Camera,8 GB RAM | 128 GB ROM,5000 mAh Battery,17.02 cm (6.7 inch) Display,4.4,16815,19499,52,4
483,"realme P4 5G (Forge Red, 128 GB)",No Offer,50MP + 8MP | 16MP Front Camera,8 GB RAM | 128 GB ROM,7000 mAh Battery,17.2 cm (6.77 inch) Display,4.4,21999,21999,14874,1000
484,"OnePlus 13s 5G (Green Silk, 512 GB)",8% off,50MP Rear Camera,12 GB RAM | 512 GB ROM,5850 mAh Battery,16.05 cm (6.32 inch) Display,4.6,57784,62999,1396,105
485,"realme 14 Pro+ 5G (Emerald Drift, 256 GB)",30% off,50MP + 50MP + 8MP | 32MP Front Camera,8 GB RAM | 256 GB ROM,6000 mAh Battery,17.35 cm (6.83 inch) Display,4.4,24999,35999,19366,2199
486,"realme Narzo 90 5G (Victory Gold, 128 GB)",11% off,50MP Rear Camera,6 GB RAM | 128 GB ROM,7000 mAh Battery,16.69 cm (6.57 inch) Display,4.5,16899,18999,73,5
487,"Infinix Note 50x 5G+ 45W Charger In the Box & AI (Sea Breeze Green, 128 GB)",11% off,50MP + AI Lens | 8MP Front Camera,8 GB RAM | 128 GB ROM,5500 mAh Battery,16.94 cm (6.67 inch) HD+ Display,4.3,14999,16999,4940,407
488,"Tecno Pova Slim 5G (Cool Black, 128 GB)",16% off,50MP + 2MP | 13MP Front Camera,8 GB RAM | 128 GB ROM,5160 mAh Battery,17.22 cm (6.78 inch) Display,4.3,20999,24999,917,70
489,"vivo Y31 5G (Diamond Green, 128 GB)",13% off,50MP + 0.08MP | 8MP Front Camera,6 GB RAM | 128 GB ROM,6500 mAh Battery,16.97 cm (6.68 inch) Full HD+ Display,4.4,18499,21499,522,21
490,Kechaoda K115,33% off,0.3MP + 0MP | 0MP Front Camera,32 MB RAM | 32 MB ROM | Expandable Upto 32 GB,850 mAh Battery,3.66 cm (1.44 inch) QVGA Display,4.1,999,1499,43589,2715
491,"Nokia 2660 Flip 4G Dual SIM keypad Phone, Dual Screen, inbuilt MP3 Player",17% off,0.3MP Rear Camera,0.046875 GB RAM | 0.125 GB ROM,1450 mAh Lithium Ion Battery,7.11 cm (2.8 inch) QVGA Display,4.2,4864,5899,1871,113
492,"POCO C61 (Ethereal Blue, 64 GB)",16% off,8MP Rear Camera | 5MP Front Camera,4 GB RAM | 64 GB ROM | Expandable Upto 1 TB,5000 mAh Battery,17.04 cm (6.71 inch) HD+ Display,4.1,7499,8999,116059,4719
493,"IQOO Neo 10R 5G (MoonKnight Titanium, 256 GB)",8% off,50MP Rear Camera,8 GB RAM | 256 GB ROM,6400 mAh Battery,17.22 cm (6.78 inch) Display,4.5,30999,33999,6011,382
494,"KARBONN K190 Dual SIM,Keypad Phone 1.8''LCD,1000mAh Battery,Camera,ExpandableUpto32GB",24% off,1MP + 0MP | 0.03MP Front Camera,40 MB RAM | 35 MB ROM | Expandable Upto 16 GB,1000 mAh Battery,4.57 cm (1.8 inch) FWVGA Display,4.8,976,1290,11,2
495,"REDMI 14C 5G (Stargaze Black, 128 GB)",11% off,50MP Rear Camera | 8MP Front Camera,6 GB RAM | 128 GB ROM | Expandable Upto 1 TB,5160 mAh Battery,17.48 cm (6.88 inch) HD+ Display,4.3,12399,13999,10036,488
496,"REDMI 14C 5G (Starlight Blue, 128 GB)",17% off,50MP Rear Camera | 8MP Front Camera,6 GB RAM | 128 GB ROM | Expandable Upto 1 TB,5160 mAh Battery,17.48 cm (6.88 inch) HD+ Display,4.3,12349,14999,10036,488
497,"REDMI 15 5G (Sandy Purple, 128 GB)",9% off,50MP Rear Camera,6 GB RAM | 128 GB ROM,7000 mAh Battery,17.53 cm (6.9 inch) Display,4.3,15374,16999,1468,89
498,"Samsung Galaxy F36 5G (Violet, 128 GB)",21% off,50MP + 8MP + 2MP | 13MP Front Camera,6 GB RAM | 128 GB ROM | Expandable Upto 2 TB,5000 mAh Battery,17.02 cm (6.7 inch) Full HD+ Display,4.3,17999,22999,9496,562
499,"realme Gt 7 (Icesense Black, 256 GB)",24% off,50MP + 50MP + 50MP + 8MP | 32MP + 32MP Dual Front Camera,12 GB RAM | 256 GB ROM,7000 mAh Battery,17.22 cm (6.78 inch) Full HD+ AMOLED Display,4.4,36999,48999,372,29
500,"REDMI 14C 5G (Stargaze Black, 128 GB)",15% off,50MP Rear Camera | 8MP Front Camera,4 GB RAM | 128 GB ROM | Expandable Upto 1 TB,5160 mAh Battery,17.48 cm (6.88 inch) HD+ Display,4.2,11799,13999,9171,453
501,"realme Narzo 90 5G (Carbon Black, 128 GB)",11% off,50MP Rear Camera,6 GB RAM | 128 GB ROM,7000 mAh Battery,16.69 cm (6.57 inch) Display,4.5,16899,18999,73,5
502,LAVA A2 Smart,22% off,1.3MP + 0MP | 0MP Front Camera,4 MB RAM | 24 MB ROM | Expandable Upto 32 GB,1200 mAh Battery,6.1 cm (2.4 inch) HVGA Display,4,1198,1549,570,34
503,"I Kall Z10 Plus Smartphone- 6.53inch HD Display with 5000mAh Battery, 20MP Rear Camera (Orange, 64 GB)",16% off,20MP Rear Camera | 8MP Front Camera,4 GB RAM | 64 GB ROM | Expandable Upto 64 GB,5000 mAh Battery,16.59 cm (6.53 inch) Display,,6699,7999,7161,549
504,"Tecno Spark 30C 5G (Azure Sky, 64 GB)",16% off,48MP Rear Camera | 8MP Front Camera,4 GB RAM | 64 GB ROM | Expandable Upto 1 TB,5000 mAh Battery,16.94 cm (6.67 inch) Display,4.1,9999,11999,1314,56
505,"Apple iPhone 14 (Starlight, 128 GB)",No Offer,12MP + 12MP | 12MP Front Camera,128 GB ROM,"A15 Bionic Chip, 6 Core Processor Processor",15.49 cm (6.1 inch) Super Retina XDR Display,4.6,54900,54900,321738,11943
506,"realme P4x 5G (Lake Green, 128 GB)",8% off,50MP + 2MP | 8MP Front Camera,6 GB RAM | 128 GB ROM,7000 mAh Battery,17.07 cm (6.72 inch) Full HD+ Display,4.4,16499,17999,7161,549
507,"Coolpad CP12 Neo (Gold, 64 GB)",27% off,13MP Rear Camera | 5MP Front Camera,8 GB RAM | 64 GB ROM | Expandable Upto 512 GB,5000 mAh Battery,16.66 cm (6.56 inch) Display,,7299,9999,7161,549
508,Kechaoda K33,54% off,0.3MP + 0MP | 0MP Front Camera,32 MB RAM | 32 GB ROM | Expandable Upto 32 MB,800 mAh Battery,3.66 cm (1.44 inch) NA Display,4,998,2200,11171,622
509,"MOTOROLA Edge 70 (PANTONE Gadget Gray, 256 GB)",5% off,50MP + 50MP | 50MP Front Camera,8 GB RAM | 256 GB ROM,5000 mAh Battery,17.02 cm (6.7 inch) Display,4.4,32999,34999,1829,172
510,"Acer Super ZX 5G (Carbon Black,, 128 GB)",49% off,64MP Rear Camera,6 GB RAM | 128 GB ROM,5000 mAh Battery,17.02 cm (6.7 inch) Display,3.9,10196,19999,72,9
511,"OnePlus 13s 5G (Pink Satin, 256 GB)",12% off,50MP Rear Camera,12 GB RAM | 256 GB ROM,5850 mAh Battery,16.05 cm (6.32 inch) Display,4.6,50499,57999,1396,105
512,MOTOROLA Moto A200,25% off,0MP | 0MP Front Camera,56 MB RAM | 36 MB ROM | Expandable Upto 64 GB,800 mAh Battery,4.5 cm (1.77 inch) HVGA Display,4,1149,1549,827,76
513,"POCO X7 Pro 5G (Nebula Green, 256 GB)",29% off,50MP + 8MP | 20MP Front Camera,12 GB RAM | 256 GB ROM,6550 mAh Battery,16.94 cm (6.67 inch) Display,4.4,23999,33999,8612,823
514,"Tecno Spark 30C 5G (Midnight Shadow, 128 GB)",19% off,48MP Rear Camera | 8MP Front Camera,4 GB RAM | 128 GB ROM | Expandable Upto 1 TB,5000 mAh Battery,16.94 cm (6.67 inch) Display,4.1,10499,12999,1314,56
515,"hmd 105 Dual Sim Keypad Phone with Built-in UPI App, Wireless FM Radio",32% off,1000 mAh Battery,4 MB RAM | 4 MB ROM | Expandable Upto 32 GB,SC6531E Processor,5.08 cm (2 inch) Display,3.8,1009,1499,4520,327
516,"OnePlus 13R 5g (Astral Trail, 256 GB)",11% off,50MP Rear Camera,12 GB RAM | 256 GB ROM,6000 mAh Battery,17.22 cm (6.78 inch) Display,4.5,39999,44999,5182,318
517,"Infinix Note 50x 5G+ 45W Charger In the Box & AI (Titanium Grey, 128 GB)",10% off,50MP + AI Lens | 8MP Front Camera,6 GB RAM | 128 GB ROM,5500 mAh Battery,16.94 cm (6.67 inch) HD+ Display,4.3,13499,14999,16632,1460
518,"Infinix Note 50x 5G+ 45W Charger In the Box & AI (Enchanted Purple, 128 GB)",11% off,50MP + AI Lens | 8MP Front Camera,8 GB RAM | 128 GB ROM,5500 mAh Battery,16.94 cm (6.67 inch) HD+ Display,4.3,14999,16999,4940,407
519,"Infinix Note 50x 5G+ 45W Charger In the Box & AI (Sea Breeze Green, 128 GB)",10% off,50MP + AI Lens | 8MP Front Camera,6 GB RAM | 128 GB ROM,5500 mAh Battery,16.94 cm (6.67 inch) HD+ Display,4.3,13499,14999,16632,1460
520,"Infinix Note 50x 5G+ 45W Charger In the Box & AI (Enchanted Purple, 128 GB)",10% off,50MP + AI Lens | 8MP Front Camera,6 GB RAM | 128 GB ROM,5500 mAh Battery,16.94 cm (6.67 inch) HD+ Display,4.3,13499,14999,16632,1460
521,MOTOROLA Moto A300,21% off,1.3MP + 0MP | 0MP Front Camera,4 MB RAM | 32 MB ROM | Expandable Upto 64 GB,1000 mAh Battery,5.08 cm (2 inch) NA Display,4.1,1329,1699,769,37
522,"MOTOROLA Edge 60 Pro (Pantone Sparkling Grape, 256 GB)",17% off,50MP + 50MP + 10MP | 50MP Front Camera,12 GB RAM | 256 GB ROM,6000 mAh Battery,17.02 cm (6.7 inch) Display,4.3,33999,40999,14159,1139
523,"vivo Y31 5G (Rose Red, 128 GB)",13% off,50MP + 0.08MP | 8MP Front Camera,6 GB RAM | 128 GB ROM,6500 mAh Battery,16.97 cm (6.68 inch) Full HD+ Display,4.4,18499,21499,522,21
524,"realme P4 5G (Engine Blue, 128 GB)",No Offer,50MP + 8MP | 16MP Front Camera,8 GB RAM | 128 GB ROM,7000 mAh Battery,17.2 cm (6.77 inch) Display,4.4,21999,21999,14874,1000
525,"realme P4 5G (Steel Grey, 256 GB)",No Offer,50MP + 8MP | 16MP Front Camera,8 GB RAM | 256 GB ROM,7000 mAh Battery,17.2 cm (6.77 inch) Display,4.4,23999,23999,14874,1000
526,"Tecno Spark 30C 5G (Aurora Cloud, 64 GB)",16% off,48MP Rear Camera | 8MP Front Camera,4 GB RAM | 64 GB ROM | Expandable Upto 1 TB,5000 mAh Battery,16.94 cm (6.67 inch) Display,4.1,9999,11999,1314,56
527,itel Super Guru 4G | King Media | Youtube | UPI,No Offer,0.3MP Rear Camera,64 MB RAM | 128 MB ROM | Expandable Upto 32 GB,1000 mAh Battery,5.08 cm (2 inch) Display,3.7,2099,2099,945,58
528,"REDMI 13 5G (Hawaiian Blue, 128 GB)",16% off,108MP Rear Camera,6 GB RAM | 128 GB ROM,5030 mAh Battery,17.25 cm (6.79 inch) Full HD+ Display,4.3,14999,17999,49006,2413
529,"Ai+ Nova 5G (Green, 128 GB)",23% off,50MP Rear Camera | 5MP Front Camera,8 GB RAM | 128 GB ROM | Expandable Upto 1 TB,5000 mAh Battery,17.13 cm (6.745 inch) HD+ Display,3.9,9999,12999,4641,393
530,"Coolpad CP12 Neo (Blue, 64 GB)",27% off,13MP Rear Camera | 5MP Front Camera,8 GB RAM | 64 GB ROM | Expandable Upto 512 GB,5000 mAh Battery,16.66 cm (6.56 inch) Display,,7299,9999,7161,549
531,"OPPO K13 Turbo 5G (Midnight Maverick, 128 GB)",17% off,50MP + 2MP | 16MP Front Camera,8 GB RAM | 128 GB ROM,7000 mAh Battery,17.27 cm (6.8 inch) Full HD+ Display,4.5,27999,33999,8486,518
532,"Tecno Spark 30C 5G (Azure Sky, 128 GB)",13% off,48MP Rear Camera | 8MP Front Camera,8 GB RAM | 128 GB ROM | Expandable Upto 1 TB,5000 mAh Battery,16.94 cm (6.67 inch) Display,4.2,12999,14999,161,12
533,LAVA A7 Torch+,21% off,0.3MP + 0MP | 0MP Front Camera,4 MB RAM | 32 MB ROM | Expandable Upto 32 GB,2575 mAh Battery,6.1 cm (2.4 inch) Quarter QVGA Display,4,1499,1899,1651,119
534,Kechaoda K115,33% off,0.3MP + 0MP | 0MP Front Camera,32 MB RAM | 32 MB ROM | Expandable Upto 32 GB,850 mAh Battery,3.66 cm (1.44 inch) QVGA Display,4.1,999,1499,43589,2715
535,"Nokia 2660 Flip 4G Dual SIM keypad Phone, Dual Screen, inbuilt MP3 Player",17% off,0.3MP Rear Camera,0.046875 GB RAM | 0.125 GB ROM,1450 mAh Lithium Ion Battery,7.11 cm (2.8 inch) QVGA Display,4.2,4864,5899,1871,113
536,"realme 16 Pro 5G (Pebble Grey, 256 GB)",No Offer,200MP + 8MP | 50MP Front Camera,8 GB RAM | 256 GB ROM,7000 mAh Battery,17.22 cm (6.78 inch) Full HD+ Display,4.5,36999,36999,1022,113
537,"realme 16 Pro 5G (Master Gold, 256 GB)",No Offer,200MP + 8MP | 50MP Front Camera,8 GB RAM | 256 GB ROM,7000 mAh Battery,17.22 cm (6.78 inch) Full HD+ Display,4.5,36999,36999,1022,113
538,"Infinix GT 30 Pro 5G+ (Dark Flare, 256 GB)",18% off,108MP + 8MP | 13MP Front Camera,8 GB RAM | 256 GB ROM,5500 mAh Battery,17.22 cm (6.78 inch) Display,4.4,25999,31999,2300,163
539,"IQOO Neo 10R 5G (Raging Blue, 256 GB)",11% off,50MP Rear Camera,12 GB RAM | 256 GB ROM,6400 mAh Battery,17.22 cm (6.78 inch) Display,4.5,31899,35999,3044,196
540,"vivo Y31 5G (Rose Red, 128 GB)",13% off,50MP + 0.08MP | 8MP Front Camera,6 GB RAM | 128 GB ROM,6500 mAh Battery,16.97 cm (6.68 inch) Full HD+ Display,4.4,18499,21499,522,21
541,G'Five U101,53% off,0.3MP + 0.3MP,32 MB RAM | 32 MB ROM,1000 mAh Battery,4.57 cm (1.8 inch) NA Display,3.5,460,999,77,7
542,"realme 15T 5G (Suit Titanium, 128 GB)",No Offer,50MP + 2MP | 50MP Front Camera,8 GB RAM | 128 GB ROM,7000 mAh Battery,16.69 cm (6.57 inch) Full HD Display,4.3,22999,22999,6256,404
543,"realme 15T 5G (Silk Blue, 128 GB)",No Offer,50MP + 2MP | 50MP Front Camera,8 GB RAM | 128 GB ROM,7000 mAh Battery,16.69 cm (6.57 inch) Full HD Display,4.3,22999,22999,6256,404
544,MOTOROLA Moto A200,25% off,0MP | 0MP Front Camera,56 MB RAM | 36 MB ROM | Expandable Upto 64 GB,800 mAh Battery,4.5 cm (1.77 inch) HVGA Display,4,1149,1549,827,76
545,"OnePlus 13R 5G (Nebula Noir, 256 GB)",11% off,50MP Rear Camera,12 GB RAM | 256 GB ROM,6000 mAh Battery,17.22 cm (6.78 inch) Display,4.5,39759,44999,5182,318
546,"LAVA Bold N1 Pro (Stealth Black, 128 GB)",No Offer,50MP Rear Camera,4 GB RAM | 128 GB ROM,5000 mAh Battery,16.76 cm (6.6 inch) Display,4,8350,8399,370,22
547,"realme 14 Pro+ 5G (Pearl White, 128 GB)",26% off,50MP + 50MP + 8MP | 32MP Front Camera,8 GB RAM | 128 GB ROM,6000 mAh Battery,17.35 cm (6.83 inch) Display,4.4,24999,33999,19366,2199
548,"REDMI 14C 5G (Starlight Blue, 128 GB)",18% off,50MP Rear Camera | 8MP Front Camera,4 GB RAM | 128 GB ROM | Expandable Upto 1 TB,5160 mAh Battery,17.48 cm (6.88 inch) HD+ Display,4.2,11399,13999,9171,453
549,"hmd 105 Dual Sim Keypad Phone with Built-in UPI App, Wireless FM Radio",32% off,1000 mAh Battery,4 MB RAM | 4 MB ROM | Expandable Upto 32 GB,SC6531E Processor,5.08 cm (2 inch) Display,3.8,1009,1499,4520,327
550,itel Ace 3 Shine,31% off,1000 mAh Battery,4 MB RAM | 4 MB ROM,1 year manufacturer Warranty,4.57 cm (1.8 inch) Display,4.1,859,1249,1607,67
551,"Tecno Spark Go 1 (Magic Skin Green, 64 GB)",19% off,13MP Rear Camera | 8MP Front Camera,3 GB RAM | 64 GB ROM | Expandable Upto 1 TB,5000 mAh Battery,16.94 cm (6.67 inch) Display,4.3,6899,8599,1914,87
552,"Ai+ Pulse (Blue, 128 GB)",25% off,50MP Rear Camera | 5MP Front Camera,6 GB RAM | 128 GB ROM | Expandable Upto 1 TB,5000 mAh Battery,17.13 cm (6.745 inch) HD+ Display,4.1,7499,9999,6922,406
553,"Samsung M06 5G (Sage Green, 128 GB)",19% off,50MP Rear Camera,6 GB RAM | 128 GB ROM,5000 mAh Battery,17.02 cm (6.7 inch) Display,4.1,12490,15499,831,61
554,"Samsung Galaxy S25 Plus 5G (Silver Shadow, 256 GB)",25% off,50MP + 10MP + 12MP | 12MP Front Camera,12 GB RAM | 256 GB ROM,4900 mAh Battery,17.02 cm (6.7 inch) Quad HD+ Display,4.7,74999,99999,353,44
555,"vivo Y19e (Majestic Green, 64 GB)",16% off,13MP + 0.08MP | 5MP Front Camera,4 GB RAM | 64 GB ROM | Expandable Upto 2 TB,5500 mAh Battery,17.12 cm (6.74 inch) Display,4.3,9999,11999,3674,112
556,"Coolpad CP12 Neo (Blue, 64 GB)",27% off,13MP Rear Camera | 5MP Front Camera,8 GB RAM | 64 GB ROM | Expandable Upto 512 GB,5000 mAh Battery,16.66 cm (6.56 inch) Display,,7299,9999,7161,549
557,Jmax Prime,51% off,1.3MP Rear Camera,32 MB RAM | 32 MB ROM,2250 mAh Battery,6.1 cm (2.4 inch) NA Display,4,730,1499,4,0
558,"realme P4x 5G (Matte Silver, 256 GB)",4% off,50MP + 2MP | 8MP Front Camera,8 GB RAM | 256 GB ROM,7000 mAh Battery,17.07 cm (6.72 inch) Full HD+ Display,4.3,19999,20999,2359,201
559,"Tecno Spark 30C 5G (Midnight Shadow, 64 GB)",16% off,48MP Rear Camera | 8MP Front Camera,4 GB RAM | 64 GB ROM | Expandable Upto 1 TB,5000 mAh Battery,16.94 cm (6.67 inch) Display,4.1,9999,11999,1314,56
560,itel Super Guru 4G | King Media | Youtube | UPI,No Offer,0.3MP Rear Camera,64 MB RAM | 128 MB ROM | Expandable Upto 32 GB,1000 mAh Battery,5.08 cm (2 inch) Display,3.7,2099,2099,945,58
561,Kechaoda K115,33% off,0.3MP + 0MP | 0MP Front Camera,32 MB RAM | 32 MB ROM | Expandable Upto 32 GB,850 mAh Battery,3.66 cm (1.44 inch) QVGA Display,4.1,999,1499,43589,2715
562,"realme Narzo 90 5G (Victory Gold, 128 GB)",6% off,50MP Rear Camera,8 GB RAM | 128 GB ROM,7000 mAh Battery,16.69 cm (6.57 inch) Display,4.2,18600,19999,24,1
563,"realme Narzo 90 5G (Carbon Black, 128 GB)",6% off,50MP Rear Camera,8 GB RAM | 128 GB ROM,7000 mAh Battery,16.69 cm (6.57 inch) Display,4.2,18598,19990,24,1
564,"realme P3 Lite 5G (Onyx Black, 128 GB)",7% off,32MP Rear Camera | 8MP Front Camera,6 GB RAM | 128 GB ROM | Expandable Upto 2 TB,6000 mAh Battery,16.94 cm (6.67 inch) Display,4.4,12999,13999,12378,503
565,"OnePlus 13s 5G (Black Velvet, 256 GB)",13% off,50MP Rear Camera,12 GB RAM | 256 GB ROM,5850 mAh Battery,16.05 cm (6.32 inch) Display,4.6,49957,57999,1396,105
566,"Ai+ Nova 5G (Purple, 128 GB)",23% off,50MP Rear Camera | 5MP Front Camera,8 GB RAM | 128 GB ROM | Expandable Upto 1 TB,5000 mAh Battery,17.13 cm (6.745 inch) HD+ Display,3.9,9999,12999,4641,393
567,Jmax Prime,48% off,1.3MP Rear Camera,32 MB RAM | 32 MB ROM,2250 mAh Battery,6.1 cm (2.4 inch) NA Display,4,777,1499,4,0
568,"Ai+ Nova 5G (Blue, 128 GB)",23% off,50MP Rear Camera | 5MP Front Camera,8 GB RAM | 128 GB ROM | Expandable Upto 1 TB,5000 mAh Battery,17.13 cm (6.745 inch) HD+ Display,3.9,9999,12999,4641,393
569,"POCO X7 Pro 5G (Yellow, 256 GB)",31% off,50MP + 8MP | 20MP Front Camera,8 GB RAM | 256 GB ROM,6550 mAh Battery,16.94 cm (6.67 inch) Display,4.3,21999,31999,17629,1805
570,"Tecno Spark 30C 5G (Azure Sky, 128 GB)",19% off,48MP Rear Camera | 8MP Front Camera,4 GB RAM | 128 GB ROM | Expandable Upto 1 TB,5000 mAh Battery,16.94 cm (6.67 inch) Display,4.1,10499,12999,1314,56
571,"Tecno Spark 30C 5G (Midnight Shadow, 128 GB)",13% off,48MP Rear Camera | 8MP Front Camera,8 GB RAM | 128 GB ROM | Expandable Upto 1 TB,5000 mAh Battery,16.94 cm (6.67 inch) Display,4.2,12999,14999,161,12
572,"realme Narzo 80 Pro 5G (Racing Green, 256 GB)",24% off,50MP Rear Camera,8 GB RAM | 256 GB ROM,6000 mAh Battery,17.2 cm (6.77 inch) Display,4.5,19698,25999,909,46
573,"POCO C61  - Locked with Airtel Prepaid (Ethereal Blue, 64 GB)",16% off,8MP Rear Camera | 5MP Front Camera,4 GB RAM | 64 GB ROM | Expandable Upto 1 TB,5000 mAh Battery,17.04 cm (6.71 inch) HD+ Display,4.1,7499,8999,116059,4719
574,"realme 14x 5G (Golden Glow, 128 GB)",11% off,50MP Rear Camera | 8MP Front Camera,6 GB RAM | 128 GB ROM | Expandable Upto 2 TB,6000 mAh Battery,16.94 cm (6.67 inch) HD+ Display,4.3,14986,16999,14056,678
575,"OnePlus 13s 5G (Black Velvet, 512 GB)",9% off,50MP Rear Camera,12 GB RAM | 512 GB ROM,5850 mAh Battery,16.05 cm (6.32 inch) Display,4.6,56999,62999,1396,105
576,"Coolpad CP12 Neo (Blue, 64 GB)",27% off,13MP Rear Camera | 5MP Front Camera,8 GB RAM | 64 GB ROM | Expandable Upto 512 GB,5000 mAh Battery,16.66 cm (6.56 inch) Display,,7299,9999,7161,549
577,"REDMI Note 15 5G (Glacier Blue, 128 GB)",14% off,108MP Rear Camera,8 GB RAM | 128 GB ROM,5520 mAh Battery,17.2 cm (6.77 inch) Display,4.6,23186,26999,60,4
578,"Motorola Edge 50 Pro 5G with 68W Charger (Black Beauty, 256 GB)",24% off,50MP + 13MP + 10MP | 50MP Front Camera,8 GB RAM | 256 GB ROM,4500 mAh Battery,17.02 cm (6.7 inch) Display,4.4,27999,36999,34659,2988
579,"REDMI 15C 5G (Moonlight Blue, 128 GB)",10% off,50MP Rear Camera,8 GB RAM | 128 GB ROM,6000 mAh Battery,17.53 cm (6.9 inch) Display,4.3,15276,16999,38,4
580,"OPPO A6 Pro 5G (Aurora Gold, 128 GB)",14% off,50MP + 2MP | Yes,8 GB RAM | 128 GB ROM,7000 mAh Battery,17.14 cm (6.75 inches) HD+ Display,4.1,22999,26999,32,1
581,"OPPO A6 Pro 5G (Aurora Gold, 256 GB)",13% off,50MP + 2MP | Yes,8 GB RAM | 256 GB ROM,7000 mAh Battery,17.14 cm (6.75 inches) HD+ Display,4.1,24999,28999,32,1
582,"Samsung Galaxy A07 LTE (Black, 64 GB)",16% off,50MP + 2MP,4 GB RAM | 64 GB ROM | Expandable Upto 2 TB,5000 mAh Battery,17.02 cm (6.7 inch) HD+ Display,4.4,8810,10499,172,9
583,"OPPO A59 5G (Starry Black, 128 GB)",No Offer,13MP + 2MP | 8MP Front Camera,6 GB RAM | 128 GB ROM | Expandable Upto 1 TB,5000 mAh Battery,16.66 cm (6.56 inch) HD+ Display,4.3,19999,19999,2793,133
584,"Google Pixel 8a (Obsidian, 256 GB)",5% off,64MP + 13MP | 13MP Front Camera,8 GB RAM | 256 GB ROM,4404 mAh Battery,15.49 cm (6.1 inch) Full HD+ Display,4.3,56999,59999,11558,874
585,"realme 14x 5G (Jewel Red, 128 GB)",11% off,50MP Rear Camera | 8MP Front Camera,8 GB RAM | 128 GB ROM | Expandable Upto 2 TB,6000 mAh Battery,16.94 cm (6.67 inch) HD+ Display,4.4,15999,17999,8547,424
586,"realme 14 Pro+ 5G (Suede Grey, 256 GB)",7% off,50MP + 50MP + 8MP | 32MP Front Camera,12 GB RAM | 256 GB ROM,6000 mAh Battery,17.35 cm (6.83 inch) Display,4.4,34999,37999,8965,963
587,"realme 14 Pro+ 5G (Bikaner Purple, 256 GB)",13% off,50MP + 50MP + 8MP | 32MP Front Camera,8 GB RAM | 256 GB ROM,6000 mAh Battery,17.35 cm (6.83 inch) Display,4.4,30999,35999,19366,2199
588,"Apple iPhone 16 Plus (Pink, 128 GB)",No Offer,48MP + 12MP | 12MP Front Camera,128 GB ROM,"A18 Chip, 6 Core Processor Processor",17.02 cm (6.7 inch) Super Retina XDR Display,4.6,79900,79900,4342,229
589,"IQOO Neo 10 (Inferno Red, 256 GB)",3% off,50MP + 50MP + 8MP | 32MP + 32MP Dual Front Camera,12 GB RAM | 256 GB ROM,7000 mAh Battery,17.22 cm (6.78 inch) Full HD+ E3 Super AMOLED Display,4.5,39486,40999,1004,77
590,"POCO C85 5G (Spring Green, 128 GB)",22% off,50MP Rear Camera | 8MP Front Camera,6 GB RAM | 128 GB ROM | Expandable Upto 1 TB,6000 mAh Lithium-Ion Polymer Battery,17.53 cm (6.9 inch) HD+ Display,4.3,11999,15499,250,12
591,"Tecno Spark Go 2 (Veil White, 64 GB)",16% off,13MP Rear Camera,4 GB RAM | 64 GB ROM | Expandable Upto 1 TB,5000 mAh Lithium Polymer Battery,16.94 cm (6.67 inch) Display,4.3,7499,8999,2501,150
592,"Motorola Edge 50 Pro 5G with 68W Charger (Luxe Lavender, 256 GB)",24% off,50MP + 13MP + 10MP | 50MP Front Camera,8 GB RAM | 256 GB ROM,4500 mAh Battery,17.02 cm (6.7 inch) Display,4.4,27999,36999,34659,2988
593,"Tecno Spark 30C 5G (Aurora Cloud, 128 GB)",13% off,48MP Rear Camera | 8MP Front Camera,8 GB RAM | 128 GB ROM | Expandable Upto 1 TB,5000 mAh Battery,16.94 cm (6.67 inch) Display,4.2,12999,14999,161,12
594,"IQOO Neo 10 (Inferno Red, 512 GB)",1% off,50MP + 50MP + 8MP | 32MP + 32MP Dual Front Camera,16 GB RAM | 512 GB ROM,7000 mAh Battery,17.22 cm (6.78 inch) Full HD+ E3 Super AMOLED Display,4.7,45536,45999,193,15
595,"IQOO Neo 10 (Titanium Chrome, 512 GB)",No Offer,50MP + 50MP + 8MP | 32MP + 32MP Dual Front Camera,16 GB RAM | 512 GB ROM,7000 mAh Battery,17.22 cm (6.78 inch) Full HD+ E3 Super AMOLED Display,4.7,45748,45999,193,15
596,"Samsung Galaxy A55 5G (Awesome Navy, 256 GB)",32% off,50MP + 12MP + 5MP | 32MP Front Camera,12 GB RAM | 256 GB ROM | Expandable Upto 1 TB,5000 mAh Battery,16.76 cm (6.6 inch) Full HD+ Display,4.3,32970,48999,718,52
597,Kechaoda A26_rose gold,40% off,0MP | 0MP Front Camera,32 MB RAM | 16 GB ROM | Expandable Upto 32 MB,800 mAh Battery,1.68 cm (0.66 inch) NA Display,3.9,899,1499,680,18
598,"Motorola G34 5G (Charcoal Black, 128 GB)",6% off,50MP + 2MP | 16MP Front Camera,8 GB RAM | 128 GB ROM,5000 mAh Battery,16.51 cm (6.5 inch) HD+ Display,4.2,13998,14999,149320,10010
599,"POCO M7 Plus 5G (Chrome Silver, 128 GB)",18% off,50MP Rear Camera,4 GB RAM | 128 GB ROM | Expandable Upto 2 TB,7000 mAh Battery,17.53 cm (6.9 inch) Display,4.1,12999,15999,1767,120
600,"Coolpad CP12 Neo (Blue, 64 GB)",27% off,13MP Rear Camera | 5MP Front Camera,8 GB RAM | 64 GB ROM | Expandable Upto 512 GB,5000 mAh Battery,16.66 cm (6.56 inch) Display,,7299,9999,7161,549
601,"POCO M8 (Carbon Black, 128 GB)",17% off,50MP Rear Camera | 20MP Front Camera,8 GB RAM | 128 GB ROM | Expandable Upto 1 TB,5520 mAh Battery,17.2 cm (6.77 inch) Full HD+ Display,4.6,18999,22999,731,61
602,"Apple iPhone 17 (Black, 512 GB)",No Offer,48MP + 48MP | 18MP Front Camera,512 GB ROM,"A19 Chip, 6 Core Processor Processor",16.0 cm (6.3 inch) Super Retina XDR Display,4.7,102900,102900,4850,261
603,"POCO C71 (Cool Blue, 64 GB)",13% off,32MP Rear Camera | 8MP Front Camera,4 GB RAM | 64 GB ROM | Expandable Upto 2 TB,5200 mAh Battery,17.48 cm (6.88 inch) HD+ Display,3.9,7799,8999,57971,2557
604,"POCO M7 Plus 5G (Aqua Blue, 128 GB)",16% off,50MP AI Dual Camera,8 GB RAM | 128 GB ROM | Expandable Upto 2 TB,7000 mAh Battery,17.53 cm (6.9 inch) Display,4.3,14999,17999,3988,230
605,"Samsung M36 5G (Velvet Black / Black, 128 GB)",26% off,50MP Rear Camera,6 GB RAM | 128 GB ROM,5000 mAh Battery,17.02 cm (6.7 inch) Display,4.3,16888,22999,1947,104
606,"Samsung Galaxy A16 5G (Blue Black, 128 GB)",21% off,50MP + 5MP + 2MP | 13MP Front Camera,6 GB RAM | 128 GB ROM,5000 mAh Battery,17.02 cm (6.7 inch) Full HD+ Display,4.2,15682,19999,4458,197
607,"Samsung Galaxy A16 5G (Gold, 128 GB)",21% off,50MP + 5MP + 2MP | 13MP Front Camera,6 GB RAM | 128 GB ROM,5000 mAh Battery,17.02 cm (6.7 inch) Full HD+ Display,4.2,15664,19999,4458,197
608,"Samsung Galaxy F36 5G (Black, 256 GB)",18% off,50MP + 8MP + 2MP | 13MP Front Camera,8 GB RAM | 256 GB ROM | Expandable Upto 2 TB,5000 mAh Battery,17.02 cm (6.7 inch) Full HD+ Display,4.2,22499,27499,4782,320
609,"REDMI 13 5G (Black Diamond, 128 GB)",26% off,108MP Rear Camera,8 GB RAM | 128 GB ROM,5030 mAh Battery,17.25 cm (6.79 inch) Display,4.2,14753,19999,15051,790
610,"realme 14 Pro+ 5G (Suede Grey, 512 GB)",5% off,50MP + 50MP + 8MP | 32MP Front Camera,12 GB RAM | 512 GB ROM,6000 mAh Battery,17.35 cm (6.83 inch) Display,4.4,37999,39999,8965,963
611,Jmax JOSH PRO,53% off,0.3MP Rear Camera,32 MB RAM | 32 MB ROM,1000 mAh Battery,4.5 cm (1.77 inch) Display,3.8,699,1499,90,6
612,"Samsung Galaxy M16 5G (Thunder Black, 128 GB)",14% off,50MP Rear Camera,6 GB RAM | 128 GB ROM,5000 mAh Battery,17.02 cm (6.7 inch) Display,4.2,14995,17499,1271,61
613,"realme 15T 5G (Flowing Silver, 256 GB)",No Offer,50MP + 2MP | 50MP Front Camera,8 GB RAM | 256 GB ROM,7000 mAh Battery,16.69 cm (6.57 inch) Full HD Display,4.3,24999,24999,6256,404
614,"OPPO K13 Turbo 5G (White Knight, 128 GB)",17% off,50MP + 2MP | 16MP Front Camera,8 GB RAM | 128 GB ROM,7000 mAh Battery,17.27 cm (6.8 inch) Full HD+ Display,4.5,27999,33999,8486,518
615,"OPPO K13 Turbo 5G (Purple Phantom, 128 GB)",17% off,50MP + 2MP | 16MP Front Camera,8 GB RAM | 128 GB ROM,7000 mAh Battery,17.27 cm (6.8 inch) Full HD+ Display,4.5,27999,33999,8486,518
616,"OPPO K13 Turbo 5G (White Knight, 256 GB)",16% off,50MP + 2MP | 16MP Front Camera,8 GB RAM | 256 GB ROM,7000 mAh Battery,17.27 cm (6.8 inch) Full HD+ Display,4.5,29999,35999,8486,518
617,"POCO F7 5G (Phantom Black, 512 GB)",5% off,50MP Rear Camera | 20MP Front Camera,12 GB RAM | 512 GB ROM,7550 mAh Li-Polymer + Silicon Carbon Battery,17.35 cm (6.83 inch) Display,4.4,35999,37999,21347,2042
618,"realme 14x 5G (Crystal Black, 128 GB)",11% off,50MP Rear Camera | 8MP Front Camera,8 GB RAM | 128 GB ROM | Expandable Upto 2 TB,6000 mAh Battery,16.94 cm (6.67 inch) HD+ Display,4.4,15999,17999,8547,424
619,itel Ace2 Power,No Offer,2500 mAh Battery,32 MB RAM | 32 MB ROM | Expandable Upto 32 GB,"12+1 Months Domestic Warranty for device
6 months for accessories",4.57 cm (1.8 inch) Display,4.1,1399,1399,889,45
620,"Samsung Galaxy Z Fold6 5G (Silver Shadow, 256 GB)",33% off,50MP + 12MP + 10MP | 10MP Front Camera,12 GB RAM | 256 GB ROM,4400 mAh Lithium ion Battery,19.3 cm (7.6 inch) QXGA+ Display,4.2,109990,164999,251,14
621,"realme P3 Lite 5G (Onyx Black, 128 GB)",17% off,32MP Rear Camera | 8MP Front Camera,4 GB RAM | 128 GB ROM | Expandable Upto 2 TB,6000 mAh Battery,16.94 cm (6.67 inch) Display,4.4,10749,12999,9486,381
622,"realme 14 Pro+ 5G (Bikaner Purple, 128 GB)",27% off,50MP + 50MP + 8MP | 32MP Front Camera,8 GB RAM | 128 GB ROM,6000 mAh Battery,17.35 cm (6.83 inch) Display,4.4,24780,33999,19366,2199
623,"realme P3 Lite 5G (Jade Green, 128 GB)",7% off,32MP Rear Camera | 8MP Front Camera,6 GB RAM | 128 GB ROM | Expandable Upto 2 TB,6000 mAh Battery,16.94 cm (6.67 inch) Display,4.4,12999,13999,12378,503
624,"LAVA Storm Lite 5G (Astral Blue,, 64 GB)",17% off,50MP Rear Camera,4 GB RAM | 64 GB ROM,5000 mAh Battery,16.76 cm (6.6 inch) Display,4.2,9029,10990,134,10
625,Kechaoda A27,40% off,0MP | 0MP Front Camera,32 MB RAM | 32 MB ROM | Expandable Upto 16 GB,800 mAh Battery,1.68 cm (0.66 inch) QVGA Display,4,899,1499,16259,869
626,"Coolpad CP12 Neo (Blue, 64 GB)",27% off,13MP Rear Camera | 5MP Front Camera,8 GB RAM | 64 GB ROM | Expandable Upto 512 GB,5000 mAh Battery,16.66 cm (6.56 inch) Display,,7299,9999,7161,549
627,"REDMI 15 5G (Frosted White, 128 GB)",8% off,50MP Rear Camera,6 GB RAM | 128 GB ROM,7000 mAh Battery,17.53 cm (6.9 inch) Display,4.3,15629,16999,1468,89
628,"Apple iPhone 16 Plus (Black, 128 GB)",No Offer,48MP + 12MP | 12MP Front Camera,128 GB ROM,"A18 Chip, 6 Core Processor Processor",17.02 cm (6.7 inch) Super Retina XDR Display,4.6,79900,79900,4342,229
629,"Apple iPhone 16 Plus (Pink, 256 GB)",No Offer,48MP + 12MP | 12MP Front Camera,256 GB ROM,"A18 Chip, 6 Core Processor Processor",17.02 cm (6.7 inch) Super Retina XDR Display,4.6,89900,89900,4342,229
630,Kechaoda K9,26% off,0.3MP Rear Camera,32 MB RAM | 64 MB ROM | Expandable Upto 16 GB,1700 mAh Battery,6.1 cm (2.4 inch) QVGA Display,4.1,1249,1700,3746,305
631,"Fuziqra Rock X Flip Dual Sim |Keypad Mobile| with 1.8"" Display Call & SMS Indicator",56% off,0.3MP Rear Camera,32 MB RAM | 32 MB ROM,2000 mAh Battery,4.57 cm (1.8 inch) Display,3.8,1424,3299,22,0
632,"Samsung Galaxy A55 5G (Awesome Iceblue, 128 GB)",20% off,50MP + 12MP + 5MP | 32MP Front Camera,8 GB RAM | 128 GB ROM | Expandable Upto 1 TB,5000 mAh Battery,16.76 cm (6.6 inch) Full HD+ Display,4.4,33999,42999,6918,419
633,"Infinix Note 50x 5G+ 45W Charger In the Box & AI (Enchanted Purple, 128 GB)",10% off,50MP + AI Lens | 8MP Front Camera,6 GB RAM | 128 GB ROM,5500 mAh Battery,16.94 cm (6.67 inch) HD+ Display,4.3,13499,14999,16632,1460
634,"realme Narzo 80 Pro 5G (Speed Silver, 256 GB)",18% off,50MP Rear Camera,12 GB RAM | 256 GB ROM,6000 mAh Battery,17.2 cm (6.77 inch) Display,4.5,22865,27999,156,16
635,"POCO M7 Pro 5G (Olive Twilight, 256 GB)",26% off,50MP + 2MP | 20MP Front Camera,8 GB RAM | 256 GB ROM,5110 mAh Battery,16.94 cm (6.67 inch) Full HD+ Display,4.3,15499,20999,14276,1159
636,"REDMI A5 (Just Black, 64 GB)",11% off,32MP Rear Camera | 8MP Front Camera,3 GB RAM | 64 GB ROM | Expandable Upto 2 TB,5200 mAh Battery,17.48 cm (6.88 inch) HD+ Display,4.1,7999,8999,7208,338
637,"REDMI Note 14 5G (Phantom Purple, 256 GB)",25% off,50MP Rear Camera,8 GB RAM | 256 GB ROM,5110 mAh Battery,16.94 cm (6.67 inch) Display,4.2,18571,24999,4330,240
638,"Tecno Pova 7 5G (Oasis Green, 256 GB)",20% off,50MP + AI | 13MP Front Camera,8 GB RAM | 256 GB ROM,6000 mAh Battery,17.22 cm (6.78 inch) Full HD+ Display,4.4,15999,19999,9322,711
639,Kechaoda K-033 Pink,33% off,0.3MP + 0MP | 0MP Front Camera,32 MB RAM | 32 GB ROM | Expandable Upto 32 MB,800 mAh Battery,3.66 cm (1.44 inch) NA Display,4.4,999,1499,13,0
640,"LAVA Storm Lite 5G (Cosmic Titanium, 64 GB)",17% off,50MP Rear Camera,4 GB RAM | 64 GB ROM,5000 mAh Battery,16.76 cm (6.6 inch) Display,4.2,9029,10990,134,10
641,"Samsung Galaxy F05 (Twilight Blue, 64 GB)",35% off,50MP + 2MP | 8MP Front Camera,4 GB RAM | 64 GB ROM | Expandable Upto 1 TB,5000 mAh Battery,17.12 cm (6.74 inch) HD+ Display,4.2,6499,9999,78111,4155
642,Kechaoda K33,54% off,0.3MP + 0MP | 0MP Front Camera,32 MB RAM | 32 GB ROM | Expandable Upto 32 MB,800 mAh Battery,3.66 cm (1.44 inch) NA Display,4,999,2200,11171,622
643,"Motorola g64 5G (Pearl Blue, 256 GB)",20% off,50MP (OIS) + 8MP | 16MP Front Camera,12 GB RAM | 256 GB ROM | Expandable Upto 1 TB,6000 mAh Battery,16.51 cm (6.5 inch) Full HD+ Display,4.2,15999,19999,90544,5588
644,"OnePlus Nord CE4 (Dark Chrome, 128 GB)",8% off,50MP Rear Camera,8 GB RAM | 128 GB ROM,5500 mAh Battery,17.02 cm (6.7 inch) Display,4.4,22999,24999,28237,1538
645,"realme 14x 5G (Jewel Red, 128 GB)",11% off,50MP Rear Camera | 8MP Front Camera,6 GB RAM | 128 GB ROM | Expandable Upto 2 TB,6000 mAh Battery,16.94 cm (6.67 inch) HD+ Display,4.3,14988,16999,14056,678
646,"realme Narzo 80 Pro 5G (Speed Silver, 256 GB)",23% off,50MP Rear Camera,8 GB RAM | 256 GB ROM,6000 mAh Battery,17.2 cm (6.77 inch) Display,4.5,19794,25999,909,46
647,"Apple iPhone 14 (Blue, 128 GB)",No Offer,12MP + 12MP | 12MP Front Camera,128 GB ROM,"A15 Bionic Chip, 6 Core Processor Processor",15.49 cm (6.1 inch) Super Retina XDR Display,4.6,54900,54900,321738,11943
648,"Motorola G85 5G (Olive Green, 128 GB)",23% off,50MP + 8MP | 32MP Front Camera,8 GB RAM | 128 GB ROM,5000 mAh Battery,16.94 cm (6.67 inch) Full HD+ Display,4.4,15999,20999,260096,12803
649,"realme P3 Lite 5G (Jade Green, 128 GB)",17% off,32MP Rear Camera | 8MP Front Camera,4 GB RAM | 128 GB ROM | Expandable Upto 2 TB,6000 mAh Battery,16.94 cm (6.67 inch) Display,4.4,10749,12999,9486,381
650,"realme P4x 5G (Lake Green, 128 GB)",8% off,50MP + 2MP | 8MP Front Camera,6 GB RAM | 128 GB ROM,7000 mAh Battery,17.07 cm (6.72 inch) Full HD+ Display,4.4,16499,17999,7161,549
651,"Coolpad CP12 Neo (Gold, 64 GB)",27% off,13MP Rear Camera | 5MP Front Camera,8 GB RAM | 64 GB ROM | Expandable Upto 512 GB,5000 mAh Battery,16.66 cm (6.56 inch) Display,,7299,9999,7161,549
652,"OnePlus Nord CE4 (Dark Chrome, 128 GB)",8% off,50MP Rear Camera,8 GB RAM | 128 GB ROM,5500 mAh Battery,17.02 cm (6.7 inch) Display,4.4,22999,24999,28237,1538
653,"realme 14x 5G (Jewel Red, 128 GB)",11% off,50MP Rear Camera | 8MP Front Camera,6 GB RAM | 128 GB ROM | Expandable Upto 2 TB,6000 mAh Battery,16.94 cm (6.67 inch) HD+ Display,4.3,14988,16999,14056,678
654,"realme Narzo 80 Pro 5G (Speed Silver, 256 GB)",23% off,50MP Rear Camera,8 GB RAM | 256 GB ROM,6000 mAh Battery,17.2 cm (6.77 inch) Display,4.5,19794,25999,909,46
655,"Motorola g64 5G (Pearl Blue, 256 GB)",20% off,50MP (OIS) + 8MP | 16MP Front Camera,12 GB RAM | 256 GB ROM | Expandable Upto 1 TB,6000 mAh Battery,16.51 cm (6.5 inch) Full HD+ Display,4.2,15999,19999,90544,5588
656,itel Ace2 Heera | King Talker | Auto Call Recording | Expendable Storage32GB,21% off,1000 mAh Battery,32 MB RAM | 32 MB ROM | Expandable Upto 32 GB,1 year manufacturer Warranty,4.57 cm (1.8 inch) Display,4,865,1099,355,19
657,"vivo V60 5G (Auspicious Gold, 256 GB)",11% off,50MP + 8MP + 50MP | 50MP Front Camera,8 GB RAM | 256 GB ROM,6500 mAh Battery,17.2 cm (6.77 inch) Display,4.5,38999,43999,3127,243
658,"Samsung Galaxy A07 LTE (Green, 64 GB)",24% off,50MP + 2MP,4 GB RAM | 64 GB ROM | Expandable Upto 2 TB,5000 mAh Battery,17.02 cm (6.7 inch) HD+ Display,4.4,7925,10499,172,9
659,"Nokia 110 Dual Sim with Built-in UPI App, MP3 Player, Rear Camera",24% off,0.08MP Rear Camera,32 MB RAM | 32 MB ROM,1000 mAh Battery,17.02 cm (6.7 inch) Display,3.6,1579,2099,3812,235
660,"Tecno Pova Curve 5G (Neon Cyan, 256 GB)",16% off,64MP Rear Camera | 13MP Front Camera,8 GB RAM | 256 GB ROM,5500 mAh Battery,17.22 cm (6.78 inch) Display,4.4,19999,23999,1478,148
661,"Tecno Pova Curve 5G (Magic Silver, 256 GB)",16% off,64MP Rear Camera | 13MP Front Camera,8 GB RAM | 256 GB ROM,5500 mAh Battery,17.22 cm (6.78 inch) Display,4.4,19999,23999,1478,148
662,"Tecno Pova Curve 5G (Geek Black, 128 GB)",10% off,64MP Rear Camera | 13MP Front Camera,8 GB RAM | 128 GB ROM,5500 mAh Battery,17.22 cm (6.78 inch) Display,4.4,17999,19999,1478,148
663,"Samsung Galaxy A06 5G (Black, 128 GB)",27% off,50MP + 2MP | 8MP Front Camera,4 GB RAM | 128 GB ROM,5000 mAh Li-ion Battery,17.02 cm (6.7 inch) HD+ Display,4.1,11245,15499,2876,169
664,"Tecno Pova 7 Pro 5G (Geek Black, 256 GB)",21% off,64MP + 8MP | 13MP Front Camera,8 GB RAM | 256 GB ROM,6000 mAh Battery,17.22 cm (6.78 inch) Full HD+ AMOLED Display,4.4,18749,23999,3994,420
665,"realme 14 Pro+ 5G (Pearl White, 256 GB)",11% off,50MP + 50MP + 8MP | 32MP Front Camera,8 GB RAM | 256 GB ROM,6000 mAh Battery,17.35 cm (6.83 inch) Display,4.4,31999,35999,19366,2199
666,"OPPO A5 5G (Mist White, 128 GB)",14% off,50MP + 2MP | 8MP Front Camera,8 GB RAM | 128 GB ROM,6000 mAh Battery,16.94 cm (6.67 inch) HD+ Display,4.3,17999,20999,129,2
667,"POCO X6 5G (Mirror Black, 256 GB)",22% off,64MP + 8MP + 2MP | 16MP Front Camera,12 GB RAM | 256 GB ROM,5100 mAh Battery,16.94 cm (6.67 inch) Display,4.3,20999,26999,13491,1124
668,"POCO C85 5G (Mystic Purple, 128 GB)",24% off,50MP Rear Camera | 8MP Front Camera,4 GB RAM | 128 GB ROM | Expandable Upto 1 TB,6000 mAh Lithium-Ion Polymer Battery,17.53 cm (6.9 inch) HD+ Display,4.2,10999,14499,185,12
669,"REDMI 13 5G (Black Diamond, 128 GB)",26% off,108MP Rear Camera,8 GB RAM | 128 GB ROM,5030 mAh Battery,17.25 cm (6.79 inch) Display,4.2,14753,19999,15051,790
670,"Tecno Pova Curve 5G (Magic Silver, 128 GB)",10% off,64MP Rear Camera | 13MP Front Camera,8 GB RAM | 128 GB ROM,5500 mAh Battery,17.22 cm (6.78 inch) Display,4.4,17999,19999,1478,148
671,G'Five U101,53% off,0.3MP + 0.3MP,32 MB RAM | 32 MB ROM,1000 mAh Battery,4.57 cm (1.8 inch) NA Display,3.5,460,999,77,7
672,"IQOO 15 5G (Alpha, 256 GB)",11% off,50MP Rear Camera,12 GB RAM | 256 GB ROM,7000 mAh Battery,17.4 cm (6.85 inch) Display,4.7,68000,76999,89,6
673,"IQOO 15 5G (Legend, 256 GB)",11% off,50MP Rear Camera,12 GB RAM | 256 GB ROM,7000 mAh Battery,17.4 cm (6.85 inch) Display,4.7,67800,76999,89,6
674,"realme P3 Pro 5G (Saturn Brown, 256 GB)",27% off,50MP + 2MP | 16MP Front Camera,12 GB RAM | 256 GB ROM,6000 mAh Battery,17.35 cm (6.83 inch) Display,4.4,23999,32999,4284,306
675,"Nokia 110 Dual Sim with Built-in UPI App, MP3 Player, Rear Camera",24% off,0.08MP Rear Camera,32 MB RAM | 32 MB ROM,1000 mAh Battery,17.02 cm (6.7 inch) Display,3.6,1579,2099,3812,235
676,"Coolpad CP12 Neo (Blue, 64 GB)",27% off,13MP Rear Camera | 5MP Front Camera,8 GB RAM | 64 GB ROM | Expandable Upto 512 GB,5000 mAh Battery,16.66 cm (6.56 inch) Display,,7299,9999,7161,549
677,"Tecno Pova Curve 5G (Magic Silver, 128 GB)",15% off,64MP Rear Camera | 13MP Front Camera,6 GB RAM | 128 GB ROM,5500 mAh Battery,17.22 cm (6.78 inch) Display,4.4,15999,18999,2341,236
678,LAVA A1 Josh,28% off,0MP | 0MP Front Camera,4 MB RAM | 2 MB ROM | Expandable Upto 32 GB,1000 mAh Battery,5.08 cm (2 inch) HVGA Display,4.2,999,1399,22836,2136
679,"Motorola G85 5G (Olive Green, 128 GB)",23% off,50MP + 8MP | 32MP Front Camera,8 GB RAM | 128 GB ROM,5000 mAh Battery,16.94 cm (6.67 inch) Full HD+ Display,4.4,15999,20999,260096,12803
680,"REDMI 14C 5G (Stargaze Black, 128 GB)",7% off,50MP Rear Camera | 8MP Front Camera,4 GB RAM | 128 GB ROM | Expandable Upto 1 TB,5160 mAh Battery,17.48 cm (6.88 inch) HD+ Display,4.2,12990,13999,9171,453
681,"vivo Y22 (Metaverse Green, 64 GB)",38% off,50MP + 2MP | 8MP Front Camera,4 GB RAM | 64 GB ROM | Expandable Upto 1 TB,5000 mAh Lithium Battery,16.64 cm (6.55 inch) HD+ Display,4.3,10999,17990,2517,145
682,"POCO M6 Plus 5G (Ice Silver, 128 GB)",26% off,108MP + 2MP | 13MP Front Camera,8 GB RAM | 128 GB ROM | Expandable Upto 1 TB,5030 mAh Battery,17.25 cm (6.79 inch) Full HD+ Display,4.2,13174,17999,18911,1086
683,"realme 15T 5G (Flowing Silver, 256 GB)",3% off,50MP + 2MP | 50MP Front Camera,12 GB RAM | 256 GB ROM,7000 mAh Battery,16.69 cm (6.57 inch) Full HD Display,4.2,26999,27999,716,62
684,"Samsung Galaxy F36 5G (Black, 128 GB)",20% off,50MP + 8MP + 2MP | 13MP Front Camera,8 GB RAM | 128 GB ROM | Expandable Upto 2 TB,5000 mAh Battery,17.02 cm (6.7 inch) Full HD+ Display,4.2,19499,24499,4782,320
685,Kechaoda K115,35% off,0.3MP + 0MP | 0MP Front Camera,32 MB RAM | 32 MB ROM | Expandable Upto 32 GB,850 mAh Battery,3.66 cm (1.44 inch) QVGA Display,4.1,908,1399,43589,2715
686,MOTOROLA Moto A100,29% off,0MP | 0MP Front Camera,4 MB RAM | 36 MB ROM | Expandable Upto 0 MB,800 mAh Battery,3.66 cm (1.44 inch) HQVGA Display,3.7,1059,1499,23,2
687,"POCO M7 5G (Satin Black, 128 GB)",15% off,50MP Rear Camera | 8MP Front Camera,8 GB RAM | 128 GB ROM | Expandable Upto 1 TB,5160 mAh Battery,17.48 cm (6.88 inch) HD+ Display,4.3,11799,13999,16767,794
688,Kechaoda A26,40% off,800 mAh Battery,32 MB RAM | 32 MB ROM | Expandable Upto 16 GB,3 Months Company Warranty,1.68 cm (0.66 inch) Display,4,899,1499,30256,1642
689,"Samsung Galaxy A16 5G (Blue Black, 128 GB)",18% off,50MP + 5MP + 2MP | 13MP Front Camera,8 GB RAM | 128 GB ROM,5000 mAh Battery,17.02 cm (6.7 inch) Full HD+ Display,4.2,17442,21499,3977,211
690,"POCO X7 5G (Glacier Green, 128 GB)",28% off,50MP + 8MP + 2MP | 20MP Front Camera,8 GB RAM | 128 GB ROM,5500 mAh Battery,16.94 cm (6.67 inch) Display,4.3,17999,24999,29521,2217
691,LAVA A7 Torch+,33% off,0.3MP + 0MP | 0MP Front Camera,4 MB RAM | 32 MB ROM | Expandable Upto 32 GB,2575 mAh Battery,6.1 cm (2.4 inch) Quarter QVGA Display,4,1270,1899,1651,119
692,"Tecno Pova Slim 5G (Sky Blue, 128 GB)",16% off,50MP + 2MP | 13MP Front Camera,8 GB RAM | 128 GB ROM,5160 mAh Battery,17.22 cm (6.78 inch) Display,4.3,20999,24999,917,70
693,Samsung 1207,43% off,800 mAh Battery,32 MB ROM,No Warrnty,3.81 cm (1.5 inch) Display,3.1,740,1299,3498,195
694,"Tecno Pova Slim 5G (Slim White, 128 GB)",16% off,50MP + 2MP | 13MP Front Camera,8 GB RAM | 128 GB ROM,5160 mAh Battery,17.22 cm (6.78 inch) Display,4.3,20999,24999,917,70
695,"REDMI 15 5G (Frosted White, 128 GB)",10% off,50MP Rear Camera,8 GB RAM | 128 GB ROM,7000 mAh Battery,17.53 cm (6.9 inch) Display,4.3,16199,17999,3067,154
696,"Coolpad CP12 Neo (Blue, 64 GB)",27% off,13MP Rear Camera | 5MP Front Camera,8 GB RAM | 64 GB ROM | Expandable Upto 512 GB,5000 mAh Battery,16.66 cm (6.56 inch) Display,,7299,9999,7161,549
697,"OPPO Reno15 Pro Mini 5G (Glacier White, 256 GB)",7% off,200MP + 50MP + 50MP | Yes,12 GB RAM | 256 GB ROM,6200 mAh Battery,16.05 cm (6.32 inch) Full HD+ Display,4.7,59999,64999,288,67
698,"Tecno Pova Curve 5G (Neon Cyan, 256 GB)",16% off,64MP Rear Camera | 13MP Front Camera,8 GB RAM | 256 GB ROM,5500 mAh Battery,17.22 cm (6.78 inch) Display,4.4,19999,23999,1478,148
699,itel Flip 1 Keypad Mobile with Type C Charging| Leather Back | 1200 mAh Battery,7% off,0.8MP Rear Camera,4 MB RAM | 4 MB ROM | Expandable Upto 64 GB,1200 mAh Battery,6.1 cm (2.4 inch) QVGA Display,4,3041,3299,1342,89
700,"vivo V60e (Noble Gold, 256 GB)",8% off,200MP + 8MP | 50MP Front Camera,8 GB RAM | 256 GB ROM,6500 mAh Battery,17.2 cm (6.77 inch) Full HD+ Display,4.4,33999,36999,2682,163
701,"OPPO A5 5G (Mist White, 128 GB)",14% off,50MP + 2MP | 8MP Front Camera,8 GB RAM | 128 GB ROM,6000 mAh Battery,16.94 cm (6.67 inch) HD+ Display,4.3,17999,20999,129,2
702,"REDMI Note 15 5G (Mist Purple, 128 GB)",12% off,108MP Rear Camera,8 GB RAM | 128 GB ROM,5520 mAh Battery,17.2 cm (6.77 inch) Display,4.6,23492,26999,60,4
703,"REDMI 13C 5G (Starlight Black, 128 GB)",28% off,50MP Rear Camera | 5MP Front Camera,4 GB RAM | 128 GB ROM | Expandable Upto 1 TB,5000 mAh Battery,17.12 cm (6.74 inch) HD+ Display,4.3,9999,13999,47373,1852
704,"realme 15T 5G (Suit Titanium, 256 GB)",No Offer,50MP + 2MP | 50MP Front Camera,8 GB RAM | 256 GB ROM,7000 mAh Battery,16.69 cm (6.57 inch) Full HD Display,4.3,24999,24999,6256,404
705,"realme 15T 5G (Silk Blue, 256 GB)",No Offer,50MP + 2MP | 50MP Front Camera,8 GB RAM | 256 GB ROM,7000 mAh Battery,16.69 cm (6.57 inch) Full HD Display,4.3,24999,24999,6256,404
706,"Tecno Pova Curve 5G (Neon Cyan, 128 GB)",15% off,64MP Rear Camera | 13MP Front Camera,6 GB RAM | 128 GB ROM,5500 mAh Battery,17.22 cm (6.78 inch) Display,4.4,15999,18999,2341,236
707,"REDMI 15C 5G (Midnight Black, 128 GB)",12% off,50MP Rear Camera,8 GB RAM | 128 GB ROM,6000 mAh Battery,17.53 cm (6.9 inch) Display,4.3,14950,16999,38,4
708,GFive FLASH,50% off,1MP Rear Camera,32 MB RAM | 32 MB ROM,3000 mAh Battery,7.11 cm (2.8 inch) NA Display,3.8,999,1999,600,27
709,"POCO M8 (Frost Silver, 256 GB)",16% off,50MP Rear Camera | 20MP Front Camera,8 GB RAM | 256 GB ROM | Expandable Upto 1 TB,5520 mAh Battery,17.2 cm (6.77 inch) Full HD+ Display,4.6,20999,24999,731,61
710,"vivo Y31 Pro 5G (Mocha Brown, 128 GB)",14% off,50MP + 2MP | 8MP Front Camera,8 GB RAM | 128 GB ROM,6500 mAh Battery,17.07 cm (6.72 inch) Full HD+ Display,4.4,19999,23499,307,14
711,HOTLINE H310,50% off,0.3MP Rear Camera,32 MB RAM | 32 MB ROM,1000 mAh Battery,4.57 cm (1.8 inch) Display,3.5,499,999,7518,491
712,"LAVA Yuva Smart (Glossy Lavender, 64 GB)",3% off,13MP Rear Camera,3 GB RAM | 64 GB ROM,5000 mAh Battery,17.14 cm (6.75 inch) Display,4,6498,6699,294,16
713,"vivo Y19s 5G (Majestic Green, 128.0 GB)",15% off,13MP + 0.08MP | 5MP Front Camera,4 GB RAM | 128.0 GB ROM | Expandable Upto 2 TB,6000 mAh Battery,17.12 cm (6.74 inch) Display,4.4,13499,15999,70,2
714,HOTLINE CLASSIC(ZEUS),50% off,1.3MP + 0MP | 0MP Front Camera,32 MB RAM | 32 MB ROM | Expandable Upto 16 MB,1100 mAh Battery,4.57 cm (1.8 inch) NA Display,3.7,499,999,437,23
715,"realme GT 7T (Racing Yellow, 256 GB)",11% off,50MP + 8MP | 32MP Front Camera,12 GB RAM | 256 GB ROM,7000 mAh Li-ion Battery,17.27 cm (6.8 inch) Full HD+ AMOLED Display,4.5,37999,42999,409,33
716,"OPPO K13 Turbo 5G (Midnight Maverick, 256 GB)",16% off,50MP + 2MP | 16MP Front Camera,8 GB RAM | 256 GB ROM,7000 mAh Battery,17.27 cm (6.8 inch) Full HD+ Display,4.5,29999,35999,8486,518
717,HOTLINE H310,53% off,0.3MP Rear Camera,32 MB RAM | 32 MB ROM,100 mAh Battery,4.57 cm (1.8 inch) Display,3.5,469,999,7518,491
718,"realme GT 7T (IceSense Blue, 512 GB)",10% off,50MP + 8MP | 32MP Front Camera,12 GB RAM | 512 GB ROM,7000 mAh Li-ion Battery,17.27 cm (6.8 inch) Full HD+ AMOLED Display,4.5,41999,46999,409,33
719,"OPPO K13 Turbo 5G (Purple Phantom, 256 GB)",16% off,50MP + 2MP | 16MP Front Camera,8 GB RAM | 256 GB ROM,7000 mAh Battery,17.27 cm (6.8 inch) Full HD+ Display,4.5,29999,35999,8486,518
720,"realme P4x 5G (Lake Green, 128 GB)",8% off,50MP + 2MP | 8MP Front Camera,6 GB RAM | 128 GB ROM,7000 mAh Battery,17.07 cm (6.72 inch) Full HD+ Display,4.4,16499,17999,7161,549
721,"Coolpad CP12 Neo (Gold, 64 GB)",27% off,13MP Rear Camera | 5MP Front Camera,8 GB RAM | 64 GB ROM | Expandable Upto 512 GB,5000 mAh Battery,16.66 cm (6.56 inch) Display,,7299,9999,7161,549
722,"REDMI A5 (Jaisalmer Gold, 128 GB)",10% off,32MP Rear Camera | 8MP Front Camera,4 GB RAM | 128 GB ROM | Expandable Upto 2 TB,5200 mAh Battery,17.48 cm (6.88 inch) HD+ Display,4.2,8999,9999,4887,233
723,"REDMI A5 (Pondicherry Blue, 128 GB)",10% off,32MP Rear Camera | 8MP Front Camera,4 GB RAM | 128 GB ROM | Expandable Upto 2 TB,5200 mAh Battery,17.48 cm (6.88 inch) HD+ Display,4.2,8999,9999,4887,233
724,"KARBONN K9 Jumbo,Dual Keypad Mobile,2.4 Big LCD,2MP Camera,1800mAh Battery,FM,Vibratore",20% off,2MP + 0MP | 2MP Front Camera,52 MB RAM | 32 MB ROM | Expandable Upto 32 GB,1800 mAh Battery,6.1 cm (2.4 inch) QVGA Display,4.1,1498,1890,872,34
725,KARBONN K140 Pop,13% off,0.3MP + 0MP | 0.03MP Front Camera,32 MB RAM | 32 MB ROM | Expandable Upto 16 GB,1000 mAh Battery,4.57 cm (1.8 inch) FWVGA Display,3.9,945,1090,6206,520
726,"Samsung Galaxy S25 5G (Silver Shadow, 256 GB)",7% off,50MP + 10MP + 12MP | 12MP Front Camera,12 GB RAM | 256 GB ROM,4000 mAh Battery,15.75 cm (6.2 inch) Full HD+ Display,4.6,74999,80999,2861,322
727,"Apple iPhone 14 (Blue, 128 GB)",No Offer,12MP + 12MP | 12MP Front Camera,128 GB ROM,"A15 Bionic Chip, 6 Core Processor Processor",15.49 cm (6.1 inch) Super Retina XDR Display,4.6,54900,54900,321738,11943
728,"IQOO 15 5G (Alpha, 256 GB)",11% off,50MP Rear Camera,12 GB RAM | 256 GB ROM,7000 mAh Battery,17.4 cm (6.85 inch) Display,4.7,68000,76999,89,6
729,"IQOO 15 5G (Legend, 256 GB)",11% off,50MP Rear Camera,12 GB RAM | 256 GB ROM,7000 mAh Battery,17.4 cm (6.85 inch) Display,4.7,67800,76999,89,6
730,"REDMI 13 5G (Orchid Pink, 128 GB)",25% off,108MP Rear Camera,8 GB RAM | 128 GB ROM,5030 mAh Battery,17.25 cm (6.79 inch) Full HD+ Display,4.2,14974,19999,15051,790
731,"REDMI 14C 5G (Stardust Purple, 128 GB)",18% off,50MP Rear Camera | 8MP Front Camera,6 GB RAM | 128 GB ROM | Expandable Upto 1 TB,5160 mAh Battery,17.48 cm (6.88 inch) HD+ Display,4.3,12298,14999,10036,488
732,"REDMI A5 (Pondicherry Blue, 64 GB)",11% off,32MP Rear Camera | 8MP Front Camera,3 GB RAM | 64 GB ROM | Expandable Upto 2 TB,5200 mAh Battery,17.48 cm (6.88 inch) HD+ Display,4.1,7999,8999,7208,338
733,"Ai+ Nova 5G (Blue, 128 GB)",18% off,50MP Rear Camera | 5MP Front Camera,6 GB RAM | 128 GB ROM | Expandable Upto 1 TB,5000 mAh Battery,17.13 cm (6.745 inch) HD+ Display,4.2,8999,10999,25287,1590
734,"LAVA Blaze Duo (Arctic White, 128 GB)",18% off,64MP Rear Camera,6 GB RAM | 128 GB ROM,5000 mAh Battery,16.94 cm (6.67 inch) Display,3.9,15499,18999,200,17
735,"Samsung Galaxy A16 5G (Blue Black, 128 GB)",17% off,50MP + 5MP + 2MP | 13MP Front Camera,6 GB RAM | 128 GB ROM,5000 mAh Battery,17.02 cm (6.7 inch) Full HD+ Display,4.2,16448,19999,4458,197
736,"REDMI 14C 5G (Stardust Purple, 128 GB)",20% off,50MP Rear Camera | 8MP Front Camera,6 GB RAM | 128 GB ROM | Expandable Upto 1 TB,5160 mAh Battery,17.48 cm (6.88 inch) HD+ Display,4.3,11999,14999,10036,488
737,"REDMI 14C 5G (Stargaze Black, 128 GB)",20% off,50MP Rear Camera | 8MP Front Camera,6 GB RAM | 128 GB ROM | Expandable Upto 1 TB,5160 mAh Battery,17.48 cm (6.88 inch) HD+ Display,4.3,11999,14999,10036,488
738,"REDMI Note 15 5G (Black, 256 GB)",13% off,108MP Rear Camera,8 GB RAM | 256 GB ROM,5520 mAh Battery,17.2 cm (6.77 inch) Display,4.6,24988,28999,60,4
739,"Samsung Galaxy A06 5G (Light Gray, 64 GB)",25% off,50MP + 50MP | 8MP + 2MP Dual Front Camera,4 GB RAM | 64 GB ROM | Expandable Upto 1 TB,5000 mAh Battery,17.02 cm (6.7 inch) HD+ Display,4.1,10499,13999,2876,169
740,Samsung Metro SM-B313ez,49% off,0.3MP Rear Camera,Expandable Upto 16 GB,1000 mAh Battery,5.08 cm (2 inch) QVGA Display,3.1,1000,1999,2162,201
741,"POCO M6 Plus 5G (Ice Silver, 128 GB)",26% off,108MP + 2MP | 13MP Front Camera,8 GB RAM | 128 GB ROM | Expandable Upto 1 TB,5030 mAh Battery,17.25 cm (6.79 inch) Full HD+ Display,4.2,13174,17999,18911,1086
742,"Samsung Galaxy Z Flip5 (Mint, 256 GB)",2% off,12MP + 12MP | 10MP Front Camera,8 GB RAM | 256 GB ROM,3700 mAh Battery,17.02 cm (6.7 inch) Display,4.4,99999,102999,866,50
743,"realme GT 7T (IceSense Black, 256 GB)",11% off,50MP + 8MP | 32MP Front Camera,12 GB RAM | 256 GB ROM,7000 mAh Li-ion Battery,17.27 cm (6.8 inch) Full HD+ AMOLED Display,4.5,37999,42999,409,33
744,"vivo Y400 5G (Olive Green, 128 GB)",11% off,50MP + 2MP | 32MP Front Camera,8 GB RAM | 128 GB ROM,6000 mAh Battery,16.94 cm (6.67 inch) Display,4.4,22999,25999,663,24
745,"MOTOROLA Razr 60 (PANTONE Spring Bud, 256 GB)",9% off,50MP + 13MP | 32MP Front Camera,8 GB RAM | 256 GB ROM,4500 mAh Battery,17.53 cm (6.9 inch) Full HD+ Display,4.4,49999,54999,2163,154
746,"OPPO A5 5G (Aurora Green, 128 GB)",14% off,50MP + 2MP | 8MP Front Camera,8 GB RAM | 128 GB ROM,6000 mAh Battery,16.94 cm (6.67 inch) HD+ Display,4.3,17999,20999,129,2
747,"vivo V60e (Noble Gold, 256 GB)",7% off,200MP + 8MP | 50MP Front Camera,12 GB RAM | 256 GB ROM,6500 mAh Battery,17.2 cm (6.77 inch) Full HD+ Display,4.5,35999,38999,1044,67
748,Nokia 110 DS Power,13% off,1750 mAh Battery,4 MB RAM | 4 MB ROM,1 Year Replacement,5.08 cm (2 inch) Display,,1825,2099,7161,549
749,"vivo V60e (Elite Purple, 256 GB)",8% off,200MP + 8MP | 50MP Front Camera,8 GB RAM | 256 GB ROM,6500 mAh Battery,17.2 cm (6.77 inch) Full HD+ Display,4.4,33999,36999,2682,163
750,"Motorola G32 (Satin Silver, 128 GB)",No Offer,50MP + 8MP + 2MP | 16MP Front Camera,8 GB RAM | 128 GB ROM,5000 mAh Lithium Polymer Battery,16.51 cm (6.5 inch) Full HD+ Display,4.2,18999,18999,128483,9939
751,Jio Bharat V4 JBV191M2 4G UPI Phone,58% off,0.3MP Rear Camera | 0MP Front Camera,36 MB RAM | 36 MB ROM | Expandable Upto 128 GB,1000 mAh Battery,4.5 cm (1.77 inch) QVGA Display,3.8,729,1749,272,25
752,"Samsung Galaxy A17 5G (Black, 128 GB)",14% off,50MP + 5MP + 2MP | 13MP Front Camera,8 GB RAM | 128 GB ROM | Expandable Upto 2 TB,5000 mAh Battery,17.02 cm (6.7 inch) Full HD+ Display,4.3,19989,23499,500,25
753,"realme 14x 5G (Crystal Black, 128 GB)",11% off,50MP Rear Camera | 8MP Front Camera,6 GB RAM | 128 GB ROM | Expandable Upto 2 TB,6000 mAh Battery,16.94 cm (6.67 inch) HD+ Display,4.3,14997,16999,14056,678
754,"realme P3 Pro 5G (Saturn Brown, 128 GB)",31% off,50MP + 2MP | 16MP Front Camera,8 GB RAM | 128 GB ROM,6000 mAh Battery,17.35 cm (6.83 inch) Display,4.4,19999,28999,18372,1370
755,"Samsung Galaxy A07 LTE (Light Violet, 64 GB)",24% off,50MP + 2MP,4 GB RAM | 64 GB ROM | Expandable Upto 2 TB,5000 mAh Battery,17.02 cm (6.7 inch) HD+ Display,4.4,7952,10499,172,9
756,"Nothing Phone (3a) Lite (Black, 256 GB)",4% off,50MP + 8MP + 2MP | 16MP Front Camera,8 GB RAM | 256 GB ROM,5000 mAh Lithium ion Battery,43.66 cm (17.19 cm) Full HD+ Display,4.4,23999,24999,621,41
757,"OPPO Reno15 Pro Mini 5G (Cocoa Brown, 512 GB)",7% off,200MP + 50MP + 50MP | Yes,12 GB RAM | 512 GB ROM,6200 mAh Battery,16.05 cm (6.32 inch) Full HD+ Display,4.7,64999,69999,288,67
758,"vivo V60 5G (Moonlit Blue, 256 GB)",10% off,50MP + 8MP + 50MP | 50MP Front Camera,12 GB RAM | 256 GB ROM,6500 mAh Battery,17.2 cm (6.77 inch) Display,4.5,40999,45999,1356,105
759,"vivo Y19s 5G (Majestic Green, 128.0 GB)",11% off,13MP + 0.08MP | 5MP Front Camera,6 GB RAM | 128.0 GB ROM | Expandable Upto 2 TB,6000 mAh Battery,17.12 cm (6.74 inch) Display,4.4,15499,17499,33,2
760,"vivo Y19s 5G (Titanium Silver, 64.0 GB)",16% off,13MP + 0.08MP | 5MP Front Camera,4 GB RAM | 64.0 GB ROM | Expandable Upto 2 TB,6000 mAh Battery,17.12 cm (6.74 inch) Display,4.4,12499,14999,70,2
761,"OPPO Reno15 Pro Mini 5G (Glacier White, 512 GB)",7% off,200MP + 50MP + 50MP | Yes,12 GB RAM | 512 GB ROM,6200 mAh Battery,16.05 cm (6.32 inch) Full HD+ Display,4.7,64999,69999,288,67
762,"Nothing Phone (3a) Lite (Black, 128 GB)",4% off,50MP + 8MP + 2MP | 16MP Front Camera,8 GB RAM | 128 GB ROM,5000 mAh Lithium ion Battery,43.66 cm (17.19 cm) Full HD+ Display,4.4,21999,22999,621,41
763,"Tecno Pova Curve 5G (Geek Black, 256 GB)",16% off,64MP Rear Camera | 13MP Front Camera,8 GB RAM | 256 GB ROM,5500 mAh Battery,17.22 cm (6.78 inch) Display,4.4,19999,23999,1478,148
764,"Nothing Phone (3a) Lite (Blue, 128 GB)",4% off,50MP + 8MP + 2MP | 16MP Front Camera,8 GB RAM | 128 GB ROM,5000 mAh Lithium ion Battery,43.66 cm (17.19 cm) Full HD+ Display,4.4,21999,22999,621,41
765,"Nothing Phone (3a) Lite (White, 256 GB)",4% off,50MP + 8MP + 2MP | 16MP Front Camera,8 GB RAM | 256 GB ROM,5000 mAh Lithium ion Battery,43.66 cm (17.19 cm) Full HD+ Display,4.4,23999,24999,621,41
766,"realme C73 5G (Onyx Black, 64 GB)",7% off,32MP Rear Camera | 8MP Front Camera,4 GB RAM | 64 GB ROM | Expandable Upto 2 TB,6000 mAh Battery,16.94 cm (6.67 inch) HD+ Display,4.2,11999,12999,1592,80
767,"IQOO 15 5G (Legend, 512 GB)",7% off,50MP Rear Camera,16 GB RAM | 512 GB ROM,7000 mAh Battery,17.4 cm (6.85 inch) Display,4.6,78000,83999,17,2
768,"realme 14x 5G (Crystal Black, 128 GB)",11% off,50MP Rear Camera | 8MP Front Camera,6 GB RAM | 128 GB ROM | Expandable Upto 2 TB,6000 mAh Battery,16.94 cm (6.67 inch) HD+ Display,4.3,14997,16999,14056,678
769,"MTOUCH Z ROCK Max Flip Dual Sim Keypad Mobile with 2.4 ""Display Flip/Fold Call & SMS",42% off,0.3MP Rear Camera,32 MB RAM | 32 MB ROM,3000 mAh Battery,6.1 cm (2.4 inch) Display,3.9,1725,2999,199,7
770,"Coolpad CP12 Neo (Blue, 64 GB)",27% off,13MP Rear Camera | 5MP Front Camera,8 GB RAM | 64 GB ROM | Expandable Upto 512 GB,5000 mAh Battery,16.66 cm (6.56 inch) Display,,7299,9999,7161,549
771,"vivo V60 5G (Moonlit Blue, 256 GB)",11% off,50MP + 8MP + 50MP | 50MP Front Camera,8 GB RAM | 256 GB ROM,6500 mAh Battery,17.2 cm (6.77 inch) Display,4.5,38999,43999,3127,243
772,LAVA A3 Torch,23% off,0.3MP + 0MP | 0MP Front Camera,4 MB RAM | 32 MB ROM | Expandable Upto 32 GB,1750 mAh Battery,4.57 cm (1.8 inch) HVGA Display,4.2,1269,1649,680,44
773,"realme C73 5G (Onyx Black, 64 GB)",7% off,32MP Rear Camera | 8MP Front Camera,4 GB RAM | 64 GB ROM | Expandable Upto 2 TB,6000 mAh Battery,16.94 cm (6.67 inch) HD+ Display,4.2,11999,12999,1592,80
774,"OnePlus 15 5G (Ultra Violet, 256 GB)",5% off,50MP Rear Camera,12 GB RAM | 256 GB ROM,7300 mAh Battery,17.22 cm (6.78 inch) Display,4.8,72899,76999,72,8
775,"OnePlus 15 5G (Sand Storm, 256 GB)",5% off,50MP Rear Camera,12 GB RAM | 256 GB ROM,7300 mAh Battery,17.22 cm (6.78 inch) Display,4.8,72973,76999,72,8
776,"KARBONN K9 Jumbo,Dual Keypad Mobile,2.4 Big LCD,2MP Camera,1800mAh Battery,FM,Vibratore",20% off,2MP + 0MP | 2MP Front Camera,52 MB RAM | 32 MB ROM | Expandable Upto 32 GB,1800 mAh Battery,6.1 cm (2.4 inch) QVGA Display,4.1,1498,1890,872,34
777,"OnePlus 15 5G (Infinite Black, 256 GB)",6% off,50MP Rear Camera,12 GB RAM | 256 GB ROM,7300 mAh Battery,17.22 cm (6.78 inch) Display,4.8,72262,76999,72,8
778,"Samsung Galaxy A17 5G (Black, 128 GB)",14% off,50MP + 5MP + 2MP | 13MP Front Camera,8 GB RAM | 128 GB ROM | Expandable Upto 2 TB,5000 mAh Battery,17.02 cm (6.7 inch) Full HD+ Display,4.3,19989,23499,500,25
779,"vivo Y400 5G (Glam White, 256 GB)",10% off,50MP + 2MP | 32MP Front Camera,8 GB RAM | 256 GB ROM,6000 mAh Battery,17.12 cm (6.74 inch) Display,4.4,24999,27999,663,24
780,"vivo Y400 5G (Olive Green, 256 GB)",10% off,50MP + 2MP | 32MP Front Camera,8 GB RAM | 256 GB ROM,6000 mAh Battery,17.12 cm (6.74 inch) Display,4.4,24999,27999,663,24
781,"vivo V60 5G (Moonlit Blue, 256 GB)",10% off,50MP + 8MP + 50MP | 50MP Front Camera,12 GB RAM | 256 GB ROM,6500 mAh Battery,17.2 cm (6.77 inch) Display,4.5,40999,45999,1356,105
782,"OPPO Reno15 Pro Mini 5G (Crystal Pink, 256 GB)",7% off,200MP + 50MP + 50MP | Yes,12 GB RAM | 256 GB ROM,6200 mAh Battery,16.05 cm (6.32 inch) Full HD+ Display,4.7,59999,64999,288,67
783,HOTLINE H310,53% off,0.3MP Rear Camera,32 MB RAM | 32 MB ROM,1000 mAh Battery,4.57 cm (1.8 inch) Display,3.5,469,999,7518,491
784,"REDMI A5 (Just Black, 128 GB)",10% off,32MP Rear Camera | 8MP Front Camera,4 GB RAM | 128 GB ROM | Expandable Upto 2 TB,5200 mAh Battery,17.48 cm (6.88 inch) HD+ Display,4.2,8999,9999,4887,233
785,"OPPO A59 5G (Silk Gold, 128 GB)",24% off,13MP + 2MP | 8MP Front Camera,6 GB RAM | 128 GB ROM | Expandable Upto 1 TB,5000 mAh Battery,16.66 cm (6.56 inch) HD+ Display,4.3,15100,19999,2793,133
786,"POCO M6 5G - Locked with Airtel Prepaid (Orion Blue, 128 GB)",19% off,50MP Rear Camera | 5MP Front Camera,4 GB RAM | 128 GB ROM | Expandable Upto 1 TB,5000 mAh Battery,17.12 cm (6.74 inch) HD+ Display,4.2,10499,12999,155766,7470
787,itel Ace2 Heera | King Talker | Auto Call Recording | Expendable Storage32GB,20% off,1000 mAh Battery,32 MB RAM | 32 MB ROM | Expandable Upto 32 GB,1 year manufacturer Warranty,4.57 cm (1.8 inch) Display,4,870,1099,355,19
788,"Samsung Galaxy A16 5G (Blue Black, 128 GB)",17% off,50MP + 5MP + 2MP | 13MP Front Camera,6 GB RAM | 128 GB ROM,5000 mAh Battery,17.02 cm (6.7 inch) Full HD+ Display,4.2,16448,19999,4458,197
789,"Samsung Galaxy A06 5G (Light Gray, 64 GB)",25% off,50MP + 50MP | 8MP + 2MP Dual Front Camera,4 GB RAM | 64 GB ROM | Expandable Upto 1 TB,5000 mAh Battery,17.02 cm (6.7 inch) HD+ Display,4.1,10499,13999,2876,169
790,"KARBONN K190 Dual SIM,Keypad Phone 1.8''LCD,1000mAh Battery,Camera,ExpandableUpto32GB",24% off,1MP + 0MP | 0.03MP Front Camera,40 MB RAM | 35 MB ROM | Expandable Upto 16 GB,1000 mAh Battery,4.57 cm (1.8 inch) FWVGA Display,4.8,980,1290,11,2
791,"REDMI A5 (Jaisalmer Gold, 64 GB)",11% off,32MP Rear Camera | 8MP Front Camera,3 GB RAM | 64 GB ROM | Expandable Upto 2 TB,5200 mAh Battery,17.48 cm (6.88 inch) HD+ Display,4.1,7999,8999,7208,338
792,"I Kall A5 Flip Mobile Phone - FM Radio, King Voice, Call & SMS Indicator Light",41% off,0.3MP Rear Camera,32 MB RAM | 32 MB ROM | Expandable Upto 8 GB,2000 mAh Battery,4.57 cm (1.8 inch) Display,4.1,1459,2499,34,1
793,"POCO X7 5G (Cosmic Silver, 128 GB)",28% off,50MP + 8MP + 2MP | 20MP Front Camera,8 GB RAM | 128 GB ROM,5500 mAh Battery,16.94 cm (6.67 inch) Display,4.3,17999,24999,29521,2217
794,"MOTOROLA Edge 60 Pro (Pantone Dazzling Blue, 256 GB)",18% off,50MP + 50MP + 10MP | 50MP Front Camera,8 GB RAM | 256 GB ROM,6000 mAh Battery,17.02 cm (6.7 inch) Display,4.3,29999,36999,46783,3440
795,"vivo V60e (Elite Purple, 128 GB)",8% off,200MP + 8MP | 50MP Front Camera,8 GB RAM | 128 GB ROM,6500 mAh Battery,17.2 cm (6.77 inch) Full HD+ Display,4.4,31999,34999,2682,163
796,"Coolpad CP12 Neo (Blue, 64 GB)",27% off,13MP Rear Camera | 5MP Front Camera,8 GB RAM | 64 GB ROM | Expandable Upto 512 GB,5000 mAh Battery,16.66 cm (6.56 inch) Display,,7299,9999,7161,549
797,"POCO X7 5G (Cosmic Silver, 256 GB)",28% off,50MP + 8MP + 2MP | 20MP Front Camera,8 GB RAM | 256 GB ROM,5500 mAh Battery,16.94 cm (6.67 inch) Display,4.3,19999,27999,29521,2217
798,Samsung Metro SM-313,50% off,0.3MP Rear Camera,4 MB RAM | 16 GB ROM | Expandable Upto 16 GB,1000 mAh Battery,5.08 cm (2 inch) QVGA Display,3,998,1999,141,18
799,"Samsung Galaxy A06 5G (Light Green, 128 GB)",24% off,50MP + 2MP | 8MP Front Camera,4 GB RAM | 128 GB ROM,5000 mAh Li-ion Battery,17.02 cm (6.7 inch) HD+ Display,4.1,11685,15499,2876,169
800,"vivo Y31 5G (Diamond Green, 128 GB)",15% off,50MP + 0.08MP | 8MP Front Camera,4 GB RAM | 128 GB ROM,6500 mAh Battery,16.97 cm (6.68 inch) Full HD+ Display,4.4,16999,19999,350,10
801,"Nothing Phone (3a) Lite (Blue, 256 GB)",4% off,50MP + 8MP + 2MP | 16MP Front Camera,8 GB RAM | 256 GB ROM,5000 mAh Lithium ion Battery,43.66 cm (17.19 cm) Full HD+ Display,4.4,23999,24999,621,41
802,Jio Bharat V4 JBV191M2 4G UPI Phone,58% off,0.3MP Rear Camera | 0MP Front Camera,36 MB RAM | 36 MB ROM | Expandable Upto 128 GB,1000 mAh Battery,4.5 cm (1.77 inch) QVGA Display,3.8,729,1749,272,25
803,"REDMI 14C 5G (Stardust Purple, 128 GB)",17% off,50MP Rear Camera | 8MP Front Camera,4 GB RAM | 128 GB ROM | Expandable Upto 1 TB,5160 mAh Battery,17.48 cm (6.88 inch) HD+ Display,4.2,11500,13999,9171,453
804,"REDMI Note 15 5G (Black, 128 GB)",13% off,108MP Rear Camera,8 GB RAM | 128 GB ROM,5520 mAh Battery,17.2 cm (6.77 inch) Display,4.6,23360,26999,60,4
805,Kechaoda K9,24% off,0.3MP Rear Camera,32 MB RAM | 64 MB ROM | Expandable Upto 16 GB,1700 mAh Battery,6.1 cm (2.4 inch) QVGA Display,4.1,1215,1599,3746,305
806,"REDMI 15C 5G (Moonlight Blue, 128 GB)",18% off,50MP Rear Camera,4 GB RAM | 128 GB ROM,6000 mAh Battery,17.53 cm (6.9 inch) Display,4,12250,14999,44,1
807,"REDMI 13 5G (Orchid Pink, 128 GB)",25% off,108MP Rear Camera,8 GB RAM | 128 GB ROM,5030 mAh Battery,17.25 cm (6.79 inch) Full HD+ Display,4.2,14974,19999,15051,790
808,"POCO C61  - Locked with Airtel Prepaid (Mystical Green, 64 GB)",16% off,8MP Rear Camera | 5MP Front Camera,4 GB RAM | 64 GB ROM | Expandable Upto 1 TB,5000 mAh Battery,17.04 cm (6.71 inch) HD+ Display,4.1,7499,8999,116059,4719
809,"Samsung Galaxy M16 5G (Blush Pink, 128 GB)",15% off,50MP Rear Camera,4 GB RAM | 128 GB ROM,5000 mAh Battery,17.02 cm (6.7 inch) Display,4.1,13499,15999,559,20
810,itel it5330 | 2.8 inch Big Display | 1900 mAh Battery | Kingvoice,No Offer,0.8MP + 0MP | 0MP Front Camera,32 MB RAM | 32 MB ROM | Expandable Upto 32 GB,1900 mAh Battery,7.11 cm (2.8 inch) Quarter QVGA Display,4.1,1799,1799,25843,1492
811,"KARBONN K9 4G Dual SIM, 2.4""LCD,2000mAh Battery,Youtube,Facebook,2MP,SDCard upto128GB",16% off,2MP + 0MP | 0MP Front Camera,64 MB RAM | 128 MB ROM | Expandable Upto 128 GB,2000 mAh Battery,6.1 cm (2.4 inch) FWVGA Display,4,2498,2990,23,1
812,itel it5330 | 2.8 inch Big Display | 1900 mAh Battery | Kingvoice,No Offer,0.8MP + 0MP | 0MP Front Camera,32 MB RAM | 32 MB ROM | Expandable Upto 32 GB,1900 mAh Battery,7.11 cm (2.8 inch) Quarter QVGA Display,4.1,1799,1799,25843,1492
813,itel it5330 | 2.8 inch Big Display | 1900 mAh Battery | Kingvoice,No Offer,0.8MP + 0MP | 0MP Front Camera,32 MB RAM | 32 MB ROM | Expandable Upto 32 GB,1900 mAh Battery,7.11 cm (2.8 inch) Quarter QVGA Display,4.1,1799,1799,25843,1492
814,"Samsung Galaxy S25 Ultra 5G (Titanium Silverblue, 256 GB)",16% off,200MP + 50MP + 50MP + 10MP | 12MP Front Camera,12 GB RAM | 256 GB ROM,5000 mAh Battery,17.53 cm (6.9 inch) Quad HD+ Display,4.6,108988,129999,2594,262
815,"vivo Y400 Pro 5G (Nebula Purple, 128 GB)",13% off,50MP + 2MP | 32MP Front Camera,8 GB RAM | 128 GB ROM,5500 mAh Battery,17.2 cm (6.77 inch) Display,4.4,25999,29999,1453,76
816,"Coolpad CP12 Neo (Blue, 64 GB)",27% off,13MP Rear Camera | 5MP Front Camera,8 GB RAM | 64 GB ROM | Expandable Upto 512 GB,5000 mAh Battery,16.66 cm (6.56 inch) Display,,7299,9999,7161,549
817,"vivo Y400 Pro 5G (Nebula Purple, 256 GB)",12% off,50MP + 2MP | 32MP Front Camera,8 GB RAM | 256 GB ROM,5500 mAh Battery,17.2 cm (6.77 inch) Display,4.4,27999,31999,1453,76
818,"REDMI 13 5G (Orchid Pink, 128 GB)",No Offer,108MP Rear Camera,6 GB RAM | 128 GB ROM,5030 mAh Battery,17.25 cm (6.79 inch) Full HD+ Display,4.3,17999,17999,49006,2413
819,Kechaoda A26,40% off,800 mAh Battery,32 MB RAM | 32 MB ROM | Expandable Upto 16 GB,3 Months Company Warranty,1.68 cm (0.66 inch) FWVGA Display,4,838,1399,30256,1642
820,"realme C73 5G (Onyx Black, 128 GB)",8% off,32MP Rear Camera | 8MP Front Camera,4 GB RAM | 128 GB ROM | Expandable Upto 2 TB,6000 mAh Battery,16.94 cm (6.67 inch) HD+ Display,4.2,12799,13999,1592,80
821,"Google Pixel 10 Pro (Moonstone, 256 GB)",No Offer,48MP + 48MP + 48MP | 42MP Front Camera,16 GB RAM | 256 GB ROM,4870 mAh Battery,16.0 cm (6.3 inch) Quad HD+ Display,4.6,109999,109999,386,34
822,LAVA A5_23 Keypad Mobile| 1000 mAh Battery|0.3MP Rear Camera|Expandable Upto 32 GB,41% off,0.3MP Rear Camera,32 MB RAM | 32 MB ROM | Expandable Upto 32 GB,1000 mAh Battery,6.1 cm (2.4 inch) QVGA Display,3.9,987,1699,501,19
823,itel Ace2 Heera | King Talker | Auto Call Recording | Expendable Storage32GB,21% off,1000 mAh Battery,32 MB RAM | 32 MB ROM | Expandable Upto 32 GB,1 year manufacturer Warranty,4.57 cm (1.8 inch) Display,4,865,1099,355,19
824,"MOTOROLA Razr 60 (PANTONE Spring Bud, 256 GB)",9% off,50MP + 13MP | 32MP Front Camera,8 GB RAM | 256 GB ROM,4500 mAh Battery,17.53 cm (6.9 inch) Full HD+ Display,4.4,49999,54999,2163,154
825,Kechaoda K28 PRO,37% off,0.3MP Rear Camera,32 MB RAM | 64 MB ROM | Expandable Upto 16 GB,3000 mAh Battery,6.1 cm (2.4 inch) QVGA Display,3.8,1249,1999,310,17
826,"vivo Y19s 5G (Titanium Silver, 128.0 GB)",15% off,13MP + 0.08MP | 5MP Front Camera,4 GB RAM | 128.0 GB ROM | Expandable Upto 2 TB,6000 mAh Battery,17.12 cm (6.74 inch) Display,4.4,13499,15999,70,2
827,"Samsung Galaxy M17 5G (Sapphire Black, 128 GB)",20% off,50MP Rear Camera,6 GB RAM | 128 GB ROM,5000 mAh Battery,17.02 cm (6.7 inch) Display,4.4,15462,19499,248,16
828,"Samsung Galaxy M17 5G (Moonlight Silver, 128 GB)",21% off,50MP Rear Camera,6 GB RAM | 128 GB ROM,5000 mAh Battery,17.02 cm (6.7 inch) Display,4.4,15347,19499,248,16
829,"realme C73 5G (Jade Green, 64 GB)",13% off,32MP Rear Camera | 8MP Front Camera,4 GB RAM | 64 GB ROM | Expandable Upto 2 TB,6000 mAh Battery,16.94 cm (6.67 inch) HD+ Display,4.2,11299,12999,1592,80
830,"IQOO 15 5G (Alpha, 512 GB)",7% off,50MP Rear Camera,16 GB RAM | 512 GB ROM,7000 mAh Battery,17.4 cm (6.85 inch) Display,4.6,78000,83999,17,2
831,"IQOO 15 5G (Legend, 512 GB)",7% off,50MP Rear Camera,16 GB RAM | 512 GB ROM,7000 mAh Battery,17.4 cm (6.85 inch) Display,4.6,78000,83999,17,2
832,"Samsung Galaxy S25 Plus 5G (Navy, 256 GB)",25% off,50MP + 10MP + 12MP | 12MP Front Camera,12 GB RAM | 256 GB ROM,4900 mAh Battery,17.02 cm (6.7 inch) Quad HD+ Display,4.7,74999,99999,353,44
833,"Samsung Galaxy M16 5G (Blush Pink, 128 GB)",17% off,50MP Rear Camera,6 GB RAM | 128 GB ROM,5000 mAh Battery,17.02 cm (6.7 inch) Display,4.2,14499,17499,1271,61
834,Samsung Metro SM-B313ez,49% off,0.3MP Rear Camera,Expandable Upto 16 GB,1000 mAh Battery,5.08 cm (2 inch) QVGA Display,3.1,1000,1999,2162,201
835,"I Kall I6 Multimedia Mobile Phone - 2.4"" Display, 2500mAh Battery, Triple-Sim",49% off,0.3MP Rear Camera,32 MB RAM | 32 MB ROM | Expandable Upto 8 GB,2500 mAh Battery,6.1 cm (2.4 inch) Display,3.8,854,1699,25,0
836,"Ai+ Nova 5G (Black, 128 GB)",23% off,50MP Rear Camera | 5MP Front Camera,8 GB RAM | 128 GB ROM | Expandable Upto 1 TB,5000 mAh Battery,17.13 cm (6.745 inch) HD+ Display,3.9,9999,12999,4641,393
837,Samsung Metro 313,15% off,0.3MP Rear Camera,4 GB RAM | 2.27 MB ROM,1000 mAh Battery,5.08 cm (2 inch) Display,3,2461,2899,13139,993
838,"OPPO Reno15 Pro Mini 5G (Cocoa Brown, 256 GB)",7% off,200MP + 50MP + 50MP | Yes,12 GB RAM | 256 GB ROM,6200 mAh Battery,16.05 cm (6.32 inch) Full HD+ Display,4.7,59999,64999,288,67
839,"Nothing Phone (3a) Lite (White, 128 GB)",4% off,50MP + 8MP + 2MP | 16MP Front Camera,8 GB RAM | 128 GB ROM,5000 mAh Lithium ion Battery,43.66 cm (17.19 cm) Full HD+ Display,4.4,21999,22999,621,41
840,"realme P4x 5G (Lake Green, 128 GB)",8% off,50MP + 2MP | 8MP Front Camera,6 GB RAM | 128 GB ROM,7000 mAh Battery,17.07 cm (6.72 inch) Full HD+ Display,4.4,16499,17999,7161,549
841,"Coolpad CP12 Neo (Gold, 64 GB)",27% off,13MP Rear Camera | 5MP Front Camera,8 GB RAM | 64 GB ROM | Expandable Upto 512 GB,5000 mAh Battery,16.66 cm (6.56 inch) Display,,7299,9999,7161,549
842,Samsung Metro 313,15% off,0.3MP Rear Camera,4 GB RAM | 2.27 MB ROM,1000 mAh Battery,5.08 cm (2 inch) Display,3,2461,2899,13139,993
843,"KARBONN K9 4G Dual SIM, 2.4""LCD,2000mAh Battery,Youtube,Facebook,2MP,SDCard upto128GB",16% off,2MP + 0MP | 0MP Front Camera,64 MB RAM | 128 MB ROM | Expandable Upto 128 GB,2000 mAh Battery,6.1 cm (2.4 inch) FWVGA Display,4,2498,2990,23,1
844,"REDMI Note 14 Pro 5G (Champagne Gold, 256 GB)",No Offer,50MP + 8MP + 2MP | 20MP Front Camera,8 GB RAM | 256 GB ROM,5500 mAh Battery,16.94 cm (6.67 inch) Display,4.4,30999,30999,5513,380
845,"Motorola g45 5G (Viva Magenta, 128 GB)",20% off,50MP + 2MP | 16MP Front Camera,8 GB RAM | 128 GB ROM | Expandable Upto 1 TB,5000 mAh Battery,16.51 cm (6.5 inch) HD+ Display,4.3,11999,14999,253008,12454
846,"Tecno Pova 7 5G (Geek Black, 256 GB)",20% off,50MP + AI | 13MP Front Camera,8 GB RAM | 256 GB ROM,6000 mAh Battery,17.22 cm (6.78 inch) Full HD+ Display,4.4,15999,19999,9322,711
847,"LAVA Bold N1 Pro (Titanium Gold, 128 GB)",No Offer,50MP Rear Camera,4 GB RAM | 128 GB ROM,5000 mAh Battery,16.76 cm (6.6 inch) Display,4,8390,8399,370,22
848,"Google Pixel 10 (Frost, 256 GB)",6% off,48MP + 13MP + 10.8MP | 10.5MP Front Camera,12 GB RAM | 256 GB ROM,4970 mAh Battery,16.0 cm (6.3 inch) Quad HD+ Display,4.5,74999,79999,1658,106
849,"vivo Y400 Pro 5G (Freestyle White, 128 GB)",13% off,50MP + 2MP | 32MP Front Camera,8 GB RAM | 128 GB ROM,5500 mAh Battery,17.2 cm (6.77 inch) Display,4.4,25999,29999,1453,76
850,"Nothing Phone (3a) Lite (White, 128 GB)",4% off,50MP + 8MP + 2MP | 16MP Front Camera,8 GB RAM | 128 GB ROM,5000 mAh Lithium ion Battery,43.66 cm (17.19 cm) Full HD+ Display,4.4,21999,22999,621,41
851,"OPPO Reno15 5G (Twilight Blue, 256 GB)",8% off,50MP + 50MP + 8MP | Yes,8 GB RAM | 256 GB ROM,6500 mAh Battery,16.74 cm (6.59 inch) Full HD+ Display,4.6,45999,49999,348,70
852,"POCO C61 (Diamond Dust Black, 64 GB)",16% off,8MP Rear Camera | 5MP Front Camera,4 GB RAM | 64 GB ROM | Expandable Upto 1 TB,5000 mAh Battery,17.04 cm (6.71 inch) HD+ Display,4.1,7499,8999,116059,4719
853,"Samsung Galaxy M16 5G (Blush Pink, 128 GB)",17% off,50MP Rear Camera,6 GB RAM | 128 GB ROM,5000 mAh Battery,17.02 cm (6.7 inch) Display,4.2,14499,17499,1271,61
854,"REDMI 13 5G (Orchid Pink, 128 GB)",30% off,108MP + 2MP | 13MP Front Camera,6 GB RAM | 128 GB ROM | Expandable Upto 1 TB,5030 mAh Lithium Polymer Battery,17.25 cm (6.79 inch) Full HD+ Display,4.3,12499,17999,49006,2413
855,"Samsung Galaxy F17 5G (Neo Black, 128 GB)",6% off,50MP + 5MP | 13MP Front Camera,4 GB RAM | 128 GB ROM | Expandable Upto 2 TB,5000 mAh Battery,17.02 cm (6.7 inch) Full HD+ Display,4.2,15499,16499,107,8
856,"realme P3 Ultra 5G (Orion Red, 256 GB)",25% off,50MP + 8MP | 16MP Front Camera,12 GB RAM | 256 GB ROM,6000 mAh Battery,17.35 cm (6.83 inch) Display,4.5,26999,35999,4105,374
857,Kechaoda K-033 Pink,33% off,0.3MP + 0MP | 0MP Front Camera,32 MB RAM | 32 GB ROM | Expandable Upto 32 MB,800 mAh Battery,3.66 cm (1.44 inch) NA Display,4.4,999,1499,13,0
858,ringme R1+ JUMBO,50% off,1MP Rear Camera,32 MB RAM | 32 MB ROM,4000 mAh Battery,6.1 cm (2.4 inch) Display,4.2,1499,2999,399,25
859,"REDMI 15C 5G (Midnight Black, 128 GB)",14% off,50MP Rear Camera,6 GB RAM | 128 GB ROM,6000 mAh Battery,17.53 cm (6.9 inch) Display,4.3,13749,15999,69,3
860,"REDMI 15C 5G (Moonlight Blue, 128 GB)",18% off,50MP Rear Camera,4 GB RAM | 128 GB ROM,6000 mAh Battery,17.53 cm (6.9 inch) Display,4,12250,14999,44,1
861,"REDMI 13 5G (Hawaiian Blue, 128 GB)",30% off,108MP + 2MP | 13MP Front Camera,6 GB RAM | 128 GB ROM | Expandable Upto 1 TB,5030 mAh Lithium Polymer Battery,17.25 cm (6.79 inch) Full HD+ Display,4.3,12499,17999,49006,2413
862,"REDMI 13 5G (Orchid Pink, 128 GB)",30% off,108MP + 2MP | 13MP Front Camera,8 GB RAM | 128 GB ROM | Expandable Upto 1 TB,5030 mAh Lithium Polymer Battery,17.25 cm (6.79 inch) Full HD+ Display,4.2,13999,19999,15051,790
863,Micromax X1i Smart Plus,52% off,0.08MP Rear Camera,32 MB RAM | 32 MB ROM,1750 mAh Battery,6.1 cm (2.4 inch) Display,3.6,999,2099,270,15
864,"OPPO K13 Turbo Pro 5G (Purple Phantom, 256 GB)",17% off,50MP + 2MP | 16MP Front Camera,12 GB RAM | 256 GB ROM,7000 mAh Battery,17.27 cm (6.8 inch) Full HD+ Display,4.4,36999,44999,365,35
865,"Tecno Pova Curve 5G (Neon Cyan, 128 GB)",10% off,64MP Rear Camera | 13MP Front Camera,8 GB RAM | 128 GB ROM,5500 mAh Battery,17.22 cm (6.78 inch) Display,4.4,17999,19999,1478,148
866,"realme P4x 5G (Lake Green, 128 GB)",8% off,50MP + 2MP | 8MP Front Camera,6 GB RAM | 128 GB ROM,7000 mAh Battery,17.07 cm (6.72 inch) Full HD+ Display,4.4,16499,17999,7161,549
867,"Coolpad CP12 Neo (Gold, 64 GB)",27% off,13MP Rear Camera | 5MP Front Camera,8 GB RAM | 64 GB ROM | Expandable Upto 512 GB,5000 mAh Battery,16.66 cm (6.56 inch) Display,,7299,9999,7161,549
868,"REDMI 15C 5G (Dusk Purple, 128 GB)",17% off,50MP Rear Camera,4 GB RAM | 128 GB ROM,6000 mAh Battery,17.53 cm (6.9 inch) Display,4,12400,14999,44,1
869,"REDMI Note 15 5G (Black, 128 GB)",13% off,108MP Rear Camera,8 GB RAM | 128 GB ROM,5520 mAh Battery,17.2 cm (6.77 inch) Display,4.6,23360,26999,60,4
870,"REDMI 13 5G Prime Edition (Hawaiian Blue, 128 GB)",25% off,13MP Rear Camera,8 GB RAM | 128 GB ROM,5030 mAh Battery,17.25 cm (6.79 inch) Display,4.2,14966,19999,294,11
871,Samsung Guru 1200,52% off,800 mAh Battery,4 MB RAM | 10 MB ROM,,3.86 cm (1.52 inch) NA Display,3,799,1698,12287,842
872,"Samsung Galaxy M35 5G (DayBreak Blue, 128 GB)",30% off,50MP Rear Camera,8 GB RAM | 128 GB ROM,6000 mAh Battery,16.76 cm (6.6 inch) Display,4.3,17990,25999,5910,375
873,"REDMI Note 14 5G (Mystique White, 256 GB)",23% off,50MP Rear Camera,8 GB RAM | 256 GB ROM,5110 mAh Battery,16.94 cm (6.67 inch) Display,4.2,19199,24999,4330,240
874,"OPPO A6x 5G (Olive Green, 128 GB)",2% off,13MP Rear Camera | 5MP Front Camera,6 GB RAM | 128 GB ROM,6500 mAh Battery,17.14 cm (6.75 inch) HD+ Display,4.5,16999,17499,85,3
875,"realme P3 Pro 5G (Nebula Glow, 128 GB)",31% off,50MP + 2MP | 16MP Front Camera,8 GB RAM | 128 GB ROM,6000 mAh Battery,17.35 cm (6.83 inch) Display,4.4,19999,28999,18372,1370
876,"realme P3 Pro 5G (Galaxy Purple, 256 GB)",29% off,50MP + 2MP | 16MP Front Camera,8 GB RAM | 256 GB ROM,6000 mAh Battery,17.35 cm (6.83 inch) Display,4.4,21999,30999,18372,1370
877,itel it5330 | 2.8 inch Big Display | 1900 mAh Battery | Kingvoice,No Offer,0.8MP + 0MP | 0MP Front Camera,32 MB RAM | 32 MB ROM | Expandable Upto 32 GB,1900 mAh Battery,7.11 cm (2.8 inch) Quarter QVGA Display,4.1,1799,1799,25843,1492
878,itel it5330 | 2.8 inch Big Display | 1900 mAh Battery | Kingvoice,No Offer,0.8MP + 0MP | 0MP Front Camera,32 MB RAM | 32 MB ROM | Expandable Upto 32 GB,1900 mAh Battery,7.11 cm (2.8 inch) Quarter QVGA Display,4.1,1799,1799,25843,1492
879,"REDMI Note 14 5G (Titan Black, 256 GB)",23% off,50MP Rear Camera,8 GB RAM | 256 GB ROM,5110 mAh Battery,16.94 cm (6.67 inch) Display,4.2,19199,24999,4330,240
880,"OPPO A6x 5G (Ice Blue, 128 GB)",9% off,13MP Rear Camera | 5MP Front Camera,4 GB RAM | 128 GB ROM,6500 mAh Battery,17.14 cm (6.75 inch) HD+ Display,4.6,14499,15999,99,2
881,"OPPO A6x 5G (Olive Green, 128 GB)",9% off,13MP Rear Camera | 5MP Front Camera,4 GB RAM | 128 GB ROM,6500 mAh Battery,17.14 cm (6.75 inch) HD+ Display,4.6,14499,15999,99,2
882,"IQOO Z10 Lite 5G (Cyber Green, 64 GB)",13% off,50MP Rear Camera,4 GB RAM | 64 GB ROM,6000 mAh Battery,17.12 cm (6.74 inch) Display,4.2,11290,12999,2387,94
883,"Apple iPhone 17 (White, 512 GB)",No Offer,48MP + 48MP | 18MP Front Camera,512 GB ROM,"A19 Chip, 6 Core Processor Processor",16.0 cm (6.3 inch) Super Retina XDR Display,4.7,102900,102900,4850,261
884,"REDMI 15C 5G (Moonlight Blue, 128 GB)",11% off,50MP Rear Camera,6 GB RAM | 128 GB ROM,6000 mAh Battery,17.53 cm (6.9 inch) Display,4.3,14179,15999,69,3
885,"MOTOROLA Edge 70 (PANTONE Bronze Green, 256 GB)",5% off,50MP + 50MP | 50MP Front Camera,8 GB RAM | 256 GB ROM,5000 mAh Battery,17.02 cm (6.7 inch) Display,4.4,32999,34999,1829,172
886,"Apple iPhone 17 Pro (Deep Blue, 256 GB)",No Offer,48MP + 48MP + 48MP | 18MP Front Camera,256 GB ROM,"A19 Chip, 6 Core Processor Processor",16.0 cm (6.3 inch) Super Retina XDR Display,4.7,134900,134900,838,59
887,"Ai+ Pulse (Pink, 64 GB)",12% off,50MP Rear Camera | 5MP Front Camera,4 GB RAM | 64 GB ROM | Expandable Upto 1 TB,5000 mAh Battery,17.13 cm (6.745 inch) HD+ Display,4.3,6999,7999,44538,2650
888,"OPPO A6x 5G (Ice Blue, 64 GB)",6% off,13MP Rear Camera | 5MP Front Camera,4 GB RAM | 64 GB ROM,6500 mAh Battery,17.14 cm (6.75 inch) HD+ Display,4.6,13499,14499,99,2
889,"REDMI Note-14 Pro+ 5G (Titan Black, 512 GB)",15% off,50MP + 50MP + 8MP | 20MP Front Camera,12 GB RAM | 512 GB ROM,6200 mAh Battery,16.94 cm (6.67 inch) Display,4.4,33995,39999,472,15
890,"realme P4x 5G (Lake Green, 128 GB)",8% off,50MP + 2MP | 8MP Front Camera,6 GB RAM | 128 GB ROM,7000 mAh Battery,17.07 cm (6.72 inch) Full HD+ Display,4.4,16499,17999,7161,549
891,"Coolpad CP12 Neo (Gold, 64 GB)",27% off,13MP Rear Camera | 5MP Front Camera,8 GB RAM | 64 GB ROM | Expandable Upto 512 GB,5000 mAh Battery,16.66 cm (6.56 inch) Display,,7299,9999,7161,549
892,Kechaoda A26,40% off,800 mAh Battery,32 MB RAM | 32 MB ROM | Expandable Upto 16 GB,3 Months Company Warranty,1.68 cm (0.66 inch) FWVGA Display,4,838,1399,30256,1642
893,"Motorola Edge 50 Fusion (Forest Green, 128 GB)",26% off,50MP + 13MP | 32MP Front Camera,8 GB RAM | 128 GB ROM,5000 mAh Battery,17.02 cm (6.7 inch) Full HD+ Display,4.4,18999,25999,142440,9008
894,"realme P3 Ultra 5G (Glowing Lunar White, 128 GB)",25% off,50MP + 8MP | 16MP Front Camera,8 GB RAM | 128 GB ROM,6000 mAh Battery,17.35 cm (6.83 inch) Display,4.4,23999,31999,19876,1921
895,"LAVA Shark (Titanium Gold, 64 GB)",8% off,50MP + 8MP,4 GB RAM | 64 GB ROM | Expandable Upto 256 GB,5000 mAh Battery,16.94 cm (6.67 inch) HD+ Display,4.2,7099,7799,244,9
896,UiSmart Ui06,21% off,2MP + 0MP | 0MP Front Camera,512 MB RAM | 32 MB ROM | Expandable Upto 32 TB,1050 mAh Battery,4.5 cm (1.77 inch) QVGA Display,4,1644,2099,1490,130
897,"Samsung S25 Ultra 5G (Titanium Gray, 256 GB)",16% off,200MP + 50MP + 50MP + 10MP | 12MP Front Camera,12 GB RAM | 256 GB ROM,5000 mAh Battery,17.53 cm (6.9 inch) Quad HD+ Display,4.6,108988,129999,360,24
898,KARBONN K140 Pop,12% off,0.3MP Rear Camera,32 MB RAM | 32 MB ROM | Expandable Upto 16 GB,1000 mAh Battery,4.57 cm (1.8 inch) Display,3.9,955,1090,6206,520
899,"realme Gt 7 (Icesense Blue, 256 GB)",23% off,50MP + 50MP + 8MP + 50MP | 32MP + 32MP Dual Front Camera,8 GB RAM | 256 GB ROM,7000 mAh Battery,17.02 cm (6.7 inch) Full HD+ AMOLED Display,4.5,34999,45999,375,41
900,"realme GT 7T (IceSense Black, 256 GB)",12% off,50MP + 8MP | 32MP Front Camera,8 GB RAM | 256 GB ROM,7000 mAh Li-ion Battery,17.27 cm (6.8 inch) Full HD+ AMOLED Display,4.3,34999,39999,714,62
901,"REDMI Note-14 Pro+ 5G (Spectre Blue, 256 GB)",25% off,50MP + 50MP + 8MP | 20MP Front Camera,8 GB RAM | 256 GB ROM,6200 mAh Battery,16.94 cm (6.67 inch) Display,4.4,27580,36999,565,28
902,"Motorola G34 5G (Ice Blue, 128 GB)",No Offer,50MP + 2MP | 16MP Front Camera,8 GB RAM | 128 GB ROM,5000 mAh Battery,16.51 cm (6.5 inch) HD+ Display,4.2,14999,14999,149320,10010
903,"Samsung Galaxy A06 5G (Black, 128 GB)",23% off,50MP + 2MP | 8MP Front Camera,6 GB RAM | 128 GB ROM,5000 mAh Li-ion Battery,17.02 cm (6.7 inch) HD+ Display,4.1,12999,16999,90,6
904,"OPPO K13 Turbo Pro 5G (Purple Phantom, 256 GB)",16% off,50MP + 2MP | 16MP Front Camera,8 GB RAM | 256 GB ROM,7000 mAh Battery,17.27 cm (6.8 inch) Full HD+ Display,4.3,34999,41999,173,13
905,"OPPO K13 Turbo Pro 5G (Midnight Maverick, 256 GB)",16% off,50MP + 2MP | 16MP Front Camera,8 GB RAM | 256 GB ROM,7000 mAh Battery,17.27 cm (6.8 inch) Full HD+ Display,4.3,34999,41999,173,13
906,"vivo V60 5G (Auspicious Gold, 512 GB)",9% off,50MP + 8MP + 50MP | 50MP Front Camera,16 GB RAM | 512 GB ROM,6500 mAh Battery,17.2 cm (6.77 inch) Display,4.5,45999,50999,735,56
907,"REDMI 13c 5G (Startrail Green, 128 GB)",31% off,50MP Rear Camera,4 GB RAM | 128 GB ROM,5000 mAh Battery,17.12 cm (6.74 inch) Display,4.3,9654,13999,47373,1852
908,itel Power 450 | 2.4 inch Big Display | 2500 mAh Battery | Type C Charging,21% off,0.8MP Rear Camera,32 MB RAM | 32 MB ROM | Expandable Upto 32 GB,2500 mAh Battery,6.1 cm (2.4 inch) Display,4.1,1498,1899,1373,97
909,"MOTOROLA Edge 60 Stylus (PANTONE Surf the Web, 256 GB)",31% off,50MP + 13MP | 32MP Front Camera,8 GB RAM | 256 GB ROM | Expandable Upto 1 TB,5000 mAh Battery,16.94 cm (6.67 inch) Display,4.3,19999,28999,14541,1056
910,"realme 15x 5G (Aqua Blue, 128 GB)",No Offer,50MP Rear Camera | 50MP Front Camera,6 GB RAM | 128 GB ROM | Expandable Upto 2 TB,7000 mAh Battery,17.27 cm (6.8 inch) Display,4.4,18999,18999,4100,273
911,"OPPO A6x 5G (Olive Green, 64 GB)",6% off,13MP Rear Camera | 5MP Front Camera,4 GB RAM | 64 GB ROM,6500 mAh Battery,17.14 cm (6.75 inch) HD+ Display,4.6,13499,14499,99,2
912,"OPPO Reno15 5G (Aurora Blue, 256 GB)",10% off,50MP + 50MP + 8MP | Yes,12 GB RAM | 256 GB ROM,6500 mAh Battery,16.74 cm (6.59 inch) Full HD+ Display,4.6,48999,54999,142,11
913,itel Power 450 | 2.4 inch Big Display | 2500 mAh Battery | Type C Charging,21% off,0.8MP Rear Camera,32 MB RAM | 32 MB ROM | Expandable Upto 32 GB,2500 mAh Battery,6.1 cm (2.4 inch) Display,4.1,1498,1899,1373,97
914,"POCO M7 Plus 5G (Chrome Silver, 128 GB)",17% off,50MP AI Dual Camera,6 GB RAM | 128 GB ROM | Expandable Upto 2 TB,7000 mAh Battery,17.53 cm (6.9 inch) Display,4.3,13999,16999,6520,340
915,"OPPO K13 Turbo Pro 5G (Silver Knight, 256 GB)",16% off,50MP + 2MP | 16MP Front Camera,8 GB RAM | 256 GB ROM,7000 mAh Battery,17.27 cm (6.8 inch) Full HD+ Display,4.3,34999,41999,173,13
916,"Coolpad CP12 Neo (Blue, 64 GB)",27% off,13MP Rear Camera | 5MP Front Camera,8 GB RAM | 64 GB ROM | Expandable Upto 512 GB,5000 mAh Battery,16.66 cm (6.56 inch) Display,,7299,9999,7161,549
917,"OPPO K13 Turbo Pro 5G (Purple Phantom, 256 GB)",17% off,50MP + 2MP | 16MP Front Camera,12 GB RAM | 256 GB ROM,7000 mAh Battery,17.27 cm (6.8 inch) Full HD+ Display,4.4,36999,44999,365,35
918,"realme 15x 5G (Aqua Blue, 128 GB)",No Offer,50MP Rear Camera | 50MP Front Camera,6 GB RAM | 128 GB ROM | Expandable Upto 2 TB,7000 mAh Battery,17.27 cm (6.8 inch) Display,4.4,18999,18999,4100,273
919,"OPPO A6x 5G (Ice Blue, 64 GB)",6% off,13MP Rear Camera | 5MP Front Camera,4 GB RAM | 64 GB ROM,6500 mAh Battery,17.14 cm (6.75 inch) HD+ Display,4.6,13499,14499,99,2
920,"hmd Touch 4G Dual Sim Feature Phone, Cloud Phone Apps, Wi-Fi & Hotspot (Dark Blue, 128 MB)",14% off,2MP Rear Camera,4 MB RAM | 128 MB ROM,1950 mAh Battery,8.13 cm (3.2 inch) Display,3.7,4274,4999,77,7
921,"Samsung Galaxy F16 5G (Bling Black, 128 GB)",18% off,50MP + 5MP + 2MP | 13MP Front Camera,8 GB RAM | 128 GB ROM,5000 mAh Battery,16.91 cm (6.657 inch) Full HD+ Display,4.2,15499,18999,3511,215
922,"Nothing Phone (3) (Black, 256 GB)",5% off,50MP + 50MP + 50MP | 50MP Front Camera,12 GB RAM | 256 GB ROM,5500 mAh Battery,16.94 cm (6.67 inch) Display,4.4,79999,84999,3399,343
923,"Samsung Galaxy A17 5G (Gray, 128 GB)",8% off,50MP + 5MP + 2MP | 13MP Front Camera,8 GB RAM | 128 GB ROM | Expandable Upto 2 TB,5000 mAh Battery,17.02 cm (6.7 inch) Full HD+ Display,4.3,20499,22499,500,25
924,"vivo V40e 5G (Mint Green, 128 GB)",30% off,50MP + 8MP | 50MP Front Camera,8 GB RAM | 128 GB ROM,5500 mAh Battery,17.2 cm (6.77 inch) Display,4.4,23765,33999,10745,699
925,"REDMI Note 14 Pro 5G (Ivy Green, 256 GB)",22% off,50MP + 8MP + 2MP | 20MP Front Camera,8 GB RAM | 256 GB ROM,5500 mAh Battery,16.94 cm (6.67 inch) Display,4.4,23999,30999,5513,380
926,"REDMI Note 14 Pro 5G (Titan Black, 256 GB)",22% off,50MP + 8MP + 2MP | 20MP Front Camera,8 GB RAM | 256 GB ROM,5500 mAh Battery,16.94 cm (6.67 inch) Display,4.4,23999,30999,5513,380
927,"REDMI Note 14 Pro 5G (Titan Black, 128 GB)",24% off,50MP + 8MP + 2MP | 20MP Front Camera,8 GB RAM | 128 GB ROM,5500 mAh Battery,16.94 cm (6.67 inch) Display,4.4,21999,28999,5513,380
928,"REDMI Note 14 Pro 5G (Phantom Purple, 256 GB)",22% off,50MP + 8MP + 2MP | 20MP Front Camera,8 GB RAM | 256 GB ROM,5500 mAh Battery,16.94 cm (6.67 inch) Display,4.4,23999,30999,5513,380
929,"Samsung Galaxy A06 5G (Black, 64 GB)",25% off,50MP + 2MP | 8MP Front Camera,4 GB RAM | 64 GB ROM,5000 mAh Li-ion Battery,17.02 cm (6.7 inch) HD+ Display,4.1,10364,13999,2876,169
930,"vivo Y400 5G (Glam White, 128 GB)",11% off,50MP + 2MP | 32MP Front Camera,8 GB RAM | 128 GB ROM,6000 mAh Battery,17.12 cm (6.74 inch) Display,4.4,22999,25999,663,24
931,"vivo V60 5G (Auspicious Gold, 512 GB)",9% off,50MP + 8MP + 50MP | 50MP Front Camera,16 GB RAM | 512 GB ROM,6500 mAh Battery,17.2 cm (6.77 inch) Display,4.5,45999,50999,735,56
932,"Tecno Pova 7 5G (Magic Silver, 256 GB)",20% off,50MP + AI | 13MP Front Camera,8 GB RAM | 256 GB ROM,6000 mAh Battery,17.22 cm (6.78 inch) Full HD+ Display,4.4,15999,19999,9322,711
933,"REDMI Note 14 Pro 5G (Champagne Gold, 256 GB)",No Offer,50MP + 8MP + 2MP | 20MP Front Camera,8 GB RAM | 256 GB ROM,5500 mAh Battery,16.94 cm (6.67 inch) Display,4.4,30999,30999,5513,380
934,"POCO M6 5G - Locked with Airtel Prepaid (Galactic Black, 128 GB)",19% off,50MP Rear Camera | 5MP Front Camera,4 GB RAM | 128 GB ROM | Expandable Upto 1 TB,5000 mAh Battery,17.12 cm (6.74 inch) HD+ Display,4.2,10499,12999,155766,7470
935,"POCO M8 (Glacial Blue, 256 GB)",16% off,50MP Rear Camera | 20MP Front Camera,8 GB RAM | 256 GB ROM | Expandable Upto 1 TB,5520 mAh Battery,17.2 cm (6.77 inch) Full HD+ Display,4.6,20999,24999,731,61
936,"Coolpad CP12 Neo (Blue, 64 GB)",27% off,13MP Rear Camera | 5MP Front Camera,8 GB RAM | 64 GB ROM | Expandable Upto 512 GB,5000 mAh Battery,16.66 cm (6.56 inch) Display,,7299,9999,7161,549
937,"REDMI Note 15 5G (Mist Purple, 256 GB)",No Offer,108MP Rear Camera,8 GB RAM | 256 GB ROM,5520 mAh Battery,17.2 cm (6.77 inch) Display,4.6,28999,28999,60,4
938,Nokia 110 DS Power,13% off,1750 mAh Battery,4 MB RAM | 4 MB ROM,1 Year Replacement,5.08 cm (2 inch) Display,,1825,2099,7161,549
939,"REDMI 13c 5G (Starlight Black, 256 GB)",23% off,50MP Rear Camera,8 GB RAM | 256 GB ROM,5000 mAh Battery,17.12 cm (6.74 inch) Display,4.2,11490,15000,7833,376
940,itel Power 450 | 2.4 inch Big Display | 2500 mAh Battery | Type C Charging,21% off,0.8MP Rear Camera,32 MB RAM | 32 MB ROM | Expandable Upto 32 GB,2500 mAh Battery,6.1 cm (2.4 inch) Display,4.1,1490,1899,1373,97
941,"Samsung Galaxy A17 5G (Blue, 128 GB)",18% off,50MP + 5MP + 2MP | 13MP Front Camera,6 GB RAM | 128 GB ROM | Expandable Upto 2 TB,5000 mAh Battery,17.02 cm (6.7 inch) Full HD+ Display,4.3,18698,22999,403,23
942,"vivo V50e 5G (Pearl White, 128 GB)",20% off,50MP + 8MP | 50MP Front Camera,8 GB RAM | 128 GB ROM,5600 mAh Battery,17.2 cm (6.77 inch) Display,4.4,26999,33999,3220,182
943,"OPPO A6x 5G (Ice Blue, 128 GB)",2% off,13MP Rear Camera | 5MP Front Camera,6 GB RAM | 128 GB ROM,6500 mAh Battery,17.14 cm (6.75 inch) HD+ Display,4.5,16999,17499,85,3
944,"REDMI Note 14 5G (Crimson Art, 256 GB)",24% off,50MP Rear Camera,8 GB RAM | 256 GB ROM,5110 mAh Battery,16.94 cm (6.67 inch) Display,4.2,18990,24999,4330,240
945,"SIAVANTAGE Pro 4 (Cosmic Gold, 16 GB)",42% off,5MP Rear Camera,2 GB RAM | 16 GB ROM,2000 mAh Battery,7.62 cm (3 inch) Display,3.1,3999,6999,52,3
946,"Samsung Galaxy M16 5G (Mint Green, 128 GB)",15% off,50MP Rear Camera,4 GB RAM | 128 GB ROM,5000 mAh Battery,17.02 cm (6.7 inch) Display,4.1,13499,15999,559,20
947,"Samsung Galaxy M16 5G (Thunder Black, 128 GB)",15% off,50MP Rear Camera,4 GB RAM | 128 GB ROM,5000 mAh Battery,17.02 cm (6.7 inch) Display,4.1,13499,15999,559,20
948,"realme GT 7T (IceSense Blue, 256 GB)",12% off,50MP + 8MP | 32MP Front Camera,8 GB RAM | 256 GB ROM,7000 mAh Li-ion Battery,17.27 cm (6.8 inch) Full HD+ AMOLED Display,4.3,34999,39999,714,62
949,Kechaoda K28,16% off,0.3MP Rear Camera,32 MB RAM | 64 MB ROM | Expandable Upto 16 GB,1700 mAh Battery,6.1 cm (2.4 inch) QVGA Display,4,1249,1499,5339,383
950,Kechaoda A27,41% off,0MP | 0MP Front Camera,32 MB RAM | 32 MB ROM | Expandable Upto 16 GB,800 mAh Battery,1.68 cm (0.66 inch) QVGA Display,4,930,1599,16259,869
951,"vivo V40e 5G (Royal Bronze, 128 GB)",26% off,50MP + 8MP | 50MP Front Camera,8 GB RAM | 128 GB ROM,5500 mAh Battery,17.2 cm (6.77 inch) Display,4.4,24999,33999,10745,699
952,"vivo V50e 5G (Sapphire Blue, 256 GB)",19% off,50MP + 8MP | 50MP Front Camera,8 GB RAM | 256 GB ROM,5600 mAh Battery,17.2 cm (6.77 inch) Display,4.4,28999,35999,3220,182
953,"realme P3 Ultra 5G (Glowing Lunar White, 256 GB)",25% off,50MP + 8MP | 16MP Front Camera,12 GB RAM | 256 GB ROM,6000 mAh Battery,17.35 cm (6.83 inch) Display,4.5,26999,35999,4105,374
954,"OPPO A6x 5G (Olive Green, 64 GB)",6% off,13MP Rear Camera | 5MP Front Camera,4 GB RAM | 64 GB ROM,6500 mAh Battery,17.14 cm (6.75 inch) HD+ Display,4.6,13499,14499,99,2
955,"Samsung Galaxy S24 Ultra 5G (Titanium Gray, 256 GB)",19% off,200MP + 50MP + 12MP + 10MP | 12MP Front Camera,12 GB RAM | 256 GB ROM,5000 mAh Battery,17.27 cm (6.8 inch) Quad HD+ Display,4.6,108799,134999,7664,558
956,"REDMI Note-14 Pro+ 5G (Titan Black, 256 GB)",23% off,50MP + 50MP + 8MP | 20MP Front Camera,8 GB RAM | 256 GB ROM,6200 mAh Battery,16.94 cm (6.67 inch) Display,4.4,28449,36999,565,28
957,Nokia 3210 4G,21% off,2MP Rear Camera,64 MB RAM | 64 MB ROM,1450 mAh Battery,6.1 cm (2.4 inch) Display,3.6,4154,5299,825,64
958,"OPPO Reno15 5G (Glacier White, 512 GB)",10% off,50MP + 50MP + 8MP | Yes,12 GB RAM | 512 GB ROM,6500 mAh Battery,16.74 cm (6.59 inch) Full HD+ Display,4.6,53999,59999,142,11
959,"OPPO Reno15 5G (Twilight Blue, 256 GB)",10% off,50MP + 50MP + 8MP | Yes,12 GB RAM | 256 GB ROM,6500 mAh Battery,16.74 cm (6.59 inch) Full HD+ Display,4.6,48999,54999,142,11
960,"Coolpad CP12 Neo (Gold, 64 GB)",27% off,13MP Rear Camera | 5MP Front Camera,8 GB RAM | 64 GB ROM | Expandable Upto 512 GB,5000 mAh Battery,16.66 cm (6.56 inch) Display,,7299,9999,7161,549
961,"OPPO Reno15 5G (Glacier White, 512 GB)",10% off,50MP + 50MP + 8MP | Yes,12 GB RAM | 512 GB ROM,6500 mAh Battery,16.74 cm (6.59 inch) Full HD+ Display,4.6,53999,59999,142,11
962,"realme P3 Ultra 5G (Glowing Lunar White, 256 GB)",25% off,50MP + 8MP | 16MP Front Camera,12 GB RAM | 256 GB ROM,6000 mAh Battery,17.35 cm (6.83 inch) Display,4.5,26999,35999,4105,374
963,"realme P3 Ultra 5G (Neptune Blue, 128 GB)",25% off,50MP + 8MP | 16MP Front Camera,8 GB RAM | 128 GB ROM,6000 mAh Battery,17.35 cm (6.83 inch) Display,4.4,23999,31999,19876,1921
964,"Samsung Galaxy S25 Ultra 5G (Titanium Whitesilver, 256 GB)",15% off,200MP + 50MP + 50MP + 10MP | 12MP Front Camera,12 GB RAM | 256 GB ROM,5000 mAh Battery,17.53 cm (6.9 inch) Quad HD+ Display,4.6,109988,129999,2594,262
965,Kechaoda K-0115 light Pink,33% off,0.3MP Rear Camera,32 MB RAM | 32 MB ROM,850 mAh Battery,3.66 cm (1.44 inch) QVGA Display,4.1,999,1499,22,1
966,"REDMI Note 14 Pro 5G (Phantom Purple, 256 GB)",22% off,50MP + 8MP + 2MP | 20MP Front Camera,8 GB RAM | 256 GB ROM,5500 mAh Battery,16.94 cm (6.67 inch) Display,4.4,23999,30999,5513,380
967,"REDMI 15C 5G (Dusk Purple, 128 GB)",13% off,50MP Rear Camera,6 GB RAM | 128 GB ROM,6000 mAh Battery,17.53 cm (6.9 inch) Display,4.3,13900,15999,69,3
968,LAVA Hero Shakti 2025,22% off,0MP | 0MP Front Camera,4 MB RAM | 32 GB ROM | Expandable Upto 32 GB,800 mAh Battery,4.57 cm (1.8 inch) HQVGA Display,4.1,929,1199,391,17
969,"REDMI Note 15 5G (Mist Purple, 256 GB)",No Offer,108MP Rear Camera,8 GB RAM | 256 GB ROM,5520 mAh Battery,17.2 cm (6.77 inch) Display,4.6,28999,28999,60,4
970,"Samsung Galaxy M16 5G (Mint Green, 128 GB)",15% off,50MP Rear Camera,4 GB RAM | 128 GB ROM,5000 mAh Battery,17.02 cm (6.7 inch) Display,4.1,13499,15999,559,20
971,"Samsung Galaxy M16 5G (Thunder Black, 128 GB)",15% off,50MP Rear Camera,4 GB RAM | 128 GB ROM,5000 mAh Battery,17.02 cm (6.7 inch) Display,4.1,13499,15999,559,20
972,"KARBONN K101i Dual SIM,Keypad Mobile,1.8''LCD,1000mAh Battery,TypeC USB,Memory Up to32GB",23% off,0MP | 0MP Front Camera,40 MB RAM | 35 MB ROM | Expandable Upto 32 GB,1000 mAh Battery,4.57 cm (1.8 inch) FWVGA Display,3.9,908,1190,275,16
973,"MOTOROLA g82 5G (Meterorite Grey, 128 GB)",37% off,50MP + 8MP + 2MP | 16MP Front Camera,6 GB RAM | 128 GB ROM | Expandable Upto 1 TB,5000 mAh Lithium Battery,16.76 cm (6.6 inch) Full HD+ Display,4.1,14999,23999,9970,1135
974,"realme P4 Pro 5G (Midnight Ivy, 256 GB)",3% off,50MP + 8MP | 50MP Front Camera,8 GB RAM | 256 GB ROM,7000 mAh Battery,17.27 cm (6.8 inch) Display,4.4,29999,30999,17945,1419
975,"realme P4 Pro 5G (Birch Wood, 256 GB)",3% off,50MP + 8MP | 50MP Front Camera,8 GB RAM | 256 GB ROM,7000 mAh Battery,17.27 cm (6.8 inch) Display,4.4,29999,30999,17945,1419
976,"realme P4 Pro 5G (Midnight Ivy, 128 GB)",3% off,50MP + 8MP | 50MP Front Camera,8 GB RAM | 128 GB ROM,7000 mAh Battery,17.27 cm (6.8 inch) Display,4.4,27999,28999,17945,1419
977,"hmd Touch 4G Dual Sim Feature Phone, Cloud Phone Apps, Wi-Fi & Hotspot (Dark Blue, 128 MB)",14% off,2MP Rear Camera,4 MB RAM | 128 MB ROM,1950 mAh Battery,8.13 cm (3.2 inch) Display,3.7,4274,4999,77,7
978,"realme 15 5G (Flowing Silver, 128 GB)",3% off,50MP + 8MP | 50MP Front Camera,8 GB RAM | 128 GB ROM,7000 mAh Battery,17.27 cm (6.8 inch) Display,4.4,28999,29999,10672,863
979,"realme 15 5G (Flowing Silver, 256 GB)",3% off,50MP + 8MP | 50MP Front Camera,8 GB RAM | 256 GB ROM,7000 mAh Battery,17.27 cm (6.8 inch) Display,4.4,30999,31999,10672,863
980,"realme 15 5G (Silk Pink, 256 GB)",3% off,50MP + 8MP | 50MP Front Camera,8 GB RAM | 256 GB ROM,7000 mAh Battery,17.27 cm (6.8 inch) Display,4.4,30999,31999,10672,863
981,"realme 15 5G (Velvet Green, 256 GB)",3% off,50MP + 8MP | 50MP Front Camera,8 GB RAM | 256 GB ROM,7000 mAh Battery,17.27 cm (6.8 inch) Display,4.4,30999,31999,10672,863
982,"realme 15 5G (Velvet Green, 128 GB)",3% off,50MP + 8MP | 50MP Front Camera,8 GB RAM | 128 GB ROM,7000 mAh Battery,17.27 cm (6.8 inch) Display,4.4,28999,29999,10672,863
983,"realme 15 5G (Silk Pink, 128 GB)",3% off,50MP + 8MP | 50MP Front Camera,8 GB RAM | 128 GB ROM,7000 mAh Battery,17.27 cm (6.8 inch) Display,4.4,28999,29999,10672,863
